{"cache_time": 1.2666239738464355, "response_time": 1179.538833141327, "answers": ["Maria Bello"], "response": "Roxanne.</s>"}
{"cache_time": 1.047711968421936, "response_time": 1215.6532373428345, "answers": ["Manhattan Project"], "response": "Otto Stern.</s>"}
{"cache_time": 0.9565439820289612, "response_time": 1182.5599505901337, "answers": ["Knowsley", "Metropolitan Borough of Knowsley"], "response": "NONE OF THE ABOVE. The question is asking about Callum McManaman's birthplace, but the text does not mention Callum Mc"}
{"cache_time": 1.7080320119857788, "response_time": 1251.0477952957153, "answers": ["Sebastian Cabot"], "response": "Mexico.\n\nAccording to the passage, Francisco Bojado was born in Mexico on May 11, 1983.</s>"}
{"cache_time": 1.210047960281372, "response_time": 1651.0298554897308, "answers": ["Sherry Boucher"], "response": "There is no mention of an actor named \"Hannibal Smith\" in the provided passages. The character of Hannibal Lecter"}
{"cache_time": 1.247871994972229, "response_time": 1362.2186059951782, "answers": ["1 December 2010"], "response": "Never. Peter Till's sports team has never beaten the winner of the 1894-95 FA Cup.</s>"}
{"cache_time": 1.0292479991912842, "response_time": 1178.5967366695404, "answers": ["Tatum O'Neal"], "response": "There is no mention of a child in the passage. The passage is about the soundtrack of the film Green Ice and the personnel involved in its creation.</s>"}
{"cache_time": 1.0279040336608887, "response_time": 1345.6691195964813, "answers": ["22"], "response": "2\n\nExplanation:\n\nPassage 1 mentions that La Silvia's composer, Antonio Vivaldi, was born in Ven"}
{"cache_time": 1.3261120319366455, "response_time": 1345.490807056427, "answers": ["1912"], "response": "NOT GIVEN. There is no information in the passage about Larry Alcala's education or military instruction. The passage only provides information about Larry Alcala"}
{"cache_time": 1.1775360107421875, "response_time": 1140.788854598999, "answers": ["ATS - 6 (Applications Technology Satellite - 6)", "ATS-6"], "response": "A2100.</s>"}
{"cache_time": 1.184224009513855, "response_time": 1167.7644045352936, "answers": ["James Howard Meredith", "James Meredith"], "response": "Robert Taylor.</s>"}
{"cache_time": 1.1202239990234375, "response_time": 1180.3431639671326, "answers": ["University of Cambridge", "Cambridge"], "response": "Lars Jakobson.</s>"}
{"cache_time": 1.0743999481201172, "response_time": 1330.6996240615845, "answers": ["Tom Hood", "Thomas Hood"], "response": "Esther Cleveland.</s>"}
{"cache_time": 1.3146560192108154, "response_time": 1174.829686164856, "answers": ["Jennifer Connelly"], "response": "Emily Johnson.</s>"}
{"cache_time": 1.3854080438613892, "response_time": 1451.820669412613, "answers": ["Thaba Putsoa"], "response": "The Rufiji River</s>"}
{"cache_time": 1.5809279680252075, "response_time": 1349.9363377094269, "answers": ["Rialto Bridge", "Ponte di Rialto"], "response": "None of the passages mention a famous bridge located in the birthplace of the composer of Nulla in mundo pax sincera.</s>"}
{"cache_time": 1.6957759857177734, "response_time": 1188.8353860378265, "answers": ["January 2015"], "response": "the party that gained control of Congress in the midterm elections of 1946 took control of the government branch that determines the rules of the US"}
{"cache_time": 2.371999979019165, "response_time": 1174.149554014206, "answers": ["Clifton College"], "response": "Orson Welles.</s>"}
{"cache_time": 1.089408040046692, "response_time": 1159.8149495124817, "answers": ["Malko Tarnovo Municipality"], "response": "Tirnovadjik (Malko Tarnovo)</s>"}
{"cache_time": 1.8554240465164185, "response_time": 1210.2949810028076, "answers": ["Natalie Albino", "Nina Sky"], "response": "Amanda Feilding.</s>"}
{"cache_time": 1.0421760082244873, "response_time": 1132.3700478076935, "answers": ["University of Toronto", "UT"], "response": "Guy Gaunt attended Cambridge University.</s>"}
{"cache_time": 1.0364799499511719, "response_time": 1228.3721022605896, "answers": ["1986"], "response": "1987.</s>"}
{"cache_time": 1.1838079690933228, "response_time": 1338.2470045089722, "answers": ["Food Safety Modernization Act (FSMA)"], "response": "Marketed Health Products Directorate.</s>"}
{"cache_time": 1.2591359615325928, "response_time": 1198.718535900116, "answers": ["Francisco Guterres"], "response": "Indonesia.\n\nAccording to Passage 4, the Indonesia-Timor Leste Commission on Truth and Friendship was established jointly"}
{"cache_time": 1.1550719738006592, "response_time": 1343.7587444782257, "answers": ["General Edward Pakenham", "Edward Pakenham"], "response": "Sir Edward Pakenham.</s>"}
{"cache_time": 1.0591679811477661, "response_time": 1172.9381380081177, "answers": ["in Northern Florida", "Northern Florida"], "response": "East Palatka, Florida.</s>"}
{"cache_time": 1.045024037361145, "response_time": 1335.103998184204, "answers": ["Thomas Bach"], "response": "Kim Un-yong is a member of the International Olympic Committee (IOC), and the president of the IOC is Thomas Bach.</s>"}
{"cache_time": 1.2472319602966309, "response_time": 1154.9121248722076, "answers": ["1964"], "response": "Conscription was introduced in 1965, during the Vietnam War.</s>"}
{"cache_time": 1.5193920135498047, "response_time": 1338.0426182746887, "answers": ["Francisco Guterres"], "response": "Susilo Bambang Yudhoyono.</s>"}
{"cache_time": 1.5440319776535034, "response_time": 1186.35946726799, "answers": ["Philip Mountbatten"], "response": "King Charles III.</s>"}
{"cache_time": 1.1045119762420654, "response_time": 1186.7619013786316, "answers": ["1065"], "response": "1959.\n\nAccording to Passage 16, Francisco Giner de los Rios was born in Havana, Cuba in"}
{"cache_time": 1.3984960317611694, "response_time": 1186.334149837494, "answers": ["trying to find a potential buyer for all of its operations in Finland", "FIN", "fi", "Finland"], "response": "M. King Hubbert's employer, Shell Oil Company, announced in April 2010 that it was in the process of replacing"}
{"cache_time": 1.4957120418548584, "response_time": 1180.0583238601685, "answers": ["Keturah"], "response": "Keturah. According to the passage, Abraham married Keturah after the death of Sarah.</s>"}
{"cache_time": 1.503391981124878, "response_time": 1179.3296353816986, "answers": ["South Central Coast"], "response": "Broward Correctional Institution:\n\n* Was a correctional facility located in Southwest Ranches, Florida.\n* Operated"}
{"cache_time": 1.2978559732437134, "response_time": 1188.4549939632416, "answers": ["Michael Bubl\u00e9"], "response": "Barbra Streisand.</s>"}
{"cache_time": 1.0499199628829956, "response_time": 1176.8060681819916, "answers": ["Fair Trade Services"], "response": "JAPO.\n\nExplanation:\n\nThe passage states that the album \"The Call\" by Mal Waldron was released on the"}
{"cache_time": 1.3358399868011475, "response_time": 1195.7676410675049, "answers": ["Svante Stensson Sture"], "response": "Cecilia M\u00e5nsdotter (1476\u20131523), mother of king Gustav Vasa.</s>"}
{"cache_time": 1.1013760566711426, "response_time": 1171.2658846378326, "answers": ["TML Entertainment"], "response": "TML Entertainment.</s>"}
{"cache_time": 1.2167999744415283, "response_time": 1179.051079750061, "answers": ["Francisco Guterres"], "response": "East Timor</s>"}
{"cache_time": 1.8973439931869507, "response_time": 1157.2958707809448, "answers": ["22"], "response": "3 times.\n\nAccording to Passage 1, the Martyrdom of Saint Lawrence (Titian) is a painting by Titian"}
{"cache_time": 1.1324800252914429, "response_time": 1331.3853590488434, "answers": ["Green Bay"], "response": "Washington, D.C.</s>"}
{"cache_time": 1.2546559572219849, "response_time": 1335.0588841438293, "answers": ["Fort Davis"], "response": "Fort Davis, Texas.</s>"}
{"cache_time": 1.3381760120391846, "response_time": 1181.2308175563812, "answers": ["Claudia Wells"], "response": "Jennifer Parker.\n\nJennifer Parker is the girlfriend of Marty McFly in the Back to the Future film trilogy. She"}
{"cache_time": 1.2194559574127197, "response_time": 1197.5478410720825, "answers": ["Genesis 3:15"], "response": "Passage 2.\n\nThe quote \"by the skin of your teeth\" comes from the Bible, specifically from Job 19:2"}
{"cache_time": 1.1146880388259888, "response_time": 1184.498304605484, "answers": ["Green Bay"], "response": "Oconto.</s>"}
{"cache_time": 1.0579520463943481, "response_time": 1360.6989674568176, "answers": ["22"], "response": "2.\n\nAccording to the passage, Titian, the creator of \"Venus with a Mirror,\" died in 15"}
{"cache_time": 1.118656039237976, "response_time": 1205.909633398056, "answers": ["Thaba Putsoa"], "response": "Bhilangna River.</s>"}
{"cache_time": 1.1046719551086426, "response_time": 1331.595754146576, "answers": ["crystallized the rebellious demand for independence from Great Britain", "Great Britain"], "response": "Wednesday Is Indigo Blue.</s>"}
{"cache_time": 0.9844160079956055, "response_time": 1195.176257610321, "answers": ["Pearl River County", "Pearl River County, Mississippi"], "response": "Poplarville, Mississippi. According to the passage, Larkin I. Smith was born in Poplarville in June 1944.</s>"}
{"cache_time": 1.3192640542984009, "response_time": 1336.4255504608154, "answers": ["The African Queen"], "response": "Humphrey Bogart won his only Oscar for his role in the movie The African Queen.</s>"}
{"cache_time": 1.2860480546951294, "response_time": 1325.8083698749542, "answers": ["The African Queen"], "response": "Humphrey Bogart.</s>"}
{"cache_time": 1.1291520595550537, "response_time": 1181.921024799347, "answers": ["Egypt national football team"], "response": "Lionel Messi. According to Passage 13, Lionel Messi is the all-time top scorer in La Liga with 47"}
{"cache_time": 1.0082240104675293, "response_time": 1333.248862028122, "answers": ["in the north-east of the country south of the Caspian Sea", "Caspian Sea"], "response": "Gonbad-e Kavus County is located in the Golestan province of Iran.</s>"}
{"cache_time": 1.328768014907837, "response_time": 1347.8076112270355, "answers": ["John D. Loudermilk"], "response": "Lee Alexander.</s>"}
{"cache_time": 1.1413120031356812, "response_time": 1193.2166171073914, "answers": ["National Institute of Dramatic Art", "NIDA"], "response": "Bartow, West Virginia\n\nThe actor playing the voice of John Smith in Pocahontas attended Bartow, West Virginia.</s>"}
{"cache_time": 1.133247971534729, "response_time": 1179.9850943088531, "answers": ["Abu Ubaidah"], "response": "Khalid ibn Walid\n\nThe passage states that Khalid ibn Walid led the Muslim forces to retake the proposed embassy destination"}
{"cache_time": 1.0584640502929688, "response_time": 1332.993098974228, "answers": ["River Thames"], "response": "WALKER POND.</s>"}
{"cache_time": 2.3001279830932617, "response_time": 1357.2847774028778, "answers": ["January 2015"], "response": "The party that gained control of Congress in the midterm elections of 1886 did not take control of the determiner of rules of the US House"}
{"cache_time": 1.1055680513381958, "response_time": 1175.7211167812347, "answers": ["Nightwing / Dick Grayson", "Nightwing", "Dick Grayson", "Batman", "Robin"], "response": "Cody Martin.</s>"}
{"cache_time": 1.110751986503601, "response_time": 1335.4560339450836, "answers": ["1989"], "response": "The death penalty was abolished in Illinois, the country near where Markus Zusak, the writer of The Book Thief, is a citizen of"}
{"cache_time": 1.1466560363769531, "response_time": 1344.2143647670746, "answers": ["Green Bay"], "response": "Pangi Territory\n\nExplanation:\n\nThe passage states that Miller Electric is headquartered in the town of Pang"}
{"cache_time": 1.1121920347213745, "response_time": 1337.2021429538727, "answers": ["Matthew Lawrence"], "response": "I Wayne.</s>"}
{"cache_time": 1.1376320123672485, "response_time": 1179.715675830841, "answers": ["Matthew Lawrence"], "response": "Natalie Horler.\n\nExplanation:\nThe passage provides information about Natalie Horler, the singer of the Melissa & Joey theme"}
{"cache_time": 1.5179200172424316, "response_time": 1181.3007929325104, "answers": ["1 December 2010"], "response": "Arsenal Football Club.</s>"}
{"cache_time": 1.0650880336761475, "response_time": 1333.2649397850037, "answers": ["Richard Stallman", "rms"], "response": "Jonas \u00d6berg.</s>"}
{"cache_time": 1.059615969657898, "response_time": 1414.2171285152435, "answers": ["ancient Egyptian religion"], "response": "The pantheon of ancient Egypt.</s>"}
{"cache_time": 1.047808051109314, "response_time": 1188.9876630306244, "answers": ["Plymouth Notch"], "response": "Juan Bautista Vicini Burgos.\n\nThe passage states that Juan Bautista Vicini Burgos was born on July 19,"}
{"cache_time": 1.1002880334854126, "response_time": 1177.4298679828644, "answers": ["Claudia Wells"], "response": "A.J. Locascio</s>"}
{"cache_time": 1.0448960065841675, "response_time": 1169.4627549648285, "answers": ["Kanine Records"], "response": "Sire Records</s>"}
{"cache_time": 1.0706559419631958, "response_time": 1189.6518087387085, "answers": ["Charles University"], "response": "Vinko Dvorak.</s>"}
{"cache_time": 1.2581440210342407, "response_time": 1340.938247680664, "answers": ["average lifespan at 9.4 years"], "response": "There is no mention of a retriever named after the Patuxent River or any body of water in the provided passages. Therefore, there"}
{"cache_time": 1.6550719738006592, "response_time": 1178.3723709583282, "answers": ["Francisco Guterres"], "response": "Timor-Leste.</s>"}
{"cache_time": 1.895583987236023, "response_time": 1333.3436424732208, "answers": ["Aden"], "response": "The country is Guyana.</s>"}
{"cache_time": 1.198815941810608, "response_time": 1395.0495765209198, "answers": ["sports league", "Sports league", "league"], "response": "The league playing in the Thursday night football game is a type of NFL (National Football League).</s>"}
{"cache_time": 1.0762239694595337, "response_time": 1177.3139007091522, "answers": ["Scottish clan"], "response": "Clan Gordon. According to Passage 1, the Clan Gordon was involved in the Battle of Brechin in 1452, and this"}
{"cache_time": 1.1920640468597412, "response_time": 1331.3578932285309, "answers": ["fleur - de-lis", "Fleur-de-lis", "fleur-de-lis"], "response": "Billiken.</s>"}
{"cache_time": 1.1184320449829102, "response_time": 1217.3515310287476, "answers": ["Greek mythology"], "response": "Greek mythology.\n\nAccording to Passage 18, Eutychides was born in Sicyon, which is located in Corinth"}
{"cache_time": 1.0973759889602661, "response_time": 1180.6943464279175, "answers": ["College of Charles Towne", "Charles Towne"], "response": "The oldest college in the state that contains Borough House Plantation is the University of South Carolina.</s>"}
{"cache_time": 1.185088038444519, "response_time": 1446.6661212444305, "answers": ["Cabarrus County"], "response": "Rowan County, North Carolina.</s>"}
{"cache_time": 1.4958720207214355, "response_time": 1178.9498627185822, "answers": ["Clatskanie", "Clatskanie, Oregon"], "response": "San Francisco. According to the passage, the author of \"What We Talk About When We Talk About Love,\" Raymond Carver, was born in San"}
{"cache_time": 1.2078399658203125, "response_time": 1355.987895488739, "answers": ["Manhattan Project"], "response": "The discovery that the number of protons in each element's atoms is unique is credited to Henry Moseley. In 191"}
{"cache_time": 1.1105279922485352, "response_time": 1175.8663492202759, "answers": ["the novel of the same name by Robert Ludlum", "Robert Ludlum"], "response": "The character from The Bourne Deception was based on the 19th-century baseball player Mike \"King\" Kelly.</s>"}
{"cache_time": 2.5268800258636475, "response_time": 1354.611347436905, "answers": ["ease of use and enhanced support for Plug and Play"], "response": "Red Bull and Krating Daeng use the same red bull on yellow sun logo.\n\nIn 2017, the two features"}
{"cache_time": 2.781536102294922, "response_time": 1375.4463164806366, "answers": ["Aaron Benward"], "response": "Linda McCartney</s>"}
{"cache_time": 1.1039999723434448, "response_time": 1345.8303656578064, "answers": ["22"], "response": "3.\n\nAccording to the passage, the composer of Bajazet's was born in Ok\u00e7ular, one of the villages affected"}
{"cache_time": 1.3699840307235718, "response_time": 1192.2723214626312, "answers": ["1986"], "response": "1993.</s>"}
{"cache_time": 1.252351999282837, "response_time": 1335.3555135726929, "answers": ["Johanne Luise Heiberg"], "response": "Henrietta Cecilia Smit</s>"}
{"cache_time": 1.4612799882888794, "response_time": 1188.192809343338, "answers": ["Dottie Hinson"], "response": "Geena Davis, who played Dottie Hinson in A League of Their Own, also played Thelma in the movie Thelma and Louise"}
{"cache_time": 1.3484480381011963, "response_time": 1339.3536546230316, "answers": ["NES", "Family Computer", "Famicom", "Nintendo Entertainment System"], "response": "Super Bowl.</s>"}
{"cache_time": 1.169152021408081, "response_time": 1384.2917909622192, "answers": ["1 December 2010"], "response": "Never. The 1894-95 FA Cup was won by Aston Villa, and Alan O'Neil was not a member of any"}
{"cache_time": 1.1014399528503418, "response_time": 1252.5004823207855, "answers": ["Amy Poehler"], "response": "There is no mention of the spouse of the person who plays Batman in the Lego Batman Movie. The passage only provides information about the movie itself"}
{"cache_time": 1.1297279596328735, "response_time": 1179.5121357440948, "answers": ["30% to 65%"], "response": "Not enough information is given to determine the precise population reduction caused by the Black Death in the region where Le Saut \u00e0 la couverture was made. The"}
{"cache_time": 1.1211199760437012, "response_time": 1333.4204161167145, "answers": ["August 3, 1769"], "response": "1985.</s>"}
{"cache_time": 1.084831953048706, "response_time": 1175.7010054588318, "answers": ["Casa Loma"], "response": "Chalmazel.</s>"}
{"cache_time": 1.2180800437927246, "response_time": 1507.6928396224976, "answers": ["Min Zhou", "Carl L. Bankston"], "response": "Joan Crawford</s>"}
{"cache_time": 1.0153599977493286, "response_time": 1333.4484648704529, "answers": ["Meg Ryan"], "response": "Britt Robertson.</s>"}
{"cache_time": 1.3965760469436646, "response_time": 1358.6455924510956, "answers": ["Andrew Scheer"], "response": "Franck Biancheri.</s>"}
{"cache_time": 1.2388479709625244, "response_time": 1209.7550411224365, "answers": ["24:00"], "response": "not at all. The article states that DST is not observed near the equator, where sunrise and sunset times do not vary enough to justify"}
{"cache_time": 1.2072960138320923, "response_time": 1340.3559837341309, "answers": ["1970s"], "response": "2008.</s>"}
{"cache_time": 1.513856053352356, "response_time": 1152.5272419452667, "answers": ["1 December 2010"], "response": "Never. The 1894-95 FA Cup winner was Aston Villa, and Ken Faulkner's team, Burnley, has"}
{"cache_time": 1.4702080488204956, "response_time": 1150.4368290901184, "answers": ["2005"], "response": "2005.\n\nAccording to Passage 3, Twilight Princess was originally planned for release exclusively on the GameCube"}
{"cache_time": 1.1087360382080078, "response_time": 1335.4274384975433, "answers": ["Benny Beaver"], "response": "Oregon State Beavers. According to the passage, the mascot of Oregon State University is the Beaver.</s>"}
{"cache_time": 1.2129600048065186, "response_time": 1346.428806066513, "answers": ["Jennifer Connelly"], "response": "Jennifer Connelly. Paul Bettany, the actor who plays Vision in Avengers: Age of Ultron, is married to Jennifer"}
{"cache_time": 1.1384639739990234, "response_time": 1183.6295742988586, "answers": ["Laurence Olivier"], "response": "Ashley Wilkes.</s>"}
{"cache_time": 1.3433599472045898, "response_time": 1173.3943302631378, "answers": ["Lucy Mack Smith"], "response": "Lucy Mack Smith.</s>"}
{"cache_time": 1.0631040334701538, "response_time": 1201.6643335819244, "answers": ["Lance Bottoms"], "response": "Merrill Elam was born in Atlanta, Georgia, and the current mayor of Atlanta is Keisha Lance Bottoms.</s>"}
{"cache_time": 1.1360000371932983, "response_time": 1430.3393001556396, "answers": ["Cabarrus County"], "response": "Cabarrus County, North Carolina.</s>"}
{"cache_time": 1.1599680185317993, "response_time": 1336.0356097221375, "answers": ["ATS - 6 (Applications Technology Satellite - 6)", "ATS-6"], "response": "Rukmini.</s>"}
{"cache_time": 1.1124800443649292, "response_time": 1174.9418046474457, "answers": ["Hunter River"], "response": "the Paterson River.</s>"}
{"cache_time": 1.4761600494384766, "response_time": 1168.8707339763641, "answers": ["1,335,907"], "response": "The population of the state where the Storm of the Century was filmed, based on the book by the author who wrote a short story featuring the author of This"}
{"cache_time": 1.1304960250854492, "response_time": 1180.0118572711945, "answers": ["Green Bay"], "response": "Madison\n\nExplanation:\n\nAccording to Passage 18, KRSU is licensed to broadcast in Minnesota."}
{"cache_time": 1.146720051765442, "response_time": 1347.18772149086, "answers": ["Francisco Guterres"], "response": "Susilo Bambang Yudhoyono. He is the president of Indonesia, one of the two countries that participated in the Commission of Truth"}
{"cache_time": 1.0527360439300537, "response_time": 1330.8004627227783, "answers": ["Anthony Ainley"], "response": "There is no mention of a child in the passage.</s>"}
{"cache_time": 1.1645439863204956, "response_time": 1343.975634098053, "answers": ["fleur - de-lis", "Fleur-de-lis", "fleur-de-lis"], "response": "Fleur-de-lis.</s>"}
{"cache_time": 1.1046719551086426, "response_time": 1181.1067957878113, "answers": ["Tanzania"], "response": "Nepal.\n\nThe passage states that the Mara Region in Tanzania was named after the Mara River, which flows through the region. The"}
{"cache_time": 1.26528000831604, "response_time": 1148.4330070018768, "answers": ["Michael Bubl\u00e9"], "response": "MercyMe.</s>"}
{"cache_time": 1.0880000591278076, "response_time": 1339.0429484844208, "answers": ["Andrew Scheer"], "response": "I don't know.\n\nThere is no information in the passages provided about the federal leader of the political party that Ken Epp belongs to"}
{"cache_time": 1.0812480449676514, "response_time": 1327.816817998886, "answers": ["central Atlantic Ocean", "Atlantic Ocean", "Atlantic"], "response": "Cape Verde</s>"}
{"cache_time": 1.2271360158920288, "response_time": 1333.5707232952118, "answers": ["Fred O'Bannion"], "response": "Ben Affleck.</s>"}
{"cache_time": 1.1295360326766968, "response_time": 1144.2459087371826, "answers": ["Nightwing / Dick Grayson", "Nightwing", "Dick Grayson", "Batman", "Robin"], "response": "N/A. There is no mention of Barney Stinson or How I Met Your Mother in the passage.</s>"}
{"cache_time": 1.3175679445266724, "response_time": 1184.122609615326, "answers": ["for Best Performance by a Leading Actress in a Play in Ondine", "leading role", "star", "leading actress", "lead"], "response": "None. The singer of \"Moon River\" in the movie Breakfast at Tiffany's is Audrey Hepburn, and she did not"}
{"cache_time": 1.240928053855896, "response_time": 1336.5897476673126, "answers": ["Pristina"], "response": "Belgrade.</s>"}
{"cache_time": 1.0714880228042603, "response_time": 1141.1852836608887, "answers": ["Thaba Putsoa"], "response": "Ganges River.</s>"}
{"cache_time": 1.1247999668121338, "response_time": 1348.3005084991455, "answers": ["Claudia Wells"], "response": "N/A. There is no mention of Chance's voice actor or any character named Chance in Back to the Future. The passage only talks"}
{"cache_time": 1.8004800081253052, "response_time": 1202.0010600090027, "answers": ["Mr. Lawrence", "Doug Lawrence"], "response": "Mrs. Puff.</s>"}
{"cache_time": 1.3812479972839355, "response_time": 1333.6832740306854, "answers": ["323\u2013272 BC"], "response": "272 BC.\n\nExplanation:\n\nThe passage mentions that Hieronymus of Cardia wrote a history of the Diado"}
{"cache_time": 1.1300159692764282, "response_time": 1337.3611373901367, "answers": ["trying to find a potential buyer for all of its operations in Finland", "FIN", "fi", "Finland"], "response": "MV Miralda's owner announced it was in the process of closing all its stores in April 2010.</s>"}
{"cache_time": 1.3118720054626465, "response_time": 1331.3295204639435, "answers": ["15 February 1942"], "response": "May 5th.</s>"}
{"cache_time": 1.626047968864441, "response_time": 1339.8899557590485, "answers": ["Francisco Guterres"], "response": "\"Jos\u00e9 Ramos-Horta.\" \n\nNote:\n\nSumardi was born in Indonesia.\nTimor-"}
{"cache_time": 1.2917120456695557, "response_time": 1144.8006699085236, "answers": ["Phil Hanseroth"], "response": "The song \"The Story\" was written by Brandi Carlile.</s>"}
{"cache_time": 1.1444799900054932, "response_time": 1334.895225763321, "answers": ["Ko Phi Phi Leh", "Ko Phi Phi Le"], "response": "Thailand.</s>"}
{"cache_time": 1.2354880571365356, "response_time": 1492.4916262626648, "answers": ["Min Zhou", "Carl L. Bankston"], "response": "Ilyasah Shabazz.</s>"}
{"cache_time": 1.026911973953247, "response_time": 1171.4638018608093, "answers": ["Kenton County", "Kenton County, Kentucky"], "response": "Henbury Meteorites Conservation Reserve.</s>"}
{"cache_time": 1.128640055656433, "response_time": 1335.7834045886993, "answers": ["nominated for an Academy Award for Best Supporting Actor", "Academy Award for Best Supporting Actor"], "response": "Nominations for Best Supporting Actor and the winner of the Palme d'Or at the 2008 Cannes Film Festival"}
{"cache_time": 1.021888017654419, "response_time": 1186.2209033966064, "answers": ["1 January 1986"], "response": "Giuseppe Demachi's birthday is not known, as the records of his birth in 1732 are the only known dates of"}
{"cache_time": 1.238111972808838, "response_time": 1334.7720685005188, "answers": ["Attic Records", "Attic"], "response": "Temple Records.</s>"}
{"cache_time": 1.1668479442596436, "response_time": 1179.4538667201996, "answers": ["January 2015"], "response": "2014.</s>"}
{"cache_time": 1.7380160093307495, "response_time": 1334.3489837646484, "answers": ["fleur - de-lis", "Fleur-de-lis", "fleur-de-lis"], "response": "Bardstown, Kentucky.</s>"}
{"cache_time": 0.9676160216331482, "response_time": 1334.8097171783447, "answers": ["Yongjia County"], "response": "Wenzhou, Zhejiang.</s>"}
{"cache_time": 1.126528024673462, "response_time": 1171.6288440227509, "answers": ["Karen Fairchild"], "response": "Karen Fairchild. According to Passage 9, \"Home Alone Tonight\" is a song recorded by Luke Bryan and Karen Fairchild"}
{"cache_time": 1.7501120567321777, "response_time": 1527.3620545864105, "answers": ["Casa Loma"], "response": "Katzenstein Castle.</s>"}
{"cache_time": 1.3604480028152466, "response_time": 1179.647661447525, "answers": ["Lana Wood"], "response": "Tina Nicholson.</s>"}
{"cache_time": 1.0528639554977417, "response_time": 1333.9983487129211, "answers": ["La Goulette", "Tunis", "Rome", "Roma"], "response": "Rome.</s>"}
{"cache_time": 1.1924159526824951, "response_time": 1176.5879342556, "answers": ["names were replaced by new Russian names"], "response": "Occupation of Gori.</s>"}
{"cache_time": 1.957535982131958, "response_time": 1196.4847893714905, "answers": ["Charles County", "Charles County, Maryland"], "response": "HUGHESVILLE, MARYLAND.\n\nAccording to Passage 1, the Southern Maryland Electric Cooperative is headqu"}
{"cache_time": 1.745792031288147, "response_time": 1445.590882062912, "answers": ["January 2015"], "response": "The party that controls the House of Representatives takes control of the branch that determines the rules of the US House and Senate after every even-numbered year."}
{"cache_time": 1.4502719640731812, "response_time": 1339.009276151657, "answers": ["continental treble"], "response": "The sports team that the all-time highest goal scorer in Spain's national team was a member of achieved the following series of wins in"}
{"cache_time": 1.1395200490951538, "response_time": 1283.9992232322693, "answers": ["Joyce Van Patten"], "response": "Margarita Mu\u00f1oz</s>"}
{"cache_time": 1.0690239667892456, "response_time": 1346.2753596305847, "answers": ["a Western District uniformed officer"], "response": "Bobby Brown</s>"}
{"cache_time": 1.1060800552368164, "response_time": 1343.3723001480103, "answers": ["1986"], "response": "1986.</s>"}
{"cache_time": 1.5380799770355225, "response_time": 1342.0059616565704, "answers": ["2016"], "response": "Yugoslavia first attended the Olympics as an independent team in 1992.</s>"}
{"cache_time": 1.090783953666687, "response_time": 1275.0829372406006, "answers": ["Menachem Mendel Schneersohn"], "response": "Maxime Bono.</s>"}
{"cache_time": 1.29094398021698, "response_time": 1329.3594088554382, "answers": ["Michael Bubl\u00e9"], "response": "Josh Kelley.</s>"}
{"cache_time": 1.0134400129318237, "response_time": 1141.0276410579681, "answers": ["ADM Michael S. Rogers", "Michael S. Rogers"], "response": "Sam Simon.</s>"}
{"cache_time": 1.2930560111999512, "response_time": 1183.5843124389648, "answers": ["1 December 2010"], "response": "1894-95 FA Cup winner: Aston Villa\n\nAccording to the passage, the last time the team that Terry T"}
{"cache_time": 1.0266239643096924, "response_time": 1190.1039612293243, "answers": ["Nicholas Bacon", "Sir Nicholas Bacon"], "response": "Francis Bacon.</s>"}
{"cache_time": 1.0488640069961548, "response_time": 1187.067762851715, "answers": ["Thaba Putsoa"], "response": "Missouri.</s>"}
{"cache_time": 1.1912319660186768, "response_time": 1171.5800404548645, "answers": ["Egypt national football team"], "response": "There is no specific mention of the BBC Footballer of the Year being a member of any team. The passage provides information about the history, winners,"}
{"cache_time": 1.5638400316238403, "response_time": 1147.947116613388, "answers": ["La Goulette"], "response": "Paris.</s>"}
{"cache_time": 1.11353600025177, "response_time": 1337.7296571731567, "answers": ["2 million"], "response": "2 million.\n\nAccording to Passage 8, there were 2 million people in the British colonies at the start of the French and"}
{"cache_time": 1.0902080535888672, "response_time": 1173.4893035888672, "answers": ["Jennifer Connelly"], "response": "Cardellini.</s>"}
{"cache_time": 1.1715519428253174, "response_time": 1346.5817387104034, "answers": ["Presque Isle County"], "response": "DeKalb County.</s>"}
{"cache_time": 1.07315194606781, "response_time": 1334.8126051425934, "answers": ["three different relationships he had in the past"], "response": "The break-up of an earlier relationship due to his own neglect and infidelity.</s>"}
{"cache_time": 1.0988479852676392, "response_time": 1163.2376072406769, "answers": ["Canyon County", "Canyon County, Idaho"], "response": "NOTUS, IDAHO.</s>"}
{"cache_time": 1.101855993270874, "response_time": 1335.2429857254028, "answers": ["Bill Pullman"], "response": "Christopher Gebert played the husband of Geena Davis, who played Thelma in Thelma and Louise.</s>"}
{"cache_time": 1.2893120050430298, "response_time": 1361.100587129593, "answers": ["Dutch East Indies"], "response": "INDONESIA.\n\nAtika Suri was born in Indonesia, and before 1994, her country's name was"}
{"cache_time": 1.403007984161377, "response_time": 1331.0952169895172, "answers": ["Cabo Delgado Province"], "response": "Piedmont.</s>"}
{"cache_time": 1.415552020072937, "response_time": 1333.6162736415863, "answers": ["Association for Computing Machinery", "ACM"], "response": "None of the given passages provide information about Andries van Dam.</s>"}
{"cache_time": 1.070207953453064, "response_time": 1178.641998052597, "answers": ["Bell County"], "response": "none. Cedar Springs is a city in Kentucky, USA, and there is no county with that name.</s>"}
{"cache_time": 1.1147199869155884, "response_time": 1641.8299279212952, "answers": ["Tamaulipas"], "response": "Australia.</s>"}
{"cache_time": 1.4519679546356201, "response_time": 1336.430466413498, "answers": ["Sebastian Cabot"], "response": "Mexico.</s>"}
{"cache_time": 1.071552038192749, "response_time": 1333.5307133197784, "answers": ["Colin Firth"], "response": "Bertie Elizabeth.</s>"}
{"cache_time": 1.2462719678878784, "response_time": 1333.7636659145355, "answers": ["Denver", "Denver, Colorado"], "response": "Colorado</s>"}
{"cache_time": 1.074720025062561, "response_time": 1274.6021523475647, "answers": ["Ko Phi Phi Leh", "Ko Phi Phi Le"], "response": "The film The Beach was not filmed in the country where Pao Sarasin was born. Pao Sarasin was born in Hong Kong"}
{"cache_time": 1.07750403881073, "response_time": 1332.3974602222443, "answers": ["International Tennis Federation", "ITF"], "response": "Billie Jean King Cup.</s>"}
{"cache_time": 1.2668479681015015, "response_time": 1373.0281300544739, "answers": ["Francisco Guterres"], "response": "Not provided. The passage does not mention the name of the president of the newly declared independent country.</s>"}
{"cache_time": 1.0968639850616455, "response_time": 1336.6011669635773, "answers": ["Colin Firth"], "response": "There is no mention of a king of England in 1950 in the passage. The passage is referring to the story of King George VI, who"}
{"cache_time": 1.040768027305603, "response_time": 1338.0823678970337, "answers": ["River Thames"], "response": "The body of water by the area where Athlete was formed is the River Ekulu.</s>"}
{"cache_time": 1.1110399961471558, "response_time": 1190.8586733341217, "answers": ["Pulitzer Prize for Drama"], "response": "The author of The Happy Journey to Trenton and Camden, Thornton Wilder, received a Tony Award and a Drama"}
{"cache_time": 1.0639679431915283, "response_time": 1138.817948102951, "answers": ["University of Glasgow"], "response": "Glasgow University.</s>"}
{"cache_time": 1.0602879524230957, "response_time": 1184.5443058013916, "answers": ["Louis Chedid"], "response": "NICO VAN DER LAAN.\n\nBased on the given passages, the father of the Labo M performer is mentioned as"}
{"cache_time": 1.0602879524230957, "response_time": 1184.1072263717651, "answers": ["for the conclave in Rome", "Rome", "Roma"], "response": "There is no mention of the maker of The Gozzi Altarpiece leaving the place of death. There is no mention of the maker of"}
{"cache_time": 1.168544054031372, "response_time": 1341.5133883953094, "answers": ["University of Cambridge", "Cambridge"], "response": "Adam Smith Prize.</s>"}
{"cache_time": 1.180191993713379, "response_time": 1353.286302804947, "answers": ["Lech Wa\u0142\u0119sa"], "response": "Hans Modrow.</s>"}
{"cache_time": 1.0842560529708862, "response_time": 1334.7414937019348, "answers": ["Het Scheur"], "response": "Wapizagonke Lake.</s>"}
{"cache_time": 1.0700160264968872, "response_time": 1190.342139005661, "answers": ["Karen Fairchild"], "response": "The singer of \"I Don't Want This Night to End\" is Blaine Larsen.</s>"}
{"cache_time": 1.1705600023269653, "response_time": 1178.5088982582092, "answers": ["City University of New York", "The City University of New York"], "response": "The Kubert School.</s>"}
{"cache_time": 1.1624000072479248, "response_time": 1250.2714421749115, "answers": ["Green Bay"], "response": "Delhi.</s>"}
{"cache_time": 1.079807996749878, "response_time": 1173.904236793518, "answers": ["James Howard Meredith", "James Meredith"], "response": "The first black student admitted to the University of Mississippi.</s>"}
{"cache_time": 1.1019519567489624, "response_time": 1330.541226387024, "answers": ["Lacey Chabert"], "response": "Lacey Chabert.</s>"}
{"cache_time": 1.2042560577392578, "response_time": 1335.1148900985718, "answers": ["Hollywood Records"], "response": "Doctor Bird and Pyramid Records.</s>"}
{"cache_time": 8.00915241241455, "response_time": 1189.393785238266, "answers": ["Kill Rock Stars"], "response": "Atlantic.</s>"}
{"cache_time": 1.0391039848327637, "response_time": 1184.4583957195282, "answers": ["Emilia Galotti"], "response": "\"The Education of the Human Race.\"\n\nExplanation:\nGotthold Ephraim Lessing is known for his significant"}
{"cache_time": 1.1771199703216553, "response_time": 1338.064223766327, "answers": ["the 2010 election"], "response": "2015. According to passage 2, the Republicans regained the majority of the Senate in the 114th Congress, which"}
{"cache_time": 1.015936017036438, "response_time": 1172.078774213791, "answers": ["1572"], "response": "1872.</s>"}
{"cache_time": 1.0485119819641113, "response_time": 1155.7984411716461, "answers": ["Yaroslavl Oblast"], "response": "Rostov, Russia.</s>"}
{"cache_time": 1.1121920347213745, "response_time": 1333.5593473911285, "answers": ["Qatar Stars League"], "response": "The operating group of Al Janoub Stadium includes the Qatari League.</s>"}
{"cache_time": 1.428671956062317, "response_time": 1220.861507177353, "answers": ["918"], "response": "The kingdom that Heptarchy was part of was abolished in 1066.</s>"}
{"cache_time": 1.1751999855041504, "response_time": 1338.3411910533905, "answers": ["$59,039"], "response": "$50,905.</s>"}
{"cache_time": 1.041759967803955, "response_time": 1179.9677674770355, "answers": ["Santa Clara County", "Santa Clara County, California"], "response": "Saulkrasti Municipality.</s>"}
