{"cache_time": 3113.664306640625, "response_time": 219.0495321750641, "answers": ["Maria Bello"], "response": "There is no mention of the wife of the producer in Grown Ups. The passage only discusses the cast and plot of the film, and does not"}
{"cache_time": 3160.0400390625, "response_time": 216.33418560028076, "answers": ["Manhattan Project"], "response": "James Chadwick.</s>"}
{"cache_time": 3382.62353515625, "response_time": 220.6441617012024, "answers": ["Knowsley", "Metropolitan Borough of Knowsley"], "response": "None of the above. Callum McManaman is not mentioned in any of the passages.</s>"}
{"cache_time": 3911.853271484375, "response_time": 226.53182768821716, "answers": ["Sebastian Cabot"], "response": "Mexico\n\nExplanation:\nThe child of the Italian navigator who sailed for England and explored the eastern coast of the continent"}
{"cache_time": 3976.86865234375, "response_time": 217.97018122673035, "answers": ["Sherry Boucher"], "response": "There is no actor named \"Hannibal Smith\" in the A-Team. The character of Hannibal Smith was a fictional character"}
{"cache_time": 3569.0478515625, "response_time": 218.32631850242615, "answers": ["1 December 2010"], "response": "Aston Villa. The team won the FA Cup in 1894-95.</s>"}
{"cache_time": 3715.237548828125, "response_time": 206.5403163433075, "answers": ["Tatum O'Neal"], "response": "There is no mention of a child in the passage. The passage is a list of cast members and the soundtrack of the film \"Green Ice.\" There is"}
{"cache_time": 3249.310791015625, "response_time": 231.90136909484863, "answers": ["22"], "response": "twice.\n\nAccording to Passage 9, La Silvia's composer, Antonio Vivaldi, was born in Venice, Italy."}
{"cache_time": 2229.4189453125, "response_time": 212.08458971977234, "answers": ["1912"], "response": "N/A. There is no mention of military instruction in the passage about Larry Alcala's education. Therefore, the answer is N/A.</s>"}
{"cache_time": 3526.5126953125, "response_time": 217.02787566184998, "answers": ["ATS - 6 (Applications Technology Satellite - 6)", "ATS-6"], "response": "Lockheed Martin A2100.</s>"}
{"cache_time": 3459.5556640625, "response_time": 217.13418912887573, "answers": ["James Howard Meredith", "James Meredith"], "response": "Robert Taylor.</s>"}
{"cache_time": 2371.324951171875, "response_time": 207.85908365249634, "answers": ["University of Cambridge", "Cambridge"], "response": "The Royal Society of Chemistry.</s>"}
{"cache_time": 2200.703369140625, "response_time": 205.48816657066345, "answers": ["Tom Hood", "Thomas Hood"], "response": "Esther Cleveland.</s>"}
{"cache_time": 3561.592529296875, "response_time": 207.65951204299927, "answers": ["Jennifer Connelly"], "response": "Emily Johnson.</s>"}
{"cache_time": 2557.42578125, "response_time": 203.21287155151367, "answers": ["Thaba Putsoa"], "response": "Rufiji River.</s>"}
{"cache_time": 2232.6083984375, "response_time": 215.26758098602295, "answers": ["Rialto Bridge", "Ponte di Rialto"], "response": "There is no mention of a famous bridge in the passage. The passage is about the composer of Nulla in mundo pax sincera, Giovanni C"}
{"cache_time": 2321.3779296875, "response_time": 211.92260694503784, "answers": ["January 2015"], "response": "The party that gained control of Congress in the midterm elections in 1946 took control of the government branch that determines the rules of the US"}
{"cache_time": 3782.82470703125, "response_time": 211.16820240020752, "answers": ["Clifton College"], "response": "The producer of Julius Caesar studied or worked at:\n\n1. The Imperial Theatre\n2. The Federal Theatre Project\n3. The Neg"}
{"cache_time": 3857.489990234375, "response_time": 207.29573440551758, "answers": ["Malko Tarnovo Municipality"], "response": "Tirnovadjik (Malko Tarnovo)</s>"}
{"cache_time": 2232.1103515625, "response_time": 202.28186750411987, "answers": ["Natalie Albino", "Nina Sky"], "response": "Amanda Feilding.</s>"}
{"cache_time": 2223.523193359375, "response_time": 203.68880891799927, "answers": ["University of Toronto", "UT"], "response": "The University of Melbourne.</s>"}
{"cache_time": 3255.20654296875, "response_time": 213.2000856399536, "answers": ["1986"], "response": "1987\n\nAccording to Passage 2, the game was reissued on Superior Software's Acornsoft H"}
{"cache_time": 3165.53271484375, "response_time": 229.14368557929993, "answers": ["Food Safety Modernization Act (FSMA)"], "response": "Health Canada's Marketed Health Products Directorate.</s>"}
{"cache_time": 2256.02587890625, "response_time": 209.34391474723816, "answers": ["Francisco Guterres"], "response": "Indonesia.</s>"}
{"cache_time": 3118.823974609375, "response_time": 215.41007161140442, "answers": ["General Edward Pakenham", "Edward Pakenham"], "response": "Sir Edward Pakenham.</s>"}
{"cache_time": 2230.0439453125, "response_time": 225.44011116027832, "answers": ["in Northern Florida", "Northern Florida"], "response": "East Palatka, Florida</s>"}
{"cache_time": 2252.92626953125, "response_time": 209.60938954353333, "answers": ["Thomas Bach"], "response": "IOC (International Olympic Committee)</s>"}
{"cache_time": 2168.915771484375, "response_time": 213.39310336112976, "answers": ["1964"], "response": "During the war in which The Things They Carried is set, conscription was introduced by the country where the film Grievous Bodily Harm was later released"}
{"cache_time": 2236.59521484375, "response_time": 218.51180815696716, "answers": ["Francisco Guterres"], "response": "Susilo Bambang Yudhoyono.</s>"}
{"cache_time": 2655.02880859375, "response_time": 202.4101917743683, "answers": ["Philip Mountbatten"], "response": "Philip Mountbatten, Duke of Edinburgh.</s>"}
{"cache_time": 2198.093017578125, "response_time": 210.5918927192688, "answers": ["1065"], "response": "1895.\n\nAccording to the information provided in the passages, the Taifa of Ronda existed from 1039"}
{"cache_time": 2285.871337890625, "response_time": 231.84326028823853, "answers": ["trying to find a potential buyer for all of its operations in Finland", "FIN", "fi", "Finland"], "response": "Relaxing rules for English language competency to broaden the pool of potential workers from overseas.</s>"}
{"cache_time": 2135.93017578125, "response_time": 202.07446432113647, "answers": ["Keturah"], "response": "Keturah</s>"}
{"cache_time": 2841.01513671875, "response_time": 209.21433305740356, "answers": ["South Central Coast"], "response": "Broward Correctional Institution was in the former Country Estates CDP and in Southwest Ranches, Florida.</s>"}
{"cache_time": 3334.6181640625, "response_time": 206.4049780368805, "answers": ["Michael Bubl\u00e9"], "response": "Barry Manilow.</s>"}
{"cache_time": 3243.200439453125, "response_time": 211.20410227775574, "answers": ["Fair Trade Services"], "response": "JAPO.\n\nThe passage states that the album \"The Call\" by Mal Waldron was released on the JAPO label, which is a"}
{"cache_time": 2192.17236328125, "response_time": 201.13292121887207, "answers": ["Svante Stensson Sture"], "response": "Gustav Vasa.</s>"}
{"cache_time": 2200.587158203125, "response_time": 204.53651762008667, "answers": ["TML Entertainment"], "response": "TML Entertainment.</s>"}
{"cache_time": 2224.676025390625, "response_time": 207.64526510238647, "answers": ["Francisco Guterres"], "response": "Timor-Leste.</s>"}
{"cache_time": 2247.3984375, "response_time": 231.41842484474182, "answers": ["22"], "response": "3 times.\n\nAccording to Passage 2, the plague occurred in the city where Titian died (Venice) three times"}
{"cache_time": 2161.93994140625, "response_time": 217.03812670707703, "answers": ["Green Bay"], "response": "Washington, D.C.\n\nThe question is based on the passage that mentions Valley New School is located in a county that shares a border with the county"}
{"cache_time": 2183.605224609375, "response_time": 212.27955222129822, "answers": ["Fort Davis"], "response": "Fort Davis, Texas.\n\nAccording to the passage, Fort Davis is the highest elevation above sea level of any county seat in Texas, with an"}
{"cache_time": 2387.129638671875, "response_time": 207.28196048736572, "answers": ["Claudia Wells"], "response": "Jennifer Parker was played by Claudia Wells, who is the girlfriend of Marty McFly, and her daughter in Back to the Future Part"}
{"cache_time": 2250.577880859375, "response_time": 210.51215386390686, "answers": ["Genesis 3:15"], "response": "Passage 2.\n\nThe quote \"by the skin of your teeth\" is found in Job 19:20, which is"}
{"cache_time": 2343.681884765625, "response_time": 205.67674112319946, "answers": ["Green Bay"], "response": "Oconto County.</s>"}
{"cache_time": 2252.133544921875, "response_time": 229.8226661682129, "answers": ["22"], "response": "2.\n\nAccording to the passage, the creator of Venus with a Mirror, Titian, died in 1576"}
{"cache_time": 2620.321533203125, "response_time": 206.87206411361694, "answers": ["Thaba Putsoa"], "response": "The Khatli River.</s>"}
{"cache_time": 2144.91259765625, "response_time": 209.21559023857117, "answers": ["crystallized the rebellious demand for independence from Great Britain", "Great Britain"], "response": "Wednesday Is Indigo Blue.</s>"}
{"cache_time": 3549.683837890625, "response_time": 206.3854696750641, "answers": ["Pearl River County", "Pearl River County, Mississippi"], "response": "Poplarville, Mississippi.</s>"}
{"cache_time": 2185.41748046875, "response_time": 212.22449922561646, "answers": ["The African Queen"], "response": "Humphrey Bogart.\n\nBogart won his only Oscar for his performance in The African Queen (1951), not for Crime School"}
{"cache_time": 2194.901611328125, "response_time": 207.98559165000916, "answers": ["The African Queen"], "response": "Casablanca (1942)</s>"}
{"cache_time": 2171.6494140625, "response_time": 211.9277012348175, "answers": ["Egypt national football team"], "response": "Liverpool.\n\nAccording to Passage 3, the all-time top goal scorer in the Premier League in one season is Lionel Messi"}
{"cache_time": 2150.284912109375, "response_time": 211.77842736244202, "answers": ["in the north-east of the country south of the Caspian Sea", "Caspian Sea"], "response": "Iran.\n\nBased on the given passages, the answer to your question \"Where is the province of Gonbad-e Qabus County located"}
{"cache_time": 3108.09765625, "response_time": 224.32165431976318, "answers": ["John D. Loudermilk"], "response": "Lee Alexander.</s>"}
{"cache_time": 2283.022216796875, "response_time": 209.75577425956726, "answers": ["National Institute of Dramatic Art", "NIDA"], "response": "Bartow, West Virginia\n\nAccording to the passage, the actor playing the voice of John Smith in Pocahontas attended the"}
{"cache_time": 2177.718017578125, "response_time": 206.21767592430115, "answers": ["Abu Ubaidah"], "response": "Mawdud ibn Altuntash.</s>"}
{"cache_time": 3219.1806640625, "response_time": 207.63616156578064, "answers": ["River Thames"], "response": "Walker Pond.</s>"}
{"cache_time": 3476.13623046875, "response_time": 222.512877702713, "answers": ["January 2015"], "response": "The party that gained control of Congress in the midterm elections of 1886 did not take control of the determiner of the rules of the US"}
{"cache_time": 2877.04248046875, "response_time": 213.10882186889648, "answers": ["Nightwing / Dick Grayson", "Nightwing", "Dick Grayson", "Batman", "Robin"], "response": "There is no mention of the artist \"Nothing Suits Me Like a Suit\" in Batman Under the Red Hood. The passage is a list of"}
{"cache_time": 2532.538818359375, "response_time": 215.58306288719177, "answers": ["1989"], "response": "The death penalty was abolished in the country near the country where the writer of The Book Thief is a citizen of (Illinois) in 2"}
{"cache_time": 3034.802734375, "response_time": 215.9616961479187, "answers": ["Green Bay"], "response": "Pangi Territory\n\nExplanation:\n\nThe passage mentions the following information:\n\n* The territory is located in the eastern"}
{"cache_time": 2258.878173828125, "response_time": 223.29671096801758, "answers": ["Matthew Lawrence"], "response": "I Wayne.</s>"}
{"cache_time": 3579.94482421875, "response_time": 206.74592232704163, "answers": ["Matthew Lawrence"], "response": "Natalie Horler.\n\nExplanation:\n\nThe passage provides information about Natalie Horler, the singer of the Melissa and Joey"}
{"cache_time": 3435.12353515625, "response_time": 213.3416497707367, "answers": ["1 December 2010"], "response": "The team that Arthur James was a member of (Birmingham City) last beat the 1894-95 FA Cup winner ("}
{"cache_time": 3875.2177734375, "response_time": 206.68185186386108, "answers": ["Richard Stallman", "rms"], "response": "Jonas \u00d6berg.</s>"}
{"cache_time": 3921.080810546875, "response_time": 221.6799385547638, "answers": ["ancient Egyptian religion"], "response": "The Egyptian pantheon.\n\nExplanation:\n\nThe question asks about the God of the underworld in ancient Egypt, and the"}
{"cache_time": 3866.5771484375, "response_time": 205.37110376358032, "answers": ["Plymouth Notch"], "response": "Juan Bautista Vicini Burgos.</s>"}
{"cache_time": 2169.573974609375, "response_time": 205.08022141456604, "answers": ["Claudia Wells"], "response": "Jennifer Parker.</s>"}
{"cache_time": 2142.859130859375, "response_time": 199.46892142295837, "answers": ["Kanine Records"], "response": "Sire Records.</s>"}
{"cache_time": 2212.438720703125, "response_time": 212.9538655281067, "answers": ["Charles University"], "response": "The employer of the person Mach's principle was named after is the Academy of Sciences and Arts in Prague.</s>"}
{"cache_time": 2191.36865234375, "response_time": 210.1186957359314, "answers": ["average lifespan at 9.4 years"], "response": "38 miles.</s>"}
{"cache_time": 2169.74609375, "response_time": 210.62980365753174, "answers": ["Francisco Guterres"], "response": "None of the above. The country that is part of the Commission of Truth and Friendship with the country where Sambas is located is Timor-"}
{"cache_time": 2326.03564453125, "response_time": 204.87021327018738, "answers": ["Aden"], "response": "Guyana.</s>"}
{"cache_time": 2280.293701171875, "response_time": 205.38973355293274, "answers": ["sports league", "Sports league", "league"], "response": "The NFL.</s>"}
{"cache_time": 2326.16259765625, "response_time": 204.27110958099365, "answers": ["Scottish clan"], "response": "Clansman of Scotland\n\nExplanation:\nBased on the given passage, a participant of the Battle of Brechin is an instance"}
{"cache_time": 2195.74169921875, "response_time": 214.6168863773346, "answers": ["fleur - de-lis", "Fleur-de-lis", "fleur-de-lis"], "response": "Billiken</s>"}
{"cache_time": 2124.596923828125, "response_time": 206.98012852668762, "answers": ["Greek mythology"], "response": "Greek mythology.\n\nEutychides was born in Sicyon, which is a city in Corinthia, Greece. Greek mythology is"}
{"cache_time": 2921.13134765625, "response_time": 204.3877694606781, "answers": ["College of Charles Towne", "Charles Towne"], "response": "The oldest college in the state that contains Borough House Plantation is:\n\nSumter University.</s>"}
{"cache_time": 3797.13818359375, "response_time": 218.2659306526184, "answers": ["Cabarrus County"], "response": "Rowan County, North Carolina shares a border with the county that contains the city, Gold Hill, North Carolina, the birthplace of Eric Carmen"}
{"cache_time": 2340.81591796875, "response_time": 206.4586217403412, "answers": ["Clatskanie", "Clatskanie, Oregon"], "response": "San Francisco.\n\nAccording to the passage, Raymond Carver was born in San Francisco, California.</s>"}
{"cache_time": 3416.694580078125, "response_time": 224.39242506027222, "answers": ["Manhattan Project"], "response": "Ernest Rutherford.</s>"}
{"cache_time": 3121.0556640625, "response_time": 201.83564949035645, "answers": ["the novel of the same name by Robert Ludlum", "Robert Ludlum"], "response": "The story of the character from The Bourne Deception was based on the novel of the same name by Robert Ludlum.</s>"}
{"cache_time": 2868.224853515625, "response_time": 224.12510204315186, "answers": ["ease of use and enhanced support for Plug and Play"], "response": "Red Bull and Krating Daeng. The two features that were played up for the person with the biggest net worth in 2017 were Red Bull"}
{"cache_time": 2157.574462890625, "response_time": 211.36358046531677, "answers": ["Aaron Benward"], "response": "Linda McCartney.\n\nAccording to the passage, Linda McCartney was a member of the music group Wings, and she performed"}
{"cache_time": 3155.559326171875, "response_time": 218.40217781066895, "answers": ["22"], "response": "Not mentioned in the passage.\nThe passage does not mention the name of Bajazet's composer or the place where they were born. Therefore,"}
{"cache_time": 2340.105224609375, "response_time": 206.9582142829895, "answers": ["1986"], "response": "1962\n\nThe question is asking for the year in which the company that published Starship Command ended. Based on the information provided in"}
{"cache_time": 2593.63525390625, "response_time": 210.26310348510742, "answers": ["Johanne Luise Heiberg"], "response": "The spouse of the child of Peter Andreas Heiberg is not specified in the given passage. The passage only mentions the name of the child,"}
{"cache_time": 2575.180419921875, "response_time": 207.65405321121216, "answers": ["Dottie Hinson"], "response": "Geena Davis, who played Dottie Hinson in A League of Their Own, also played Thelma in the movie Thelma and Louise"}
{"cache_time": 2416.330078125, "response_time": 238.972177028656, "answers": ["NES", "Family Computer", "Famicom", "Nintendo Entertainment System"], "response": "Super Bowl XLVII halftime show.</s>"}
{"cache_time": 3743.16796875, "response_time": 218.45995330810547, "answers": ["1 December 2010"], "response": "Never. Alan O'Neil is a fictional character and there is no record of him being a member of any sports team. Therefore, there is no"}
{"cache_time": 3330.798583984375, "response_time": 207.9656023979187, "answers": ["Amy Poehler"], "response": "Robin.</s>"}
{"cache_time": 3207.968994140625, "response_time": 216.64239048957825, "answers": ["30% to 65%"], "response": "There is no direct answer to your question based on the provided passages. However, I can provide some information that might be relevant.\n\nThe"}
{"cache_time": 3228.578857421875, "response_time": 217.36020517349243, "answers": ["August 3, 1769"], "response": "Santa Monica, California.</s>"}
{"cache_time": 2103.264404296875, "response_time": 202.45429468154907, "answers": ["Casa Loma"], "response": "CHATEAU DE CHAMAZEL.</s>"}
{"cache_time": 2651.871337890625, "response_time": 217.05682015419006, "answers": ["Min Zhou", "Carl L. Bankston"], "response": "Leonide Massine.\n\nHere's why:\n\nThe passage mentions that the man who produced \"The Wild Women of Chastity Gulch"}
{"cache_time": 2120.9267578125, "response_time": 205.64895248413086, "answers": ["Meg Ryan"], "response": "Britt Robertson.</s>"}
{"cache_time": 2125.771240234375, "response_time": 209.94832849502563, "answers": ["Andrew Scheer"], "response": "Confederation of Regions Party of Canada.</s>"}
{"cache_time": 2135.6240234375, "response_time": 211.02592182159424, "answers": ["24:00"], "response": "None.\n\nDaylight Saving Time (DST) is not observed in the country where Fuser and Alberto meet the indigenous couple traveling"}
{"cache_time": 2206.7275390625, "response_time": 212.50691413879395, "answers": ["1970s"], "response": "2008.\n\nBased on the given passages, E. Denise Simmons, who is black and was born in Cambridge"}
{"cache_time": 2155.63525390625, "response_time": 226.63521814346313, "answers": ["1 December 2010"], "response": "Never. Ken Faulkner's team (Birmingham City) has never beaten the 1894-95 FA Cup winner (A"}
{"cache_time": 2153.715087890625, "response_time": 203.4359929561615, "answers": ["2005"], "response": "2005.</s>"}
{"cache_time": 3874.647216796875, "response_time": 208.41591429710388, "answers": ["Benny Beaver"], "response": "Oklahoma Panhandle State University.</s>"}
{"cache_time": 2290.835693359375, "response_time": 209.10232067108154, "answers": ["Jennifer Connelly"], "response": "Jennifer Connelly.</s>"}
{"cache_time": 2744.733642578125, "response_time": 206.85352230072021, "answers": ["Laurence Olivier"], "response": "Ashley Wilkes.</s>"}
{"cache_time": 2259.87939453125, "response_time": 205.80709195137024, "answers": ["Lucy Mack Smith"], "response": "Lucy Mack Smith.</s>"}
{"cache_time": 2231.93115234375, "response_time": 203.6763665676117, "answers": ["Lance Bottoms"], "response": "Ceasar Mitchell.</s>"}
{"cache_time": 2758.313720703125, "response_time": 226.44128274917603, "answers": ["Cabarrus County"], "response": "The county where the performer of She Did It was born shares a border with Cabarrus County.</s>"}
{"cache_time": 2329.80419921875, "response_time": 214.23523569107056, "answers": ["ATS - 6 (Applications Technology Satellite - 6)", "ATS-6"], "response": "SCORE.</s>"}
{"cache_time": 2193.805419921875, "response_time": 212.2565095424652, "answers": ["Hunter River"], "response": "The Hunter River.\n\nExplanation:\n\nThe passage mentions that the Lostock Dam is located on the Paterson River, which is a trib"}
{"cache_time": 2184.91455078125, "response_time": 218.2751591205597, "answers": ["1,335,907"], "response": "The population of the state where Storm of the Century was filmed is 1.3 million, based on the information provided in the passage.</s>"}
{"cache_time": 2146.756591796875, "response_time": 203.43674325942993, "answers": ["Green Bay"], "response": "Madison.</s>"}
{"cache_time": 3194.465576171875, "response_time": 215.40045523643494, "answers": ["Francisco Guterres"], "response": "Susilo Bambang Yudhoyono.</s>"}
{"cache_time": 2208.691650390625, "response_time": 217.05464506149292, "answers": ["Anthony Ainley"], "response": "Audrey.</s>"}
{"cache_time": 3643.28271484375, "response_time": 210.30117559432983, "answers": ["fleur - de-lis", "Fleur-de-lis", "fleur-de-lis"], "response": "Fleur-de-lis.</s>"}
{"cache_time": 2171.564453125, "response_time": 209.6162145137787, "answers": ["Tanzania"], "response": "Nepal.\n\nAccording to Passage 1, the Mara Region in Tanzania was named after the Mara River, which flows through"}
{"cache_time": 3437.629150390625, "response_time": 208.02041935920715, "answers": ["Michael Bubl\u00e9"], "response": "MercyMe.</s>"}
{"cache_time": 2172.114990234375, "response_time": 210.90524649620056, "answers": ["Andrew Scheer"], "response": "I don't know. There is no information in the given passages about the federal leader of the political party Ken Epp belongs to.</s>"}
{"cache_time": 3577.332763671875, "response_time": 219.88877153396606, "answers": ["central Atlantic Ocean", "Atlantic Ocean", "Atlantic"], "response": "Cape Verde.</s>"}
{"cache_time": 2235.899658203125, "response_time": 212.49352931976318, "answers": ["Fred O'Bannion"], "response": "Ben Affleck</s>"}
{"cache_time": 3409.57421875, "response_time": 211.8165454864502, "answers": ["Nightwing / Dick Grayson", "Nightwing", "Dick Grayson", "Batman", "Robin"], "response": "N/A. There is no character from How I Met Your Mother in Batman Under the Red Hood. Barney Stinson is a character from the"}
{"cache_time": 2164.1103515625, "response_time": 202.5626494884491, "answers": ["for Best Performance by a Leading Actress in a Play in Ondine", "leading role", "star", "leading actress", "lead"], "response": "Ondine.</s>"}
{"cache_time": 3195.763671875, "response_time": 213.3026294708252, "answers": ["Pristina"], "response": "Belgrade.</s>"}
{"cache_time": 2230.78466796875, "response_time": 204.6304428577423, "answers": ["Thaba Putsoa"], "response": "GONDOGORGO river.</s>"}
{"cache_time": 3606.0224609375, "response_time": 218.21021246910095, "answers": ["Claudia Wells"], "response": "Not mentioned. There is no mention of Chance's voice actor or any other characters from Homeward Bound in the provided passages.</s>"}
{"cache_time": 3500.981689453125, "response_time": 208.90485882759094, "answers": ["Mr. Lawrence", "Doug Lawrence"], "response": "Mrs. Puff.</s>"}
{"cache_time": 3768.135009765625, "response_time": 210.84619092941284, "answers": ["323\u2013272 BC"], "response": "323-272 B.C.\n\nThe passage states that the war with Pyrrhus, for whom the term \"P"}
{"cache_time": 2232.5673828125, "response_time": 216.1523196697235, "answers": ["trying to find a potential buyer for all of its operations in Finland", "FIN", "fi", "Finland"], "response": "The owner of MV Miralda announced it was in the process of closing all of its stores in April 2010.</s>"}
{"cache_time": 3708.303466796875, "response_time": 213.20732378959656, "answers": ["15 February 1942"], "response": "May 5th.</s>"}
{"cache_time": 3016.844482421875, "response_time": 230.6810073852539, "answers": ["Francisco Guterres"], "response": "The president of the newly declared independent country is Jos\u00e9 Ramos-Horta.</s>"}
{"cache_time": 2283.276123046875, "response_time": 205.95666432380676, "answers": ["Phil Hanseroth"], "response": "Brandi Carlile\n\nThe song \"The Story\" was written and performed by Brandi Carlile.</s>"}
{"cache_time": 2244.87353515625, "response_time": 211.21420764923096, "answers": ["Ko Phi Phi Leh", "Ko Phi Phi Le"], "response": "THAILAND.\n\nBased on the given passages, The Beach (film) was filmed in THAILAND, specifically on the"}
{"cache_time": 3067.370361328125, "response_time": 213.69102501869202, "answers": ["Min Zhou", "Carl L. Bankston"], "response": "Ilyasah Shabazz.</s>"}
{"cache_time": 2192.12158203125, "response_time": 204.04310154914856, "answers": ["Kenton County", "Kenton County, Kentucky"], "response": "Henbury Station, a cattle station located in the Northern Territory of Australia.</s>"}
{"cache_time": 3623.129638671875, "response_time": 210.35044884681702, "answers": ["nominated for an Academy Award for Best Supporting Actor", "Academy Award for Best Supporting Actor"], "response": "Barry Fitzgerald received a Best Actor nomination and a Best Supporting Actor nomination for his performance in Going My Way."}
{"cache_time": 3301.561279296875, "response_time": 203.96730971336365, "answers": ["1 January 1986"], "response": "January 1, 1986.</s>"}
{"cache_time": 2251.7958984375, "response_time": 207.8701994419098, "answers": ["Attic Records", "Attic"], "response": "Temple Records.</s>"}
{"cache_time": 2359.31591796875, "response_time": 211.87106919288635, "answers": ["January 2015"], "response": "2014. According to the passage, the Republicans gained control of the Senate in the 114th Congress, which began in January"}
{"cache_time": 2233.73583984375, "response_time": 208.06471872329712, "answers": ["fleur - de-lis", "Fleur-de-lis", "fleur-de-lis"], "response": "Bardstown, Kentucky</s>"}
{"cache_time": 2330.6728515625, "response_time": 210.79557275772095, "answers": ["Yongjia County"], "response": "Wenzhou, Zhejiang.</s>"}
{"cache_time": 2208.448486328125, "response_time": 205.40520977973938, "answers": ["Karen Fairchild"], "response": "Luke Bryan.\n\nThe singer of Home Alone Tonight is Luke Bryan, who is also the singer of Rain is a Good Thing."}
{"cache_time": 2179.84228515625, "response_time": 206.4728865623474, "answers": ["Casa Loma"], "response": "Katzenstein Castle.</s>"}
{"cache_time": 3556.625, "response_time": 209.3539435863495, "answers": ["Lana Wood"], "response": "There is no mention of an actress playing a little girl in Miracle on 34th Street (1947) in the provided passages."}
{"cache_time": 2302.518310546875, "response_time": 208.17251229286194, "answers": ["La Goulette", "Tunis", "Rome", "Roma"], "response": "Rome.</s>"}
{"cache_time": 3378.004150390625, "response_time": 221.49721503257751, "answers": ["names were replaced by new Russian names"], "response": "Occupation of Gori.</s>"}
{"cache_time": 2169.471435546875, "response_time": 219.9895830154419, "answers": ["Charles County", "Charles County, Maryland"], "response": "Hughesville, Maryland.</s>"}
{"cache_time": 2785.293701171875, "response_time": 218.51839017868042, "answers": ["January 2015"], "response": "The party that controls the House of Representatives took control of the branch that determines the rules of the US House and Senate in January 201"}
{"cache_time": 3886.109619140625, "response_time": 219.56157064437866, "answers": ["continental treble"], "response": "The sports team that the all-time highest goal scorer in Spain's national team was a member of achieved the following series of wins in"}
{"cache_time": 2999.18310546875, "response_time": 224.2665731906891, "answers": ["Joyce Van Patten"], "response": "Margarita Mu\u00f1oz.</s>"}
{"cache_time": 3001.790771484375, "response_time": 228.75325083732605, "answers": ["a Western District uniformed officer"], "response": "The performer of \"Don't Be Cruel\" (Bobby Brown) does not play any characters in The Wire. The Wire is a"}
{"cache_time": 3038.780029296875, "response_time": 214.44800901412964, "answers": ["1986"], "response": "1986</s>"}
{"cache_time": 2192.013427734375, "response_time": 214.3250494003296, "answers": ["2016"], "response": "Yugoslavia first attended the Olympics as an independent team in 1992.</s>"}
{"cache_time": 3551.263916015625, "response_time": 219.16353559494019, "answers": ["Menachem Mendel Schneersohn"], "response": "Maxime Bono.</s>"}
{"cache_time": 3008.5732421875, "response_time": 212.25943064689636, "answers": ["Michael Bubl\u00e9"], "response": "Josh Groban.</s>"}
{"cache_time": 2211.590087890625, "response_time": 198.57752227783203, "answers": ["ADM Michael S. Rogers", "Michael S. Rogers"], "response": "Sam Simon.</s>"}
{"cache_time": 3582.109375, "response_time": 224.17051029205322, "answers": ["1 December 2010"], "response": "Aston Villa\n\nAccording to the passage, Aston Villa won the FA Cup in 1894\u201395, and the"}
{"cache_time": 3727.587646484375, "response_time": 207.10000348091125, "answers": ["Nicholas Bacon", "Sir Nicholas Bacon"], "response": "Captain P. Ivanoff.\n\nAccording to Passage 1, Captain P. Ivanoff was the pilot of the hel"}
{"cache_time": 3268.376220703125, "response_time": 203.71534419059753, "answers": ["Thaba Putsoa"], "response": "Missouri.</s>"}
{"cache_time": 3094.835693359375, "response_time": 204.01240181922913, "answers": ["Egypt national football team"], "response": "There is no BBC Footballer of the Year mentioned in the provided passages.</s>"}
{"cache_time": 2248.8193359375, "response_time": 205.7245409488678, "answers": ["La Goulette"], "response": "Paris, France.\n\nAccording to Passage 18, Gaspard Manesse was born in Paris, France on March 25,"}
{"cache_time": 2195.41259765625, "response_time": 213.37378001213074, "answers": ["2 million"], "response": "2 million.\n\nAccording to Passage 3, there were 2 million people living in the British colonies at the start of the French"}
{"cache_time": 2524.702392578125, "response_time": 202.4454963207245, "answers": ["Jennifer Connelly"], "response": "Sophie Dunst</s>"}
{"cache_time": 2242.502197265625, "response_time": 212.22060990333557, "answers": ["Presque Isle County"], "response": "Fulton County.</s>"}
{"cache_time": 3840.830810546875, "response_time": 213.54447507858276, "answers": ["three different relationships he had in the past"], "response": "The break-up of an earlier relationship due to his own neglect and infidelity.</s>"}
{"cache_time": 2374.635986328125, "response_time": 202.98001885414124, "answers": ["Canyon County", "Canyon County, Idaho"], "response": "NOTUS, IDAHO</s>"}
{"cache_time": 2224.279052734375, "response_time": 213.4131097793579, "answers": ["Bill Pullman"], "response": "Geoffrey Rush.</s>"}
{"cache_time": 5729.38818359375, "response_time": 218.75749921798706, "answers": ["Dutch East Indies"], "response": "INDONESIA.\n\nAccording to Passage 1, Atika Suri studied in Trisakti University in Jakarta, Indones"}
{"cache_time": 2246.59619140625, "response_time": 209.55975723266602, "answers": ["Cabo Delgado Province"], "response": "Cuneo.</s>"}
{"cache_time": 2792.110107421875, "response_time": 218.48879957199097, "answers": ["Association for Computing Machinery", "ACM"], "response": "None of the given passages mention Andris van Dam. The only person mentioned in the passages is Shay Mooney, who is a country musician"}
{"cache_time": 2654.727783203125, "response_time": 205.03930640220642, "answers": ["Bell County"], "response": "No county shares a border with Cedar Springs. Cedar Springs is an unincorporated community located in Tripp County, South"}
{"cache_time": 2257.298583984375, "response_time": 201.58980774879456, "answers": ["Tamaulipas"], "response": "Peru.</s>"}
{"cache_time": 2271.80224609375, "response_time": 215.38510704040527, "answers": ["Sebastian Cabot"], "response": "NONE.\n\nThere is no mention of England in the provided passages. The passages discuss Ulises Sol\u00eds' birthplace as Mexico, and"}
{"cache_time": 2208.2763671875, "response_time": 207.06188416481018, "answers": ["Colin Firth"], "response": "Bertie Elizabeth.</s>"}
{"cache_time": 2259.408203125, "response_time": 212.16217875480652, "answers": ["Denver", "Denver, Colorado"], "response": "Colorado</s>"}
{"cache_time": 3292.2958984375, "response_time": 215.6320583820343, "answers": ["Ko Phi Phi Leh", "Ko Phi Phi Le"], "response": "Thailand.\n\nExplanation:\n\nThe Beach, a 2000 film starring Leonardo DiCaprio, was"}
{"cache_time": 3182.38671875, "response_time": 213.11788702011108, "answers": ["International Tennis Federation", "ITF"], "response": "The Billie Jean King Cup.</s>"}
{"cache_time": 2268.418701171875, "response_time": 217.11267757415771, "answers": ["Francisco Guterres"], "response": "There is no information provided about the president of the newly declared independent country. The passage only mentions the declaration of independence, the establishment of the Commission of Truth"}
{"cache_time": 5121.04541015625, "response_time": 244.24585700035095, "answers": ["Colin Firth"], "response": "There is no mention of the King of England in 1950 in the passage. The passage discusses the life of King George VI, who asc"}
{"cache_time": 3750.388671875, "response_time": 214.3144850730896, "answers": ["River Thames"], "response": "River.\n\nAccording to Passage 1, the River Ekulu is a 25-kilometre long body of water located in En"}
{"cache_time": 3490.494384765625, "response_time": 212.25584650039673, "answers": ["Pulitzer Prize for Drama"], "response": "The author of The Happy Journey to Trenton and Camden, Thornton Wilder, received a Tony Award and a Drama"}
{"cache_time": 3922.89404296875, "response_time": 204.39820337295532, "answers": ["University of Glasgow"], "response": "University of Glasgow.\n\nAccording to the passage, Archibald Barr was educated at Paisley Grammar School and then attended the University of"}
{"cache_time": 4621.142578125, "response_time": 211.22179698944092, "answers": ["Louis Chedid"], "response": "The father of the Labo M performer is not specified in the text. There is no information provided about the performer's family or personal life."}
{"cache_time": 2768.443115234375, "response_time": 208.67778420448303, "answers": ["for the conclave in Rome", "Rome", "Roma"], "response": "NONE. There is no mention of \"The Gozzi Altarpiece\" in any of the given passages. Please ensure you are providing the"}
{"cache_time": 2203.331298828125, "response_time": 204.02566027641296, "answers": ["University of Cambridge", "Cambridge"], "response": "Adam Smith Prize.</s>"}
{"cache_time": 2230.1767578125, "response_time": 208.71603226661682, "answers": ["Lech Wa\u0142\u0119sa"], "response": "Hans Modrow.</s>"}
{"cache_time": 2519.2021484375, "response_time": 206.16221690177917, "answers": ["Het Scheur"], "response": "Wapizagonke Lake</s>"}
{"cache_time": 2243.030517578125, "response_time": 204.25272750854492, "answers": ["Karen Fairchild"], "response": "BLAINE LARSEN.</s>"}
{"cache_time": 3824.644775390625, "response_time": 203.32385087013245, "answers": ["City University of New York", "The City University of New York"], "response": "The school where Lawrence Landweber was educated is a part of the University of Pennsylvania.</s>"}
{"cache_time": 2371.92138671875, "response_time": 243.10414099693298, "answers": ["Green Bay"], "response": "Delhi</s>"}
{"cache_time": 2202.8076171875, "response_time": 201.82368803024292, "answers": ["James Howard Meredith", "James Meredith"], "response": "University of Mississippi.</s>"}
{"cache_time": 3110.642578125, "response_time": 217.31243634223938, "answers": ["Lacey Chabert"], "response": "Lacey Chabert.</s>"}
{"cache_time": 2423.974365234375, "response_time": 209.3272454738617, "answers": ["Hollywood Records"], "response": "Ellahy Amen Records.</s>"}
{"cache_time": 2164.8408203125, "response_time": 201.37337803840637, "answers": ["Kill Rock Stars"], "response": "Savoy.</s>"}
{"cache_time": 2986.369140625, "response_time": 202.6215217113495, "answers": ["Emilia Galotti"], "response": "Gotthold Ephraim Lessing.</s>"}
{"cache_time": 3160.28515625, "response_time": 211.2138102054596, "answers": ["the 2010 election"], "response": "In 2015. According to the information provided, the Republicans regained the majority of the Senate in the 114th Congress,"}
{"cache_time": 2986.846923828125, "response_time": 205.3651101589203, "answers": ["1572"], "response": "1956\n\nAccording to Passage 3, Margaret McWade died on April 1, 1956,"}
{"cache_time": 3982.83349609375, "response_time": 224.04431867599487, "answers": ["Yaroslavl Oblast"], "response": "The city where Dmitry Borisovich was born, Rostov, is located in Russia.</s>"}
{"cache_time": 3172.31787109375, "response_time": 205.45739674568176, "answers": ["Qatar Stars League"], "response": "The league is the Oman Professional League.</s>"}
{"cache_time": 2327.398193359375, "response_time": 203.67816257476807, "answers": ["918"], "response": "The kingdom that Heptarchy was part of was abolished in 1066.</s>"}
{"cache_time": 2467.12158203125, "response_time": 214.99266505241394, "answers": ["$59,039"], "response": "The average salary of a working person with the same nationality as the producer of The Wild Women of Chastity Gulch is not provided in"}
{"cache_time": 2292.711669921875, "response_time": 201.18591499328613, "answers": ["Santa Clara County", "Santa Clara County, California"], "response": "Santa Clara County.</s>"}
