{"cache_time": 1.1647039651870728, "response_time": 1341.521781206131, "answers": ["Ozalj"], "response": "Transylvania.\n\nAccording to Passage 2, Francis I R\u00e1k\u00f3czi's wife, Ilona Zrinski, was"}
{"cache_time": 1.0275839567184448, "response_time": 1183.5441510677338, "answers": ["John the Baptist"], "response": "Jim Ramel Kjellgren\n\nJim Ramel Kjellgren is the grandchild of Povel Ramel.</s>"}
{"cache_time": 1.03929603099823, "response_time": 1412.1568880081177, "answers": ["Cahiers du cin\u00e9ma"], "response": "France.\n\nAccording to Passage 8, the director of the film Man at Bath, Christophe Honor\u00e9, is based in France.</s>"}
{"cache_time": 1.1196479797363281, "response_time": 1188.7027428150177, "answers": ["no"], "response": "No.\n\nBeauty and the Bad Man is a 1925 American silent Western film directed by William Worthington, and Wild Child"}
{"cache_time": 0.99891197681427, "response_time": 1485.7312052249908, "answers": ["1510"], "response": "1532\n\nAccording to Passage 4, William Paulet, 3rd Marquess of Winchester's"}
{"cache_time": 1.1847360134124756, "response_time": 1192.2965819835663, "answers": ["Edward Watson"], "response": "Kaya Alp.</s>"}
{"cache_time": 1.0369600057601929, "response_time": 1183.8363947868347, "answers": ["16 September 1360"], "response": "March 25, 1342.\n\nHere's the relevant passage from the given passages:\n\n\"Humphrey de"}
{"cache_time": 1.0592639446258545, "response_time": 1332.6701474189758, "answers": ["Cunimund"], "response": "Barthold A. Butensch\u00f8n Sr.</s>"}
{"cache_time": 1.2507519721984863, "response_time": 1143.0929489135742, "answers": ["St Patrick's College"], "response": "Blackrock, County Louth, Ireland</s>"}
{"cache_time": 1.6378240585327148, "response_time": 1352.0162460803986, "answers": ["Bob Jones University"], "response": "Katherine Stenholm is the director of the film \"Wine Of Morning\" and she worked at Unusual Films, the production company"}
{"cache_time": 1.2408959865570068, "response_time": 1349.8053481578827, "answers": ["The House Of The Seven Hawks"], "response": "The Secret Invasion.</s>"}
{"cache_time": 1.0008959770202637, "response_time": 1146.6627612113953, "answers": ["Marie of Hohenstaufen"], "response": "Marie of Brabant, Queen of France's paternal grandmother was Marie of Brabant.</s>"}
{"cache_time": 1.0320320129394531, "response_time": 1332.6344933509827, "answers": ["Guy II, Count of Soissons"], "response": "Nocher II, Count of Soissons.</s>"}
{"cache_time": 0.9807040095329285, "response_time": 1175.3624398708344, "answers": ["26 April 1872"], "response": "1839.</s>"}
{"cache_time": 1.0015360116958618, "response_time": 1199.5384106636047, "answers": ["America"], "response": "United States</s>"}
{"cache_time": 1.2997759580612183, "response_time": 1174.2788355350494, "answers": ["Ona Munson"], "response": "There is no information about the spouse of the director of the film Emergency Wedding in the given passages. The passages provide information about different"}
{"cache_time": 1.0676159858703613, "response_time": 1149.8938012123108, "answers": ["The Death Of Black King"], "response": "Indradhanura Chhai came out earlier.\n\nAccording to the passages provided, Indradhanura Chhai was released in 19"}
{"cache_time": 1.1008000373840332, "response_time": 1339.3150780200958, "answers": ["no"], "response": "NO\n\nClara Law is a Hong Kong Second Wave film director, and the director of the films The Reincarnation of Golden Lotus and"}
{"cache_time": 0.9126399755477905, "response_time": 884.1386585235596, "answers": ["no"], "response": "No.\n\nRhosgoch is located in Wales, while Qaleh-ye Sahar is located in Iran.</s>"}
{"cache_time": 1.0473599433898926, "response_time": 1372.4001214504242, "answers": ["Mysore"], "response": "Albania.</s>"}
{"cache_time": 1.272704005241394, "response_time": 1332.7206983566284, "answers": ["Kristiania"], "response": "Hamar, Norway.</s>"}
{"cache_time": 1.0926719903945923, "response_time": 1196.1567380428314, "answers": ["Lee Strasberg Theatre and Film Institute"], "response": "Kathy Griffin graduated from Oak Park River Forest High School.</s>"}
{"cache_time": 2.281248092651367, "response_time": 1398.443076133728, "answers": ["Hell Up In Harlem"], "response": "The Soviet Story.\n\nThe director of The Soviet Story, Edv\u012bns \u0160nore, was born before the director of Hell Up in"}
{"cache_time": 1.0232000350952148, "response_time": 1258.4341449737549, "answers": ["Cipriano Castro"], "response": "Cipriano Castro.\n\nCipriano Castro was born on December 6, 1770, while Damir Niksic"}
{"cache_time": 1.0326720476150513, "response_time": 1198.1454117298126, "answers": ["Monster On The Campus"], "response": "The Year Of The Rabbit.\n\nThe passage states that Fernando Ayala, the director of The Year of the Rabbit, died in 19"}
{"cache_time": 1.0248960256576538, "response_time": 1190.1573333740234, "answers": ["Altu\u011f \u00c7elikbilek"], "response": "Altu\u011f \u00c7elikbilek is younger than Guy Arvely Dolsin.</s>"}
{"cache_time": 1.0061440467834473, "response_time": 1147.2398173809052, "answers": ["Jugband Blues"], "response": "Joel The Lump Of Coal</s>"}
{"cache_time": 1.0659199953079224, "response_time": 1335.296882867813, "answers": ["yes"], "response": "No.\n\nOpen Mobile is located in Puerto Rico, while Primestar is located in the United States (specifically, Ohio and Kentucky).</s>"}
{"cache_time": 0.9667199850082397, "response_time": 1176.124948978424, "answers": ["Leustach R\u00e1t\u00f3t"], "response": "Guillaume Wittouck.</s>"}
{"cache_time": 0.9806079864501953, "response_time": 1361.9333555698395, "answers": ["Nepal"], "response": "Nepal</s>"}
{"cache_time": 0.9718719720840454, "response_time": 1339.1088032722473, "answers": ["Archibald Acheson, 2nd Earl of Gosford"], "response": "Archibald Acheson, 4th Earl of Gosford's paternal grandfather was Alexander Stewart, Earl of Mar.</s>"}
{"cache_time": 1.0125759840011597, "response_time": 1347.6403393745422, "answers": ["Jean Paul Getty"], "response": "Abd al-Muttalib.</s>"}
{"cache_time": 1.0606720447540283, "response_time": 1260.0652763843536, "answers": ["Goring-on-Thames, Oxfordshire"], "response": "25 December 2016.</s>"}
{"cache_time": 1.0832959413528442, "response_time": 1183.3239817619324, "answers": ["yes"], "response": "Yes. \n\nBased on the given passages, both Gabrielle Beaumont, the director of \"The Godsend\" (19"}
{"cache_time": 1.0928319692611694, "response_time": 1145.321189880371, "answers": ["Wooden Crosses"], "response": "Wooden Crosses</s>"}
{"cache_time": 1.9674240350723267, "response_time": 1344.8688471317291, "answers": ["Above Rubies"], "response": "The Magic Mountain.</s>"}
{"cache_time": 1.0263680219650269, "response_time": 1374.4296684265137, "answers": ["Blue Blood And Red"], "response": "Blue Blood and Red.\n\nAccording to the passage, Paul Bartel, the director of The Longshot, was born in 1938"}
{"cache_time": 1.0288000106811523, "response_time": 1192.6628720760345, "answers": ["Castlemaine, Victoria, Australia"], "response": "George Whaley, the director of the film Clowning Around, was born in Castlemaine, Victoria, Australia.</s>"}
{"cache_time": 0.970304012298584, "response_time": 1197.7671377658844, "answers": ["Lyudmyla Olyanovska"], "response": "Lyudmyla Olyanovska.\n\nPaul De Scherff was born in 1820, and Lyudmyla O"}
{"cache_time": 0.979200005531311, "response_time": 1179.802137374878, "answers": ["Constantinople"], "response": "Ganja\n\nExplanation:\nAccording to the passage, Kamures Kad\u0131n's husband, Sultan Mehmed V"}
{"cache_time": 1.2117120027542114, "response_time": 1344.380756855011, "answers": ["East Francia"], "response": "Melun.\n\nAccording to Passage 3, Bernard (son of Charles the Fat) was born in Melun, France. Therefore,"}
{"cache_time": 1.0335359573364258, "response_time": 1348.5705411434174, "answers": ["Henry Goes Arizona"], "response": "HENRY GOES ARIZONA.\n\nThe passage states that Frank Morgan, the director of Henry Goes Arizona, died in 1"}
{"cache_time": 1.0355199575424194, "response_time": 1334.3636317253113, "answers": ["United Kingdom"], "response": "UNITED KINGDOM.\n\nBased on the given passages, the performer of the song \"I Believe in Your Sweet Love"}
{"cache_time": 1.0429760217666626, "response_time": 1200.4623432159424, "answers": ["All-American Co-Ed"], "response": "All-American Co-Ed.\n\nAccording to the passages provided, the producer of All-American Co-Ed, Djamaluddin"}
{"cache_time": 1.0129599571228027, "response_time": 1205.2504127025604, "answers": ["Buenos Aires"], "response": "Argentina\n\nBased on the given passages, the director of the film A Chrysanthemum Bursts In Cincoesquinas,"}
{"cache_time": 1.0448640584945679, "response_time": 1340.0128192901611, "answers": ["Charlotte Amalie of Hesse-Kassel"], "response": "Eleonore Marie of Anhalt-Bernburg, wife of Duke Gustav Adolph of Mecklenburg-G\u00fcstrow and mother"}
{"cache_time": 1.0160000324249268, "response_time": 1153.5766851902008, "answers": ["Brunswick"], "response": "Switzerland.\n\nAccording to Passage 3, Agnes of Hohenstaufen's husband Louis II died in 1190"}
{"cache_time": 0.9168319702148438, "response_time": 1345.389396905899, "answers": ["Vibia Sabina"], "response": "Annia Fundania Faustina.</s>"}
{"cache_time": 1.0351359844207764, "response_time": 1346.716279745102, "answers": ["Bajo Otro Sol"], "response": "Riding The California Trail.\n\nAccording to the passage, Riding The California Trail was released on January 11, 19"}
{"cache_time": 0.9844160079956055, "response_time": 1337.674110174179, "answers": ["Marie Lafor\u00eat"], "response": "Susan B. Nelson.</s>"}
{"cache_time": 0.9451839923858643, "response_time": 1177.4003503322601, "answers": ["Sandra Nelson"], "response": "There is no mention of a spouse in any of the passages provided. The passages are about different individuals and their biographical information, but"}
{"cache_time": 1.0454399585723877, "response_time": 1141.1730980873108, "answers": ["May 19, 1669"], "response": "20 August 1687.</s>"}
{"cache_time": 1.046015977859497, "response_time": 1178.6418657302856, "answers": ["Palencia"], "response": "Le\u00f3n</s>"}
{"cache_time": 1.0756479501724243, "response_time": 1180.3252229690552, "answers": ["Miley Naa Miley Hum"], "response": "Dance With A Stranger</s>"}
{"cache_time": 1.053760051727295, "response_time": 1335.7580873966217, "answers": ["Tom Mix In Arabia"], "response": "Space Probe Taurus.\n\nAccording to the passage, the director of Space Probe Taurus is Leonard Katzman, and he"}
{"cache_time": 1.0546879768371582, "response_time": 1183.9175267219543, "answers": ["Seven In The Sun"], "response": "Seven In The Sun.\n\nAccording to the passage, Sergio Bergonzelli died later, and he directed Seven In The Sun in 1"}
{"cache_time": 0.9542400240898132, "response_time": 1149.4870183467865, "answers": ["Dr. Socrates"], "response": "Dr. Socrates.</s>"}
{"cache_time": 0.9864000082015991, "response_time": 1179.4286444187164, "answers": ["Changeland"], "response": "Changeland.\n\nThe passage states that the film Changeland, which was released in 2019, was directed by Seth Green"}
{"cache_time": 1.0485440492630005, "response_time": 1351.491738319397, "answers": ["Ruel Redinger"], "response": "Peter Rosegger is younger than Ruel Redinger.\n\nExplanation:\n\nPeter Rosegger was born on October 4,"}
{"cache_time": 1.0569599866867065, "response_time": 1324.9461901187897, "answers": ["Alexandra Kolosova"], "response": "Nikolai Rubinstein.</s>"}
{"cache_time": 1.00764799118042, "response_time": 1177.3943231105804, "answers": ["Jessi Colter"], "response": "Jessi Colter.</s>"}
{"cache_time": 1.0674879550933838, "response_time": 1150.7313423156738, "answers": ["yes"], "response": "NO.\n\nTwin Cairns Island is located in Canada, while Nova Zembla Island is located in Norway. Therefore, they are not located"}
{"cache_time": 0.9982399940490723, "response_time": 1182.0707473754883, "answers": ["William Pooley"], "response": "William Pooley.\n\nAccording to the information provided in the passages, William Pooley died on September 11, 19"}
{"cache_time": 0.944320023059845, "response_time": 1335.5113196372986, "answers": ["Sweden"], "response": "IRISH.\n\nBased on the provided passages, the performer of the song \"You Can\" is Irish singer Astrid North."}
{"cache_time": 0.9518719911575317, "response_time": 1333.4903209209442, "answers": ["yes"], "response": "NO.\n\nNick Varner and Carl Duser have different nationalities. Nick Varner is an American professional pool player, born in Owens"}
{"cache_time": 1.034208059310913, "response_time": 1191.2953932285309, "answers": ["Melody Of The World"], "response": "Ladies Love Danger.</s>"}
{"cache_time": 1.0148799419403076, "response_time": 1182.7891600131989, "answers": ["Madrid"], "response": "Spain.\n\nAccording to passage 10, Rafael Calvo, the Spanish film actor, passed away on December 9, 198"}
{"cache_time": 1.5766079425811768, "response_time": 1344.3209738731384, "answers": ["Gisela Elsner"], "response": "NOT MENTIONED IN THE PASSAGES.\n\nThe passages do not mention the mother of the director of the film Atomised."}
{"cache_time": 1.0488640069961548, "response_time": 1189.1522266864777, "answers": ["La Belle Am\u00e9ricaine"], "response": "La Belle Am\u00e9ricaine.\n\nThe passage states that The Great Man's Lady was directed by Jos\u00e9 Ferrer, while La Belle Am\u00e9ricaine was directed by"}
{"cache_time": 1.0473920106887817, "response_time": 1343.7434480190277, "answers": ["Oklahoma City, Oklahoma"], "response": "Based on the given passages, the place of birth of the director of the film Sweepstakes is not mentioned.</s>"}
{"cache_time": 0.9654080271720886, "response_time": 1178.545142173767, "answers": ["Dubai"], "response": "Garhi Khuda Bakhsh in the Larkana District of Sindh, Pakistan.</s>"}
{"cache_time": 1.699936032295227, "response_time": 1338.1476831436157, "answers": ["La Trinit\u00e9"], "response": "Paris, France.</s>"}
{"cache_time": 0.9502400159835815, "response_time": 1175.6673789024353, "answers": ["Prince Albert of Prussia"], "response": "Barthold A. Butensch\u00f8n Sr.</s>"}
{"cache_time": 0.7713919878005981, "response_time": 682.5365135669708, "answers": ["yes"], "response": "Yes.</s>"}
{"cache_time": 1.0292160511016846, "response_time": 1198.7858228683472, "answers": ["Banbury"], "response": "Beaulieu-sur-Loire.</s>"}
{"cache_time": 1.0636160373687744, "response_time": 1344.7723407745361, "answers": ["Sir Paul Gore, 1st Baronet"], "response": "Sir Paul Gore, 1st Baronet.</s>"}
{"cache_time": 1.0227199792861938, "response_time": 1709.0650548934937, "answers": ["Fatimid caliphate"], "response": "Egypt.\n\nAccording to Passage 3, Nizar Al-Mustafa's father was the Fatimid caliph"}
{"cache_time": 0.9508799910545349, "response_time": 1462.3713791370392, "answers": ["Dayton, Ohio"], "response": "Euno\u00eb Maura.</s>"}
{"cache_time": 1.043552041053772, "response_time": 1331.628870010376, "answers": ["Ona Munson"], "response": "Bill Graham.</s>"}
{"cache_time": 1.0353920459747314, "response_time": 1335.0539247989655, "answers": ["The Drover'S Sweetheart"], "response": "Pigsty (Film).</s>"}
{"cache_time": 1.1062079668045044, "response_time": 1402.2964220046997, "answers": ["Tumkur"], "response": "Fayetteville, Arkansas.\n\nThis information can be found in Passage 1, where it is stated that Jason Moore, the director of"}
{"cache_time": 0.9579839706420898, "response_time": 1333.1228337287903, "answers": ["Det Sande Ansigt"], "response": "Closely Watched Trains.</s>"}
{"cache_time": 1.011423945426941, "response_time": 1363.2579782009125, "answers": ["Bomgay"], "response": "Il Gaucho. \n\nBrian Kennedy does not have any films listed as a director, only as a director of museums. None of the"}
{"cache_time": 1.0212479829788208, "response_time": 1336.7542505264282, "answers": ["Preslav"], "response": "Beaulieu-sur-Loire.</s>"}
{"cache_time": 1.0467519760131836, "response_time": 1196.3210215568542, "answers": ["Revolt Of The Praetorians"], "response": "The PyramMMID came out first.\n\nAll the passages are describing different movies, but the release order is:\n\n1. My"}
{"cache_time": 1.0754879713058472, "response_time": 1182.5959310531616, "answers": ["yes"], "response": "No, they are not from the same country.\n\nLa Morte Vivante (The Living Dead Girl) is a French horror-drama film directed"}
{"cache_time": 1.0358079671859741, "response_time": 1337.587550163269, "answers": ["poisoning"], "response": "poisoned bowl of pea soup.</s>"}
{"cache_time": 0.9572479724884033, "response_time": 1336.6921508312225, "answers": ["America"], "response": "Charlie Sheen.\n\nBased on the passage, the director of the film Postmortem (1998) is Charlie Sheen, an"}
{"cache_time": 0.991104006767273, "response_time": 1365.985191822052, "answers": ["Kingdom of Hawaii"], "response": "* Rumbold (mentioned in the passage as the patron saint of Mechelen, whose feast day is celebrated on June 24"}
{"cache_time": 0.9817600250244141, "response_time": 1346.1831223964691, "answers": ["X-Paroni"], "response": "Mi Novia Est\u00e1 De Madre.\n\nAccording to the passages, Mi Novia Est\u00e1 De Madre is a"}
{"cache_time": 1.0310399532318115, "response_time": 1184.9374108314514, "answers": ["Vasantha Raagam"], "response": "August Underground's Penance.\n\nAccording to the passages provided, August Underground's Penance was released in 200"}
{"cache_time": 0.9790400266647339, "response_time": 1175.596163034439, "answers": ["Lee Byung-chul"], "response": "John Vernou Bouvier III.\n\nAccording to the passage, Hong Ra-Hee is the widow of Lee Kun-hee,"}
{"cache_time": 0.9494400024414062, "response_time": 1331.8667335510254, "answers": ["John I, Duke of Bourbon"], "response": "Louis I, Duke of Bourbon.</s>"}
{"cache_time": 1.0475200414657593, "response_time": 1295.1521906852722, "answers": ["27 June 1839"], "response": "23 October 1893.</s>"}
{"cache_time": 1.0824960470199585, "response_time": 1345.1315455436707, "answers": ["Gura Humorului"], "response": "Audie Murphy.</s>"}
{"cache_time": 0.974399983882904, "response_time": 1190.263279914856, "answers": ["Fran\u00e7oise Hardy"], "response": "Amandine Bourgeois. The passage states that she performed the song \"L'enfer et moi\" at the Eurovision Song Contest 2"}
{"cache_time": 1.0595840215682983, "response_time": 1568.3405830860138, "answers": ["Charles Wheatstone"], "response": "Charles Wheatstone lived longer than Jean-Claude Lauzon.\n\nAccording to the text, Charles Wheatstone was born in 18"}
{"cache_time": 0.9927679896354675, "response_time": 1329.509784936905, "answers": ["Washington"], "response": "Perryville, Missouri.</s>"}
{"cache_time": 0.9751999974250793, "response_time": 1185.495207309723, "answers": ["London Melody"], "response": "Our Agent Tiger.\n\nAccording to the given passages, Claude Chabrol directed Our Agent Tiger in 1965, and"}
{"cache_time": 0.9535040259361267, "response_time": 1329.8629438877106, "answers": ["Fla\u00edn Mu\u00f1oz"], "response": "Fernando Fern\u00e1ndez De Oviedo.</s>"}
{"cache_time": 1.095039963722229, "response_time": 1344.2719795703888, "answers": ["Mira Sorvino"], "response": "The child of the director of the film The Trouble with Cali is:\n\nN/A. There is no mention of the director having"}
{"cache_time": 1.024448037147522, "response_time": 1448.4039595127106, "answers": ["yes"], "response": "NO.\n\nDing Yaping is a Chinese and German former international table tennis player, while Johann Christian Gustav Lucae is a German anatomist"}
{"cache_time": 1.0048320293426514, "response_time": 1332.913449048996, "answers": ["Norway"], "response": "Denmark</s>"}
{"cache_time": 0.9716160297393799, "response_time": 1339.9238505363464, "answers": ["illness"], "response": "I don't know. There is no information about Heonjong Of Goryeo's father's cause of death in the given pass"}
{"cache_time": 0.997215986251831, "response_time": 1149.9158008098602, "answers": ["Harby"], "response": "Grovebury Priory in Bedfordshire.</s>"}
{"cache_time": 1.027232050895691, "response_time": 1338.54035115242, "answers": ["Hong Kong Film Award for Best Director"], "response": "Not Quite Hollywood: The Wild, Untold Story of Ozploitation! (2008) (documentary)</s>"}
{"cache_time": 1.0289920568466187, "response_time": 1146.522850036621, "answers": ["3 September 1992"], "response": "No information is given about the date of death of the director of the film Nallavan Vazhvan.</s>"}
{"cache_time": 0.9858880043029785, "response_time": 1332.8094410896301, "answers": ["Nathaniel Mclenaghan"], "response": "Nathaniel Mclenaghan.\n\nBased on the given passages, Frederick Cleveland Morgan passed away in 1962, while Nathan"}
{"cache_time": 1.0020159482955933, "response_time": 1333.4105772972107, "answers": ["Tisch"], "response": "Tisch School of the Arts.</s>"}
{"cache_time": 1.1189119815826416, "response_time": 1500.555225610733, "answers": ["Cuchillos De Fuego"], "response": "A Woman Has Killed. \n\nAccording to the given passages, the director of A Woman Has Killed is Vittorio Cottafavi"}
{"cache_time": 0.973471999168396, "response_time": 1145.0522074699402, "answers": ["Moment Of Danger"], "response": "The Ballad of Josie</s>"}
{"cache_time": 0.976032018661499, "response_time": 1180.4739294052124, "answers": ["De As"], "response": "Based on the given passages, Rock Street Journal was established before De AS. Passage 1 states that Rock Street Journal was founded in"}
{"cache_time": 0.9881600141525269, "response_time": 1346.0676522254944, "answers": ["The Piper'S Price"], "response": "The Blonde From Singapore.\n\nBased on the provided passages, the director who died first is Edward \"Eddie\" Demarest M"}
{"cache_time": 1.0456960201263428, "response_time": 1179.9684445858002, "answers": ["yes"], "response": "NO\n\nH.H. Hunnewell was an American railroad financier, philanthropist, and horticulturist, born in"}
{"cache_time": 0.9422720074653625, "response_time": 1334.0635454654694, "answers": ["13 March 1753"], "response": "Marie de Bourbon, Duchess of Montpensier (15 October 1605 \u2013 4 June 1627"}
{"cache_time": 1.0217920541763306, "response_time": 1204.7987506389618, "answers": ["No Trees In The Street"], "response": "No Trees In The Street.\n\nThe passage states that J. Lee Thompson, the director of No Trees In The Street, died later, while"}
{"cache_time": 0.9482560157775879, "response_time": 1349.7713866233826, "answers": ["Methala"], "response": "Pisharody was born in Methala, near Perumbavoor, Kerala.</s>"}
{"cache_time": 0.9535679817199707, "response_time": 1189.7050218582153, "answers": ["Alkohol"], "response": "Night of Dark Shadows came out earlier than Alkohol.\n\nAccording to the passages, Night of Dark Shadows was released in"}
{"cache_time": 1.0240639448165894, "response_time": 1368.5664925575256, "answers": ["Do Musafir"], "response": "Do Musafir.\n\nDevendra Goel, the director of Do Musafir, was born in 1919, while Roy William"}
{"cache_time": 1.1436799764633179, "response_time": 1369.7141950130463, "answers": ["no"], "response": "No.\n\nRevolt in the Big House is an American film (1958) directed by R. G. Springsteen, while"}
{"cache_time": 1.02128005027771, "response_time": 1184.234878540039, "answers": ["New York"], "response": "None of the above.\n\nThe composer of the film Consenting Adults (1992) is not listed in the passages provided"}
{"cache_time": 0.9639679789543152, "response_time": 1202.229765176773, "answers": ["Contragolpe"], "response": "Contragolpe</s>"}
{"cache_time": 0.9455360174179077, "response_time": 1338.7347421646118, "answers": ["Mumbai"], "response": "Mumbai.\n\nAccording to Passage 10, Bhappi Sonie, the director of the film Jail Yatra, died"}
{"cache_time": 0.959231972694397, "response_time": 1372.8533735275269, "answers": ["The Comedians Of Comedy"], "response": "The Comedians of Comedy.\n\nThe Comedians of Comedy was released in 2005, while F the Prom was released"}
{"cache_time": 1.1069120168685913, "response_time": 1348.1182806491852, "answers": ["Tombstone Rashomon"], "response": "Waiting for the Clouds.\n\nAccording to the given passages, the director of Waiting for the Clouds is Alex Cox, who"}
{"cache_time": 1.011072039604187, "response_time": 1345.784469127655, "answers": ["Dhuen Ki Lakeer"], "response": "Dhuen Ki Lakeer.\n\nRamesh Arora and Parveen Babi are associated with the film Dhuen Ki Lakeer"}
{"cache_time": 1.054975986480713, "response_time": 1358.0099108219147, "answers": ["Perd\u00f3n, Viejita"], "response": "Perd\u00f3n, Viejita.\n\nAccording to the passage, Jos\u00e9 A. Ferreyra was born on August 28, 1"}
{"cache_time": 0.9767040014266968, "response_time": 1493.5486142635345, "answers": ["University of Wisconsin"], "response": "University of Wisconsin-Madison.\n\nAccording to the passage, David Wexler, the director of the film American Gothic ("}
{"cache_time": 0.9415680170059204, "response_time": 1187.5084671974182, "answers": ["Dudley Russell"], "response": "Juan Ren\u00e9 Serrano Guti\u00e9rrez (born February 23, 1984) was born before Dudley Russell (born"}
{"cache_time": 1.0088000297546387, "response_time": 1182.3278036117554, "answers": ["Mirjam Polkunen"], "response": "Mirjam Polkunen.\n\nAccording to the provided passages, Mirjam Polkunen was born on March 2,"}
{"cache_time": 1.4601919651031494, "response_time": 1172.2045693397522, "answers": ["Saint Petersburg"], "response": "Prince Vladimir Kirillovich of Russia.</s>"}
{"cache_time": 0.9604160189628601, "response_time": 1340.3758490085602, "answers": ["Eindhoven"], "response": "Switzerland.\n\nAccording to Passage 10, the director of the film The Dinner (2013), Menno Meyjes,"}
{"cache_time": 1.0147199630737305, "response_time": 1455.147386789322, "answers": ["Women'S Suffrage Journal"], "response": "Women's Suffrage Journal.\n\nAccording to the passages, Women's Suffrage Journal was established in 1870"}
{"cache_time": 0.9695360064506531, "response_time": 1184.9425497055054, "answers": ["Fairmont, West Virginia"], "response": "B. Greenock, Scotland.</s>"}
{"cache_time": 1.2550400495529175, "response_time": 1337.267626285553, "answers": ["The Market Of Souls"], "response": "Neither Mayor Muthanna nor The Market of Souls has a director who died earlier.\n\nAll the passages are about different people,"}
{"cache_time": 1.1908479928970337, "response_time": 1347.6218039989471, "answers": ["yes"], "response": "No.\n\nThe directors of the two films, The Glass Castle (1950 Film) and The Ferret (Film), are"}
{"cache_time": 0.9563519954681396, "response_time": 1187.1096539497375, "answers": ["Morocco"], "response": "Tunisia.</s>"}
{"cache_time": 0.8911679983139038, "response_time": 1175.484625339508, "answers": ["Akkadian empire"], "response": "The place of death of Enheduanna's father is not specified in the given passages.</s>"}
{"cache_time": 0.9754239916801453, "response_time": 1183.822164773941, "answers": ["Tarzan The Magnificent"], "response": "Tarzan the Magnificent.\n\nAccording to the information provided, the director of Tarzan the Magnificent, Robert Day, was"}
{"cache_time": 0.9504320025444031, "response_time": 1339.8371481895447, "answers": ["Wolf Warrior"], "response": "None of the given films.\n\nNone of the directors mentioned in the passages was born later than the other. Walter Augustus Barratt,"}
{"cache_time": 0.9797760248184204, "response_time": 1181.6897239685059, "answers": ["Tr\u1ecbnh B\u00ednh"], "response": "Lyon Cohen.</s>"}
{"cache_time": 0.9564480185508728, "response_time": 1340.1558513641357, "answers": ["Gura Humorului"], "response": "Ronald Reagan.</s>"}
{"cache_time": 0.9283199906349182, "response_time": 1177.2857251167297, "answers": ["Crenshaw"], "response": "London, England.</s>"}
{"cache_time": 0.9444800019264221, "response_time": 1236.317673921585, "answers": ["Winter Sleepers"], "response": "Winter Sleepers.\n\nTom Tykwer, the director of Winter Sleepers, was born on June 23, 191"}
{"cache_time": 1.504480004310608, "response_time": 1353.6141567230225, "answers": ["Adolf II of Berg"], "response": "Friedrich Wilhelm Bernhard von Berg.</s>"}
{"cache_time": 1.041759967803955, "response_time": 1342.738879442215, "answers": ["no"], "response": "NO.\n\nThe Other Half (2016 Film) is a film directed by Robert Mulligan, released in 2016,"}
{"cache_time": 1.05840003490448, "response_time": 1181.4918594360352, "answers": ["M\u00fclheim an der Ruhr"], "response": "Helge Schneider, the director of the film 00 Schneider \u2013 Jagd auf Nihil Baxter, was born in M\u00fclheim"}
{"cache_time": 1.0533440113067627, "response_time": 1352.0456795692444, "answers": ["Una Prostituta Al Servizio Del Pubblico E In Regola Con Le Leggi Dello Stato"], "response": "Una Prostituta Al Servizio Del Pubblico E In Regola Con Le Leggi Dello Stato.\n\nAccording to the passages"}
{"cache_time": 1.0374079942703247, "response_time": 1196.9273791313171, "answers": ["yes"], "response": "NO, The Hatton Garden Job and Carry On Cleo are not from the same country. Carry On Cleo is a British comedy film, while"}
{"cache_time": 0.9818559885025024, "response_time": 1332.4576480388641, "answers": ["Mongkut"], "response": "Kiat Abhakara.</s>"}
{"cache_time": 1.003167986869812, "response_time": 1334.916272163391, "answers": ["Lady Frances Manners"], "response": "Elizabeth Clinton</s>"}
{"cache_time": 1.5620479583740234, "response_time": 1187.5158438682556, "answers": ["Cahiers du cin\u00e9ma"], "response": "Amsterdam.\n\nAccording to the provided passages, the director of the film L'Arbre, Le Maire Et La M\u00e9diath\u00e8que is"}
{"cache_time": 0.9671040177345276, "response_time": 1209.307327747345, "answers": ["Newport, Wales"], "response": "The director of the film Eisenstein in Guanajuato, Peter Greenaway, was born in the United Kingdom.</s>"}
{"cache_time": 0.9733120203018188, "response_time": 1335.2063057422638, "answers": ["Gordonsville, Virginia"], "response": "Gordonsville, Orange County, Virginia.</s>"}
{"cache_time": 0.9690240025520325, "response_time": 1148.9688460826874, "answers": ["Mangalia"], "response": "Mangalia, Romania.</s>"}
{"cache_time": 1.5915839672088623, "response_time": 1205.6910259723663, "answers": ["F\u00e9lix Leclerc"], "response": "Pier-Luc Funk's father is Obata Toramori.</s>"}
{"cache_time": 1.0264960527420044, "response_time": 1176.910361289978, "answers": ["Jacques"], "response": "Henri I, Duke of Nemours.</s>"}
{"cache_time": 0.9656000137329102, "response_time": 1340.1280102729797, "answers": ["G\u00e9za"], "response": "Stephen I of Hungary.</s>"}
{"cache_time": 0.9945279955863953, "response_time": 1338.3828070163727, "answers": ["Yi Jiang"], "response": "Thuya.</s>"}
{"cache_time": 1.0358079671859741, "response_time": 1188.0480375289917, "answers": ["November 3, 1867"], "response": "March 17, 1853.</s>"}
{"cache_time": 0.9680960178375244, "response_time": 1339.0093762874603, "answers": ["Ivy Duke"], "response": "Queen Marie Louise Coidavid.</s>"}
{"cache_time": 0.951807975769043, "response_time": 1358.8535492420197, "answers": ["1 August 1813"], "response": "1 August 1813.</s>"}
{"cache_time": 1.0550400018692017, "response_time": 1412.2547135353088, "answers": ["Season Of Strangers"], "response": "The Yellow Teddy Bears.\n\nRobert Hartford-Davis, the director of The Yellow Teddy Bears, was born"}
{"cache_time": 0.9835519790649414, "response_time": 1149.716332435608, "answers": ["yes"], "response": "NO.\n\nJake Eisenhart and Michael T. Ullman have different nationalities.\n\nJake Eisenhart is an American businessman,"}
{"cache_time": 1.0977280139923096, "response_time": 1181.3982713222504, "answers": ["Antoine Casavant"], "response": "Antoine Casavant.\n\nAccording to the information provided in the passages, Antoine Casavant was born on December 28, 191"}
{"cache_time": 0.9083520174026489, "response_time": 1334.3381645679474, "answers": ["Oxford"], "response": "Oxford.</s>"}
{"cache_time": 1.0195839405059814, "response_time": 1357.0096909999847, "answers": ["Sir Hew Dalrymple, 2nd Baronet"], "response": "Sir John Dalrymple, 4th Baronet.</s>"}
{"cache_time": 0.9986879825592041, "response_time": 1347.562306880951, "answers": ["Murderer In The Fog"], "response": "Khud-Daar.\n\nRavi Tandon, the director of Khud-Daar, was born on February 17, 1"}
{"cache_time": 0.9496319890022278, "response_time": 1334.2680311203003, "answers": ["Milla"], "response": "Milla Jovovich</s>"}
{"cache_time": 0.9644160270690918, "response_time": 1333.8434505462646, "answers": ["Lecce"], "response": "Based on Passage 3, Catherine of Taranto, Countess of Copertino's mother Mary of Enghien died in either"}
{"cache_time": 0.970848023891449, "response_time": 1352.5957336425781, "answers": ["Prometheus Award"], "response": "The director of the film Lady Magdalene's, J. Neil Schulman, won the following awards:\n\n1. Best Cut"}
{"cache_time": 0.9699839949607849, "response_time": 1181.364468574524, "answers": ["Duchy of Saxe-Gotha-Altenburg"], "response": "PRUSSIAN.\n\nAccording to Passage 10, Princess Charlotte of Saxe-Meiningen married a Prussian,"}
{"cache_time": 0.9720960259437561, "response_time": 1155.7598657608032, "answers": ["Station For Two"], "response": "The Longshots.\n\nEldar Ryazanov, the director of Station for Two, was born on November 18,"}
{"cache_time": 0.9689279794692993, "response_time": 1334.4840466976166, "answers": ["Inverkeithing"], "response": "Inverkeithing, Fife.</s>"}
{"cache_time": 0.9579520225524902, "response_time": 1342.9253778457642, "answers": ["1234"], "response": "We don't know.\n\nThere is no information provided in the passages about the date of Thomas Of Galloway (Bastard)'s"}
{"cache_time": 0.933791995048523, "response_time": 1144.5876553058624, "answers": ["25 July 1666"], "response": "1669\n\nAccording to the passage, Robert Bertie, 3rd Earl of Lindsey's father, Montagu Bert"}
{"cache_time": 1.038912057876587, "response_time": 1347.2938466072083, "answers": ["The Wind'S Fierce"], "response": "Special Delivery (1927 Film).\n\nThe passage 10, which describes the film Special Delivery, indicates that it was directed by"}
{"cache_time": 1.3355200290679932, "response_time": 1179.1143555641174, "answers": ["drowning"], "response": "The director of the film \"Port of Seven Seas,\" James Whale, died on May 29, 1957,"}
{"cache_time": 1.143839955329895, "response_time": 1193.0412364006042, "answers": ["Abu Dhabi"], "response": "Ajman.\n\nAccording to Passage 9, Abdulaziz Nasser Al Shamsi's wife, Hissa Abdulla"}
{"cache_time": 1.0029759407043457, "response_time": 1180.4824962615967, "answers": ["Prenzlau"], "response": "Passage 1:\nChristiane Wartenberg's place of birth is Prenzlau, Germany.</s>"}
{"cache_time": 0.9376000165939331, "response_time": 1177.9756073951721, "answers": ["Pozna\u0144"], "response": "Poland.\n\nAccording to Passage 1, the film \"Edges of the Lord\" was set in Poland during World War II, and the"}
{"cache_time": 0.9470720291137695, "response_time": 1179.5332038402557, "answers": ["Italy"], "response": "The father of Teobaldo II Ordelaffi, Giorgio Ordelaffi, was born in Forli, Italy.</s>"}
{"cache_time": 0.9152960181236267, "response_time": 1339.3787624835968, "answers": ["Toronto, Ontario"], "response": "Passage 1: James Randall Marsh\n\nQuestion: Where was James Randall Marsh born?\n\nAnswer: James Randall Marsh was"}
{"cache_time": 1.0337920188903809, "response_time": 1495.1081502437592, "answers": ["Forbidden Daughters"], "response": "The Third Kiss.</s>"}
{"cache_time": 0.9827520251274109, "response_time": 1340.4897973537445, "answers": ["yes"], "response": "No, Leslie Pietrzyk does not have the same nationality as Marianne Wiggins.\n\nMarianne Wiggins is an American"}
{"cache_time": 0.9360319972038269, "response_time": 1148.1321122646332, "answers": ["Bogdan \u021a\u0103ru\u0219"], "response": "Robert Wulnikowski.\n\nAccording to the passages, Robert Wulnikowski was born in 1977,"}
{"cache_time": 0.9455999732017517, "response_time": 1180.1524641513824, "answers": ["Sandflow"], "response": "Sandflow.\n\nBased on the given passages, the director who died first is Lesley Selander, as the passage for Folgore Division"}
{"cache_time": 1.0206719636917114, "response_time": 1335.525326013565, "answers": ["From Corleone To Brooklyn"], "response": "Durango Valley Raiders.\n\nSam Newfield, the director of Durango Valley Raiders, was born in 1899, while Um"}
{"cache_time": 1.0275839567184448, "response_time": 1152.4254212379456, "answers": ["yes"], "response": "YES.\n\nBoth Howard Lake (British Columbia) and North Buck Lake (Alberta) are located in Canada.</s>"}
{"cache_time": 0.9839360117912292, "response_time": 1146.53076338768, "answers": ["Vienna"], "response": "Westwood Village Memorial Park Cemetery.</s>"}
{"cache_time": 2.585952043533325, "response_time": 1182.8875272274017, "answers": ["Johnny Ekstr\u00f6m"], "response": "Hugh Evelyn Wortham was born earlier, on May 7, 1884, while Johnny Ekstr\u00f6m was born on June 3"}
{"cache_time": 1.016319990158081, "response_time": 1035.776015996933, "answers": ["yes"], "response": "No.\n\nYana Urqu (Q'umirqucha) is located in Peru, while Puka Rumi is located in Peru and Jun"}
{"cache_time": 0.9995520114898682, "response_time": 1385.2779183387756, "answers": ["England"], "response": "Edward I of England, who was an English king.</s>"}
{"cache_time": 0.9934399724006653, "response_time": 1152.546970129013, "answers": ["Parkinson"], "response": "Not specified.\n\nThe passage does not provide any information about the cause of death of the director of the film \"I Will, I Will... For Now"}
{"cache_time": 0.9921600222587585, "response_time": 1336.4409844875336, "answers": ["Roger Mortimer, 1st Earl of March"], "response": "Thomas De Berkeley, 3rd Baron Berkeley.</s>"}
{"cache_time": 0.9584959745407104, "response_time": 1181.162035703659, "answers": ["Albertus Seba"], "response": "Ali Dinar died first.\n\nAccording to the information provided in the passages, Ali Dinar died on November 6, 191"}
{"cache_time": 0.993664026260376, "response_time": 1262.5623834133148, "answers": ["Ferdinand I of the Two Sicilies"], "response": "Marqueret G\u00e9rard.</s>"}
{"cache_time": 0.9896320104598999, "response_time": 1334.3087668418884, "answers": ["Prince Of Arcadia"], "response": "Prince Of Arcadia.</s>"}
{"cache_time": 1.0404479503631592, "response_time": 1348.9712781906128, "answers": ["Milan"], "response": "Italy.\n\nAccording to Passage 5, the Italian pop singer Gi\u00f2 Di Tonno was born on August 5, 197"}
{"cache_time": 0.9347839951515198, "response_time": 1195.2367889881134, "answers": ["K\u00f6ln"], "response": "Germany\n\nNanon (1938 film) was directed by Herbert Maisch, who died in Germany. The passage states: \"Herbert Ma"}
