{"cache_time": 3923.182373046875, "response_time": 223.97262454032898, "answers": ["Ozalj"], "response": "Transylvania. Passage 1 states that Francis I R\u00e1k\u00f3czi's wife, Ilona Zr\u00ednyi, was born in Gy"}
{"cache_time": 3987.08984375, "response_time": 204.74627590179443, "answers": ["John the Baptist"], "response": "Jim Ramel Kjellgren\n\nExplanation:\n\nThe question is asking about the grandchild of Sobe (Sister"}
{"cache_time": 3569.0634765625, "response_time": 208.9746265411377, "answers": ["Cahiers du cin\u00e9ma"], "response": "France.\n\nAccording to Passage 8, the director of the film \"Man at Bath\" is Christophe Honor\u00e9, and he is based"}
{"cache_time": 3854.630859375, "response_time": 207.59065461158752, "answers": ["no"], "response": "No.\n\nBeauty and the Bad Man is a 1925 American silent Western film directed by William Worthington, while Wild Child"}
{"cache_time": 3521.82958984375, "response_time": 219.49154424667358, "answers": ["1510"], "response": "1532\n\nAccording to Passage 4, William Paulet, 3rd Marquess of Winchester's"}
{"cache_time": 2415.124755859375, "response_time": 209.5285952091217, "answers": ["Edward Watson"], "response": "Lewis Watson, 1st Earl of Rockingham.</s>"}
{"cache_time": 2391.30126953125, "response_time": 220.5596854686737, "answers": ["16 September 1360"], "response": "March 25, 1342.\n\nThis information can be found in Passage 4, which states that Humphrey de Boh"}
{"cache_time": 2203.058837890625, "response_time": 205.93298649787903, "answers": ["Cunimund"], "response": "Barthold A. Butensch\u00f8n Sr.</s>"}
{"cache_time": 2146.1328125, "response_time": 202.09534168243408, "answers": ["St Patrick's College"], "response": "Blackrock, County Louth, Ireland.</s>"}
{"cache_time": 3962.206787109375, "response_time": 213.13200640678406, "answers": ["Bob Jones University"], "response": "Unusual Films.\n\nAccording to Passage 7, Katherine Stenholm is the director of the film Wine of Morning,"}
{"cache_time": 5712.93603515625, "response_time": 211.4909312725067, "answers": ["The House Of The Seven Hawks"], "response": "The Secret Invasion</s>"}
{"cache_time": 2804.821533203125, "response_time": 211.78896236419678, "answers": ["Marie of Hohenstaufen"], "response": "Marie of Brabant, Queen of France's paternal grandmother was Marie of Brabant.</s>"}
{"cache_time": 3524.664794921875, "response_time": 210.88268494606018, "answers": ["Guy II, Count of Soissons"], "response": "John I, Count of Soissons.</s>"}
{"cache_time": 3255.1689453125, "response_time": 213.17688393592834, "answers": ["26 April 1872"], "response": "26 March 1839.</s>"}
{"cache_time": 2154.23583984375, "response_time": 203.50702285766602, "answers": ["America"], "response": "Australia.\n\nAccording to Passage 2, the director of Renegade Force is Ian Barry, and he is an Australian director of film and"}
{"cache_time": 3459.237548828125, "response_time": 201.25091075897217, "answers": ["Ona Munson"], "response": "EDWARD BUZZELL.</s>"}
{"cache_time": 2189.295654296875, "response_time": 210.3574914932251, "answers": ["The Death Of Black King"], "response": "Indradhanura Chhai came out earlier.\n\nAccording to the passages, Indradhanura Chhai was released in 199"}
{"cache_time": 2983.437255859375, "response_time": 252.29534316062927, "answers": ["no"], "response": "No.\n\nThe director of The Reincarnation of Golden Lotus (Clara Law) is from Hong Kong, while the director of I'"}
{"cache_time": 2114.64306640625, "response_time": 226.56922340393066, "answers": ["no"], "response": "No, Rhosgoch is located in Wales, UK, while Qaleh-Ye Sahar is located in Iran.</s>"}
{"cache_time": 3644.840576171875, "response_time": 232.7572774887085, "answers": ["Mysore"], "response": "Renaldo Rama was born in Albania.</s>"}
{"cache_time": 3621.78662109375, "response_time": 208.14160799980164, "answers": ["Kristiania"], "response": "Hamar.</s>"}
{"cache_time": 3413.08837890625, "response_time": 217.818452835083, "answers": ["Lee Strasberg Theatre and Film Institute"], "response": "Kathy Griffin graduated from Oak Park River Forest High School.</s>"}
{"cache_time": 3965.19482421875, "response_time": 213.34192514419556, "answers": ["Hell Up In Harlem"], "response": "The Soviet Story.\n\nThe director of The Soviet Story, Edv\u012bns \u0160nore, was born before the director of Hell Up in Harlem"}
{"cache_time": 3738.335205078125, "response_time": 210.61868333816528, "answers": ["Cipriano Castro"], "response": "Cipriano Castro was born first.\n\nAccording to the passages, Cipriano Castro was born on December 6, 1"}
{"cache_time": 3190.486083984375, "response_time": 219.37744855880737, "answers": ["Monster On The Campus"], "response": "Neither film has the director who died first, as both films are still in production and have not yet been released.</s>"}
{"cache_time": 3439.44873046875, "response_time": 218.72902917861938, "answers": ["Altu\u011f \u00c7elikbilek"], "response": "Altu\u011f \u00c7elikbilek is younger than Guy Arvely Dolsin.\n\n\u00c7elikbilek was born on"}
{"cache_time": 3278.425048828125, "response_time": 213.72998976707458, "answers": ["Jugband Blues"], "response": "Joel The Lump Of Coal.</s>"}
{"cache_time": 2198.850341796875, "response_time": 209.16138696670532, "answers": ["yes"], "response": "No.\n\nBoth Open Mobile and Primestar are not located in the same country.\n\nOpen Mobile is located in Puerto Rico, while Prim"}
{"cache_time": 2194.710693359375, "response_time": 202.29255056381226, "answers": ["Leustach R\u00e1t\u00f3t"], "response": "Guillaume Wittouck.</s>"}
{"cache_time": 3572.0546875, "response_time": 202.83763313293457, "answers": ["Nepal"], "response": "Yaksheswar, Nepal.</s>"}
{"cache_time": 3667.760009765625, "response_time": 224.14724779129028, "answers": ["Archibald Acheson, 2nd Earl of Gosford"], "response": "The 2nd Earl of Gosford.</s>"}
{"cache_time": 2430.69384765625, "response_time": 206.04569292068481, "answers": ["Jean Paul Getty"], "response": "Abd al-Muttalib.\n\nExplanation:\n\nThe passage provided does not mention Mark Getty or anyone with that name. Therefore"}
{"cache_time": 3584.51904296875, "response_time": 202.60608434677124, "answers": ["Goring-on-Thames, Oxfordshire"], "response": "25 December 2016.</s>"}
{"cache_time": 2732.10205078125, "response_time": 210.04618215560913, "answers": ["yes"], "response": "Yes. Both Gabrielle Beaumont, the director of the film \"The Godsend,\" and Reginald Fogwell, the director of the film"}
{"cache_time": 2148.53076171875, "response_time": 201.38154816627502, "answers": ["Wooden Crosses"], "response": "Wooden Crosses.\n\nThe director of Wooden Crosses, Raymond Bernard, was born in 1891, while the director of The"}
{"cache_time": 2175.746337890625, "response_time": 204.5191628932953, "answers": ["Above Rubies"], "response": "The Magic Mountain.</s>"}
{"cache_time": 3500.349365234375, "response_time": 212.6400785446167, "answers": ["Blue Blood And Red"], "response": "Blue Blood and Red.\n\nAccording to the passage, Paul Bartel, the director of The Longshot, was born in 1938"}
{"cache_time": 3651.6640625, "response_time": 212.8102889060974, "answers": ["Castlemaine, Victoria, Australia"], "response": "The place of birth of the director of the film \"Clowning Around\" is Perth, Western Australia.</s>"}
{"cache_time": 2196.527099609375, "response_time": 205.59540510177612, "answers": ["Lyudmyla Olyanovska"], "response": "Lyudmyla Olyanovska.\n\nAccording to the provided passages, Paul De Scherff was born in 182"}
{"cache_time": 3340.73681640625, "response_time": 204.9621708393097, "answers": ["Constantinople"], "response": "According to the passage, the place of birth of Kamures Kad\u0131n's husband is not specified. The passage only provides information about"}
{"cache_time": 3298.693359375, "response_time": 210.74135065078735, "answers": ["East Francia"], "response": "Melun, France.\n\nAccording to Passage 1, Bernard (son of Charles the Fat) was born in Melun, France."}
{"cache_time": 3099.543701171875, "response_time": 222.83503818511963, "answers": ["Henry Goes Arizona"], "response": "Henry Goes Arizona.\n\nAccording to the passage, the director of Henry Goes Arizona, Edwin L. Marin, died first, in"}
{"cache_time": 2205.096435546875, "response_time": 202.73549270629883, "answers": ["United Kingdom"], "response": "WALES.</s>"}
{"cache_time": 2189.68212890625, "response_time": 210.59222316741943, "answers": ["All-American Co-Ed"], "response": "All-American Co-Ed.\n\nHal Roach, the producer of All-American Co-Ed, was born on January 14,"}
{"cache_time": 2200.74267578125, "response_time": 205.09418320655823, "answers": ["Buenos Aires"], "response": "Buenos Aires.\n\nAccording to the passage, the director of the film \"A Chrysanthemum Bursts in Cincoesquinas"}
{"cache_time": 2612.64453125, "response_time": 209.50087690353394, "answers": ["Charlotte Amalie of Hesse-Kassel"], "response": "Eleonore Marie (1600\u20131657), daughter of Prince Christian I of Anhalt-Bernburg, who"}
{"cache_time": 2423.28369140625, "response_time": 203.76457977294922, "answers": ["Brunswick"], "response": "Swabia.\n\nAccording to Passage 1, Agnes of Hohenstaufen's husband was Duke Frederick II of Swab"}
{"cache_time": 2486.896728515625, "response_time": 205.4587984085083, "answers": ["Vibia Sabina"], "response": "Annia Fundania Faustina.\n\nAccording to Passage 10, Annia Fundania Faustina was the aunt of Marcus"}
{"cache_time": 2878.419189453125, "response_time": 211.65036916732788, "answers": ["Bajo Otro Sol"], "response": "Bajo Otro Sol was released more recently.\n\nBajo Otro Sol was released in 1988, while Riding the California Tra"}
{"cache_time": 3263.06396484375, "response_time": 206.114182472229, "answers": ["Marie Lafor\u00eat"], "response": "Susan B. Nelson.</s>"}
{"cache_time": 2894.49365234375, "response_time": 210.90735721588135, "answers": ["Sandra Nelson"], "response": "There is no mention of a spouse or director of a film called \"Streets of Blood\" in the text you provided.</s>"}
{"cache_time": 2186.606689453125, "response_time": 206.07003211975098, "answers": ["May 19, 1669"], "response": "The father of Henrietta Maria Of Brandenburg-Schwedt, Margrave Frederick William, was born on August 27, 17"}
{"cache_time": 2179.46728515625, "response_time": 200.0411891937256, "answers": ["Palencia"], "response": "Palencia.</s>"}
{"cache_time": 2199.6572265625, "response_time": 211.94543981552124, "answers": ["Miley Naa Miley Hum"], "response": "Dance With A Stranger.\n\nThe passage provides information about the release date of the film Dance With A Stranger, which was released in 19"}
{"cache_time": 2246.51953125, "response_time": 212.25977873802185, "answers": ["Tom Mix In Arabia"], "response": "Space Probe Taurus.\n\nAccording to the passage, the director of Space Probe Taurus is Leonard Katzman,"}
{"cache_time": 2313.84619140625, "response_time": 205.86589002609253, "answers": ["Seven In The Sun"], "response": "SEVEN IN THE SUN.\n\nAccording to the passage, Sergio Bergonzelli, the director of Seven in the Sun, died"}
{"cache_time": 2226.01806640625, "response_time": 204.735577583313, "answers": ["Dr. Socrates"], "response": "Dr. Socrates.</s>"}
{"cache_time": 2396.93115234375, "response_time": 206.14649558067322, "answers": ["Changeland"], "response": "Changeland.\n\nAccording to the passages, Changeland, a 2019 comedy-drama film, was written and"}
{"cache_time": 2377.4794921875, "response_time": 207.4651918411255, "answers": ["Ruel Redinger"], "response": "Peter Rosegger is younger than Ruel Redinger.\n\nAccording to the passages, Peter Rosegger was born on October 4,"}
{"cache_time": 2332.968017578125, "response_time": 202.41751670837402, "answers": ["Alexandra Kolosova"], "response": "Nikolai Rubinstein.\n\nExplanation:\n\nIn Passage 3, it is mentioned that Nikolai Rubinstein was a close"}
{"cache_time": 2155.7138671875, "response_time": 200.4369399547577, "answers": ["Jessi Colter"], "response": "Jessi Colter.</s>"}
{"cache_time": 2668.734130859375, "response_time": 205.03360176086426, "answers": ["yes"], "response": "No.\n\nTwin Cairns Island and Nova Zembla Island are not located in the same country. Twin Cairns Island is located"}
{"cache_time": 2819.219970703125, "response_time": 208.53327465057373, "answers": ["William Pooley"], "response": "William Pooley.\n\nAccording to the information provided in the passages, Erich Haenisch died in 1966, and"}
{"cache_time": 2200.032470703125, "response_time": 207.15928673744202, "answers": ["Sweden"], "response": "Irish.\n\nBased on the provided passages, the performer of the song \"You Can\" is D\u00e1ith\u00ed Sproule, who"}
{"cache_time": 2132.46484375, "response_time": 208.86593413352966, "answers": ["yes"], "response": "No. Nick Varner and Carl Duser do not share the same nationality. Nick Varner is an American professional pool player, while Carl Duser is"}
{"cache_time": 2176.35888671875, "response_time": 203.8543758392334, "answers": ["Melody Of The World"], "response": "Melody of the World.\n\nThe passage states that the director of Melody of the World, Walter Ruttmann, died earlier, while the director"}
{"cache_time": 2279.64892578125, "response_time": 199.27949619293213, "answers": ["Madrid"], "response": "Madrid.</s>"}
{"cache_time": 2949.776611328125, "response_time": 209.30323147773743, "answers": ["Gisela Elsner"], "response": "Peter Levin.\n\nAccording to Passage 1, Peter Levin is the director of the film Atomised (Elementarteil"}
{"cache_time": 2193.947265625, "response_time": 203.67073678970337, "answers": ["La Belle Am\u00e9ricaine"], "response": "La Belle Am\u00e9ricaine.\n\nThe Great Man's Lady is a 1934 American drama film directed by John Francis Dillon, while La"}
{"cache_time": 2977.9423828125, "response_time": 211.6413402557373, "answers": ["Oklahoma City, Oklahoma"], "response": "Marian Nixon.</s>"}
{"cache_time": 3330.799072265625, "response_time": 219.71607208251953, "answers": ["Dubai"], "response": "Garhi Khuda Bakhsh.</s>"}
{"cache_time": 2159.4853515625, "response_time": 202.89501452445984, "answers": ["La Trinit\u00e9"], "response": "Nekfeu was born in France.</s>"}
{"cache_time": 3161.413818359375, "response_time": 200.0279185771942, "answers": ["Prince Albert of Prussia"], "response": "Nils August Andresen Butensch\u00f8n.</s>"}
{"cache_time": 2064.70556640625, "response_time": 191.50806617736816, "answers": ["yes"], "response": "Yes.</s>"}
{"cache_time": 2624.9765625, "response_time": 198.36303853988647, "answers": ["Banbury"], "response": "Beaulieu-sur-Loire, France.</s>"}
{"cache_time": 2954.685791015625, "response_time": 210.6792962551117, "answers": ["Sir Paul Gore, 1st Baronet"], "response": "Sir Paul Gore, 1st Baronet.</s>"}
{"cache_time": 2182.920166015625, "response_time": 206.20423650741577, "answers": ["Fatimid caliphate"], "response": "Egypt.\n\nAccording to passage 3, Nizar Al-Mustafa's father, al-Mustansir, was the"}
{"cache_time": 3449.255859375, "response_time": 225.5839467048645, "answers": ["Dayton, Ohio"], "response": "None of the passages provide information about the wife of Lou Breslow's birthplace. The passages are about different historical figures and topics un"}
{"cache_time": 3086.093994140625, "response_time": 227.42583799362183, "answers": ["Ona Munson"], "response": "Bill Graham.</s>"}
{"cache_time": 2187.420166015625, "response_time": 209.40998649597168, "answers": ["The Drover'S Sweetheart"], "response": "The Drover's Sweetheart.</s>"}
{"cache_time": 3416.0009765625, "response_time": 208.34451460838318, "answers": ["Tumkur"], "response": "Fayetteville, Arkansas.</s>"}
{"cache_time": 4000.34912109375, "response_time": 206.92389726638794, "answers": ["Det Sande Ansigt"], "response": "Det Sande Ansigt (The Sound of Songs) came out earlier than Closely Watched Trains.\n\nExplanation:"}
{"cache_time": 3375.136474609375, "response_time": 220.5352668762207, "answers": ["Bomgay"], "response": "Il Gaucho.\n\nThe passage states that the director of Il Gaucho, Dino Risi, died earlier, while the director of Bom"}
{"cache_time": 2296.44677734375, "response_time": 209.0315556526184, "answers": ["Preslav"], "response": "Beaulieu-sur-Loire.\n\nHere's how I arrived at the answer:\n\nPassage 1 refers to a book"}
{"cache_time": 2203.04736328125, "response_time": 203.7839126586914, "answers": ["Revolt Of The Praetorians"], "response": "The Pyrammid came out first.\n\nAccording to the passages, The Pyramid was released in 2011, while Revol"}
{"cache_time": 2258.310546875, "response_time": 212.10341501235962, "answers": ["yes"], "response": "Yes.\n\nBoth directors of films La Morte Vivante and Stranger On Horseback are from the same country, which is France."}
{"cache_time": 2161.735595703125, "response_time": 204.52305507659912, "answers": ["poisoning"], "response": "Poisoned bowl of pea soup.</s>"}
{"cache_time": 2220.4111328125, "response_time": 207.1549916267395, "answers": ["America"], "response": "CHARLIE SHEEN.\n\nAs per the passage, the director of the film Postmortem (1998) is Charlie Sheen"}
{"cache_time": 2129.631591796875, "response_time": 208.5801649093628, "answers": ["Kingdom of Hawaii"], "response": "The country that Ke\u014dp\u016bolani's husband is from is not specified in the given passages. The passages provide information about Ke"}
{"cache_time": 2169.222900390625, "response_time": 209.00540971755981, "answers": ["X-Paroni"], "response": "Mi novia est\u00e1 de madre</s>"}
{"cache_time": 2156.32275390625, "response_time": 198.23643279075623, "answers": ["Vasantha Raagam"], "response": "August Underground's Penance.</s>"}
{"cache_time": 2651.154296875, "response_time": 204.92491817474365, "answers": ["Lee Byung-chul"], "response": "John Vernou Bouvier III.\n\nBased on the provided passages, John Vernou Bouvier III is the father of Jacqueline"}
{"cache_time": 3299.744384765625, "response_time": 221.2899158000946, "answers": ["John I, Duke of Bourbon"], "response": "Louis I, Duke of Bourbon.</s>"}
{"cache_time": 2150.343505859375, "response_time": 214.48886466026306, "answers": ["27 June 1839"], "response": "September 18, 1893.</s>"}
{"cache_time": 2379.07568359375, "response_time": 205.75183582305908, "answers": ["Gura Humorului"], "response": "Audie Murphy.</s>"}
{"cache_time": 3263.55029296875, "response_time": 204.13972210884094, "answers": ["Fran\u00e7oise Hardy"], "response": "Amandine Bourgeois.</s>"}
{"cache_time": 2520.640625, "response_time": 207.34639978408813, "answers": ["Charles Wheatstone"], "response": "Jean-Claude Lauzon.\n\nAccording to the passage, Jean-Claude Lauzon was born in 1942, and she"}
{"cache_time": 2501.51220703125, "response_time": 204.2393922805786, "answers": ["Washington"], "response": "Perryville, Missouri.</s>"}
{"cache_time": 2214.71435546875, "response_time": 201.01316046714783, "answers": ["London Melody"], "response": "Our Agent Tiger.\n\nAccording to the passages provided, Claude Chabrol directed Our Agent Tiger in 1965, and"}
{"cache_time": 2106.60546875, "response_time": 202.85788822174072, "answers": ["Fla\u00edn Mu\u00f1oz"], "response": "Fernando Fern\u00e1ndez de Ovando.</s>"}
{"cache_time": 3138.377197265625, "response_time": 214.97442817687988, "answers": ["Mira Sorvino"], "response": "NONE OF THE ABOVE.\n\nThere is no mention of a child in the provided passages.</s>"}
{"cache_time": 2139.680908203125, "response_time": 208.51219844818115, "answers": ["yes"], "response": "No.\n\nDing Yaping is a Chinese and German former international table tennis player, while Johann Christian Gustav Lucae is a German anatomist"}
{"cache_time": 2144.20703125, "response_time": 210.01955580711365, "answers": ["Norway"], "response": "Denmark.</s>"}
{"cache_time": 2561.10400390625, "response_time": 206.3739857673645, "answers": ["illness"], "response": "I don't know. There is no information in the passages provided about the cause of death of Heonjong Of Goryeo's"}
{"cache_time": 2685.126953125, "response_time": 210.44472789764404, "answers": ["Harby"], "response": "Glenageary, County Dublin, Ireland.</s>"}
{"cache_time": 2319.412109375, "response_time": 207.4180874824524, "answers": ["Hong Kong Film Award for Best Director"], "response": "Dante Lam won the Hong Kong Film Award for Best Director for his work on Beast Stalker (2008).</s>"}
{"cache_time": 3330.142578125, "response_time": 206.1077847480774, "answers": ["3 September 1992"], "response": "Not provided.\n\n None of the given passages provide the date of death of the director of the film Nallavan Vazhvan. The pass"}
{"cache_time": 3530.113037109375, "response_time": 204.92000937461853, "answers": ["Nathaniel Mclenaghan"], "response": "Nathaniel McLenaghan</s>"}
{"cache_time": 3383.814453125, "response_time": 206.77944207191467, "answers": ["Tisch"], "response": "Andrew Disney, the director of the 2014 film Balls Out, graduated from the Tisch School of the Arts.</s>"}
{"cache_time": 3434.9287109375, "response_time": 202.96256756782532, "answers": ["Cuchillos De Fuego"], "response": "Cuchillos De Fuego.\n\nDirector Rom\u00e1n Chalbaud is younger than Vittorio Cottafavi.</s>"}
{"cache_time": 2616.237060546875, "response_time": 207.87577986717224, "answers": ["Moment Of Danger"], "response": "The Ballad of Josie.\n\nAccording to the passages, The Ballad of Josie was released earlier than Moment of Danger."}
{"cache_time": 2233.97900390625, "response_time": 203.59818649291992, "answers": ["De As"], "response": "Based on the given passages, De AS (Anarcho-Socialist) was established first. According to Passage 9,"}
{"cache_time": 2144.501220703125, "response_time": 211.14767932891846, "answers": ["The Piper'S Price"], "response": "The Blonde From Singapore.\n\nDe Sacia Mooers, the film actress, died first, in 1960, while Joseph De"}
{"cache_time": 2162.089599609375, "response_time": 208.13228607177734, "answers": ["yes"], "response": "NO.\n\nH.H. Hunnewell was an American (American railroad financier, philanthropist, amateur botanist, and one"}
{"cache_time": 2257.019775390625, "response_time": 209.62856149673462, "answers": ["13 March 1753"], "response": "Marie de Bourbon, Duchess of Montpensier (15 October 1605 \u2013 4 June 1627"}
{"cache_time": 2226.67333984375, "response_time": 203.07713198661804, "answers": ["No Trees In The Street"], "response": "No Trees In The Street.\n\nAccording to the passage, J. Lee Thompson, the director of No Trees In The Street, died later"}
{"cache_time": 3911.010009765625, "response_time": 211.40530943870544, "answers": ["Methala"], "response": "Pisharody, N. N. (1926 \u2013 30 August 2008) was a director in the"}
{"cache_time": 2532.2763671875, "response_time": 204.9007911682129, "answers": ["Alkohol"], "response": "Alkohol.\n\nAccording to the passage, Alkohol was released in 1919, while Night of Dark Shadows"}
{"cache_time": 2117.247802734375, "response_time": 210.47754502296448, "answers": ["Do Musafir"], "response": "Do Musafir.\n\nDevendra Goel, the director of Do Musafir, was born on 3 March 1919,"}
{"cache_time": 2995.247314453125, "response_time": 210.74190616607666, "answers": ["no"], "response": "NO.\n\nRevolt in the Big House (1958) is an American film noir, while The Fugitive (19"}
{"cache_time": 2147.467041015625, "response_time": 202.63716793060303, "answers": ["New York"], "response": "Not mentioned. The passage does not mention the birthplace of the composer of the film Consenting Adults (1992).</s>"}
{"cache_time": 2166.51220703125, "response_time": 201.4582438468933, "answers": ["Contragolpe"], "response": "Contragolpe.\n\nPassage 1:\n\n* The director of Rooksporen is Frans van de Staak."}
{"cache_time": 2203.83837890625, "response_time": 207.24143958091736, "answers": ["Mumbai"], "response": "Mumbai.\n\nAccording to the passage, the director of the film Jail Yatra, Bhappi Sonie, died on September"}
{"cache_time": 3332.0146484375, "response_time": 209.056499004364, "answers": ["The Comedians Of Comedy"], "response": "The Comedians of Comedy was released first, in 2005. F the Prom was released in 2017."}
{"cache_time": 3408.111572265625, "response_time": 220.57688879966736, "answers": ["Tombstone Rashomon"], "response": "Waiting For The Clouds.\n\nAlex Cox, the director of Tombstone Rashomon, was born on December 15,"}
{"cache_time": 2285.289306640625, "response_time": 209.19237399101257, "answers": ["Dhuen Ki Lakeer"], "response": "Dhuen Ki Lakeer</s>"}
{"cache_time": 3018.6845703125, "response_time": 217.37058234214783, "answers": ["Perd\u00f3n, Viejita"], "response": "Perd\u00f3n, Viejita.\n\nAccording to the information provided in Passage 9, Jos\u00e9 A. Ferreyra was born on August"}
{"cache_time": 2341.3681640625, "response_time": 206.00346875190735, "answers": ["University of Wisconsin"], "response": "The University of Wisconsin-Madison.</s>"}
{"cache_time": 3868.887939453125, "response_time": 202.1096351146698, "answers": ["Dudley Russell"], "response": "Juan Ren\u00e9 Serrano was born first.\n\nJuan Ren\u00e9 Serrano was born on February 23, 1984, while Dud"}
{"cache_time": 3577.94921875, "response_time": 223.9725182056427, "answers": ["Mirjam Polkunen"], "response": "Mirjam Polkunen</s>"}
{"cache_time": 2232.5859375, "response_time": 218.75261616706848, "answers": ["Saint Petersburg"], "response": "Grand Duchess Elena Vladimirovna Of Russia's father, Grand Duke Nicholas Constantinovich of Russia, died in Tash"}
{"cache_time": 3766.031494140625, "response_time": 208.79321837425232, "answers": ["Eindhoven"], "response": "The director of the film The Dinner (2013 film), Menno Meyjes, was born in the Netherlands.</s>"}
{"cache_time": 3497.3388671875, "response_time": 215.63687777519226, "answers": ["Women'S Suffrage Journal"], "response": "Women's Suffrage Journal.\n\nAccording to the given passages, Women's Suffrage Journal was established in 187"}
{"cache_time": 3424.528564453125, "response_time": 203.59460067749023, "answers": ["Fairmont, West Virginia"], "response": "B. Greenock, Scotland.</s>"}
{"cache_time": 3801.997314453125, "response_time": 205.35037446022034, "answers": ["The Market Of Souls"], "response": "The Market Of Souls</s>"}
{"cache_time": 2212.063720703125, "response_time": 218.47235107421875, "answers": ["yes"], "response": "Yes.\n\nBoth films, The Glass Castle (1950 Film) and The Ferret (Film), have the directors who"}
{"cache_time": 2229.3857421875, "response_time": 195.88426685333252, "answers": ["Morocco"], "response": "Tunisia</s>"}
{"cache_time": 3414.72705078125, "response_time": 197.46298384666443, "answers": ["Akkadian empire"], "response": "Valley of Death (Crimea)</s>"}
{"cache_time": 2980.7138671875, "response_time": 206.86574959754944, "answers": ["Tarzan The Magnificent"], "response": "Tarzan the Magnificent.\n\nAccording to the information provided in the passages, Sr\u0111an Karanovi\u0107, the director of So"}
{"cache_time": 2184.047607421875, "response_time": 207.4107265472412, "answers": ["Wolf Warrior"], "response": "Wolf Warrior.\n\nRumbi Katedza, the director of Mai Jai Films, was born in 1974, while The"}
{"cache_time": 2103.041015625, "response_time": 198.82818818092346, "answers": ["Tr\u1ecbnh B\u00ednh"], "response": "Lyons Cohen.</s>"}
{"cache_time": 2843.721435546875, "response_time": 210.4950041770935, "answers": ["Gura Humorului"], "response": "Australia.\n\nAccording to the passage, the director of the film Hellcats of the Navy, Nathan Juran, was born in Australia.</s>"}
{"cache_time": 2177.06591796875, "response_time": 199.1249771118164, "answers": ["Crenshaw"], "response": "London, England</s>"}
{"cache_time": 3824.806884765625, "response_time": 201.87448978424072, "answers": ["Winter Sleepers"], "response": "Poveri Milionari (Poor, But Handsome).\n\nDirector Tom Tykwer was born in 1965,"}
{"cache_time": 3395.704345703125, "response_time": 206.45366764068604, "answers": ["Adolf II of Berg"], "response": "Friedrich Wilhelm Bernhard von Berg.\n\nBased on the provided passages, Bruno II von Berg's paternal grandfather is Friedrich Wilhelm Bernhard"}
{"cache_time": 2284.545166015625, "response_time": 213.1670277118683, "answers": ["no"], "response": "NO\n\nBased on the given passages, The Other Half (2016 Film) and Spy Kids 2: The Island Of"}
{"cache_time": 2271.427001953125, "response_time": 204.30696892738342, "answers": ["M\u00fclheim an der Ruhr"], "response": "Germany.\n\nAccording to Passage 8, Werner Abrolat, one of the actors in the film 00 Schneider \u2013 Jagd"}
{"cache_time": 2351.572265625, "response_time": 216.58059763908386, "answers": ["Una Prostituta Al Servizio Del Pubblico E In Regola Con Le Leggi Dello Stato"], "response": "Una Prostituta Al Servizio Del Pubblico E In Regola Con Le Leggi Dello Stato (1970) came out before"}
{"cache_time": 2268.007568359375, "response_time": 209.1722662448883, "answers": ["yes"], "response": "NO.\n\nThe two movies, The Hatton Garden Job and Carry On Cleo, are from different countries.\n\nThe Hatton Garden"}
{"cache_time": 3783.85498046875, "response_time": 204.74959874153137, "answers": ["Mongkut"], "response": "Kaya Alp.</s>"}
{"cache_time": 2194.96240234375, "response_time": 217.76148986816406, "answers": ["Lady Frances Manners"], "response": "Margaret Clinton.\n\nAccording to Passage 3, Charles Willoughby, 10th Baron Willoughby of Parham's"}
{"cache_time": 3670.503662109375, "response_time": 206.46090078353882, "answers": ["Cahiers du cin\u00e9ma"], "response": "B. The Sam Spiegel Film and Television School.\n\nAccording to Passage 9, Dana Blankstein-Cohen,"}
{"cache_time": 2378.93505859375, "response_time": 200.2192096710205, "answers": ["Newport, Wales"], "response": "Luis Alberti (actor) was born in Mexico.</s>"}
{"cache_time": 2263.592529296875, "response_time": 204.9157838821411, "answers": ["Gordonsville, Virginia"], "response": "Gordonsville, Virginia.</s>"}
{"cache_time": 3692.857421875, "response_time": 202.09499764442444, "answers": ["Mangalia"], "response": "Mangalia, Romania</s>"}
{"cache_time": 2186.07080078125, "response_time": 202.82467651367188, "answers": ["F\u00e9lix Leclerc"], "response": "Pier-Luc Funk.</s>"}
{"cache_time": 2867.74560546875, "response_time": 199.3564703464508, "answers": ["Jacques"], "response": "Georges I, Duke of Saxe-Meiningen.</s>"}
{"cache_time": 2945.49365234375, "response_time": 205.71607780456543, "answers": ["G\u00e9za"], "response": "King Stephen I of Hungary.</s>"}
{"cache_time": 2131.371337890625, "response_time": 201.30536675453186, "answers": ["Yi Jiang"], "response": "Thuya.</s>"}
{"cache_time": 3108.357421875, "response_time": 202.53503251075745, "answers": ["November 3, 1867"], "response": "December 27, 1797.</s>"}
{"cache_time": 2168.177490234375, "response_time": 205.60349082946777, "answers": ["Ivy Duke"], "response": "Marie-Louise Coidavid.</s>"}
{"cache_time": 3599.8544921875, "response_time": 221.81580877304077, "answers": ["1 August 1813"], "response": "1 August 1813.</s>"}
{"cache_time": 3114.487060546875, "response_time": 213.93531966209412, "answers": ["Season Of Strangers"], "response": "The Yellow Teddy Bears.\n\nRobert Hartford-Davis, the director of The Yellow Teddy Bears, was born"}
{"cache_time": 3332.008056640625, "response_time": 204.613365650177, "answers": ["yes"], "response": "NO.\n\nJake Eisenhart and Michael T. Ullman are of different nationalities. Jake Eisenhart is American, while Michael T."}
{"cache_time": 3010.03857421875, "response_time": 204.95864009857178, "answers": ["Antoine Casavant"], "response": "Antoine Casavant.\n\nAccording to the passages, Antoine Casavant was born in 1811, while Abdul Ali Maghoub"}
{"cache_time": 3127.515625, "response_time": 216.69128131866455, "answers": ["Oxford"], "response": "Oxford.</s>"}
{"cache_time": 2771.91162109375, "response_time": 207.5656509399414, "answers": ["Sir Hew Dalrymple, 2nd Baronet"], "response": "Sir John Dalrymple, 4th Baronet.</s>"}
{"cache_time": 2193.10009765625, "response_time": 216.17368030548096, "answers": ["Murderer In The Fog"], "response": "Khud-Daar.\n\nThe director of Khud-Daar, Ravi Tandon, was born earlier than the director of Murderer"}
{"cache_time": 2179.994873046875, "response_time": 207.71606063842773, "answers": ["Milla"], "response": "Milla Jovovich</s>"}
{"cache_time": 2191.049072265625, "response_time": 214.93786144256592, "answers": ["Lecce"], "response": "Catherine of Taranto's mother, Mary of Enghien, died in 1311.</s>"}
{"cache_time": 2407.372314453125, "response_time": 204.40531873703003, "answers": ["Prometheus Award"], "response": "The director of the film Lady Magdalene's, J. Neil Schulman, won three film-festival awards for the movie:"}
{"cache_time": 3744.284423828125, "response_time": 200.77120757102966, "answers": ["Duchy of Saxe-Gotha-Altenburg"], "response": "PRUSSIAN.\n\nPassage 1:\n\nThe head of the house of Saxe-Meiningen from 194"}
{"cache_time": 2277.216552734375, "response_time": 202.11010813713074, "answers": ["Station For Two"], "response": "Station For Two.\n\nEldar Ryazanov, the director of Station For Two, was born on November 18, 19"}
{"cache_time": 5622.37158203125, "response_time": 214.86239385604858, "answers": ["Inverkeithing"], "response": "Inverkeithing, Fife.</s>"}
{"cache_time": 2307.199951171875, "response_time": 207.10345888137817, "answers": ["1234"], "response": "Not mentioned in the provided passages.\n\nNone of the passages provides information about the father of Thomas of Galloway (Bastard) or"}
{"cache_time": 3190.734130859375, "response_time": 211.78842544555664, "answers": ["25 July 1666"], "response": "1642.\n\nAccording to the passage, Robert Bertie, 3rd Earl of Lindsey's father, Robert Bert"}
{"cache_time": 2825.441650390625, "response_time": 229.16396689414978, "answers": ["The Wind'S Fierce"], "response": "Special Delivery (1927 Film)</s>"}
{"cache_time": 2187.385009765625, "response_time": 203.74667525291443, "answers": ["drowning"], "response": "None of the passages provide information about the director of the film Port of Seven Seas dying. The passages are unrelated to each other and"}
{"cache_time": 2167.6943359375, "response_time": 203.70729899406433, "answers": ["Abu Dhabi"], "response": "Ajman.\n\nAccording to Passage 9, Abdulaziz Nasser Al Shamsi's wife is Hissa Abdulla"}
{"cache_time": 2260.677490234375, "response_time": 209.03844809532166, "answers": ["Prenzlau"], "response": "Christiane Wartenberg's place of birth is Prenzlau, Germany.</s>"}
{"cache_time": 3946.8798828125, "response_time": 200.00216364860535, "answers": ["Pozna\u0144"], "response": "Brian Keith Lord, the director of the film Edges of the Lord, was born in 1961 in the United States.</s>"}
{"cache_time": 3646.536865234375, "response_time": 203.67315316200256, "answers": ["Italy"], "response": "The father of Teobaldo II Ordelaffi, Giorgio Ordelaffi, was born in Forl\u00ec, Italy.</s>"}
{"cache_time": 2191.853515625, "response_time": 200.6782534122467, "answers": ["Toronto, Ontario"], "response": "James Randall Marsh.</s>"}
{"cache_time": 5082.35595703125, "response_time": 205.19278573989868, "answers": ["Forbidden Daughters"], "response": "The Third Kiss (1942) was released earlier than Delinquent Daughters (1944).</s>"}
{"cache_time": 3917.587646484375, "response_time": 206.2247338294983, "answers": ["yes"], "response": "No.\n\nAccording to the given passages, Marianne Wiggins is American, while Leslie Pietrzyk is American with a different last"}
{"cache_time": 3648.14794921875, "response_time": 203.13952040672302, "answers": ["Bogdan \u021a\u0103ru\u0219"], "response": "Robert Wulnikowski.\n\nAccording to the passages, Robert Wulnikowski was born in 1977, while Bogdan"}
{"cache_time": 3628.646240234375, "response_time": 209.1567509174347, "answers": ["Sandflow"], "response": "Sandflow.\n\nExplanation:\n\nAccording to the information provided in the passages, Duilio Coletti directed Folgore Division"}
{"cache_time": 4389.06591796875, "response_time": 222.49168944358826, "answers": ["From Corleone To Brooklyn"], "response": "Durango Valley Raiders.\n\nSam Newfield, the director of Durango Valley Raiders, was born in 1899"}
{"cache_time": 2434.91455078125, "response_time": 207.92632484436035, "answers": ["yes"], "response": "Yes. Both Howard Lake (British Columbia) and North Buck Lake (Alberta) are located in Canada.</s>"}
{"cache_time": 2291.67822265625, "response_time": 199.12681341171265, "answers": ["Vienna"], "response": "Westwood Village Memorial Park Cemetery.</s>"}
{"cache_time": 2089.791015625, "response_time": 203.79791569709778, "answers": ["Johnny Ekstr\u00f6m"], "response": "Hugh Evelyn Wortham.\n\nHugh Evelyn Wortham was born on May 7, 1884, while"}
{"cache_time": 2811.725341796875, "response_time": 204.53490090370178, "answers": ["yes"], "response": "Yes, both mountains, Yana Urqu (Q'umirqucha) and Puka Rumi, are located in the same country, Peru."}
{"cache_time": 3872.270263671875, "response_time": 206.25202178955078, "answers": ["England"], "response": "Edward I of England.\n\nElizabeth of Rhuddlan's father is described as \"King Edward I of England\" in Passage"}
{"cache_time": 2356.056640625, "response_time": 203.45695328712463, "answers": ["Parkinson"], "response": "Not given.\n\nThe passage does not mention the cause of death of director of film I Will, I Will... For Now.</s>"}
{"cache_time": 2973.05322265625, "response_time": 205.55437088012695, "answers": ["Roger Mortimer, 1st Earl of March"], "response": "Thomas De Berkeley, 3rd Baron Berkeley</s>"}
{"cache_time": 2661.599365234375, "response_time": 201.5914216041565, "answers": ["Albertus Seba"], "response": "Ali Dinar.\n\nAccording to the information provided in the passages, Albertus Seba died in 1736, while Ali Din"}
{"cache_time": 3022.98974609375, "response_time": 197.99023461341858, "answers": ["Ferdinand I of the Two Sicilies"], "response": "Francis II.</s>"}
{"cache_time": 2824.2451171875, "response_time": 218.94069242477417, "answers": ["Prince Of Arcadia"], "response": "Prince Of Arcadia.\n\nAccording to the passage, the film Prince of Arcadia was released in 1932, while Italia"}
{"cache_time": 2981.28857421875, "response_time": 228.50987553596497, "answers": ["Milan"], "response": "Gi\u00f2 Di Tonno (director of film Love At First Sight (1985 Film)) was born in Italy. Specifically, he was born"}
{"cache_time": 2441.80810546875, "response_time": 199.41176009178162, "answers": ["K\u00f6ln"], "response": "Germany</s>"}
