{"cache_time": 1.2601920366287231, "response_time": 1147.9468984603882, "answers": ["Miller v. California"], "response": "Miller v. California.</s>"}
{"cache_time": 1.2205760478973389, "response_time": 1347.9874761104584, "answers": ["Charles L. Clifford"], "response": "Charles L. Clifford.</s>"}
{"cache_time": 0.9800639748573303, "response_time": 1336.7208499908447, "answers": ["Norman"], "response": "Worcester, Massachusetts.</s>"}
{"cache_time": 1.4526079893112183, "response_time": 1295.7643222808838, "answers": ["Sun"], "response": "JUPITER.\n\nGary L. Bennett has worked on several space missions, including the Voyager, Galileo, and"}
{"cache_time": 0.9473919868469238, "response_time": 1336.2104263305664, "answers": ["erotic thriller film"], "response": "On film.</s>"}
{"cache_time": 1.1167999505996704, "response_time": 1341.3116993904114, "answers": ["Parliament"], "response": "Parliament.\n\nThe correct answer is \"Parliament.\" The passage mentions that David Faber, a former Conservative member of the Parliament"}
{"cache_time": 0.9599679708480835, "response_time": 1388.2107558250427, "answers": ["Tharangambadi"], "response": "Thirukkalacherry is a village in Paravakkal.</s>"}
{"cache_time": 1.0690239667892456, "response_time": 1198.5972759723663, "answers": ["Pleiospilos"], "response": "Pleiospilos.\n\nPueraria is a genus of legumes, and it does not include any flowering plants. Pleiospil"}
{"cache_time": 1.1626880168914795, "response_time": 1188.2605624198914, "answers": ["2013"], "response": "2012.\n\nAccording to the information provided, Russell D. Moore served as the President of the Ethics and Religious Liberty"}
{"cache_time": 1.0306240320205688, "response_time": 1340.1427373886108, "answers": ["The Rebirth"], "response": "The Rebirth.</s>"}
{"cache_time": 1.1624000072479248, "response_time": 1154.7764248847961, "answers": ["October 13, 1980"], "response": "Madonna was born on August 16, 1958.</s>"}
{"cache_time": 1.0702719688415527, "response_time": 1333.212924003601, "answers": ["Betty Cohen"], "response": "NPO Best.</s>"}
{"cache_time": 1.171072006225586, "response_time": 1189.5057880878448, "answers": ["Mary Astor"], "response": "Marisa Prado.</s>"}
{"cache_time": 1.072767972946167, "response_time": 1183.526694536209, "answers": ["number five"], "response": "number 5 on the US Hot 100.</s>"}
{"cache_time": 1.235360026359558, "response_time": 1180.7467613220215, "answers": ["New Zealand, Canada, the United States, the Falkland Islands, and Peru."], "response": "Other areas that share a common deer species with the forests of Mara and Mondrem include the continental European countries, such as Sweden,"}
{"cache_time": 1.5340160131454468, "response_time": 1333.873291015625, "answers": ["2000 Summer Olympic Games"], "response": "Symington competed at the 2000 Summer Olympics in Sydney, Australia.</s>"}
{"cache_time": 1.5260800123214722, "response_time": 1153.7470145225525, "answers": ["Claudio Javier L\u00f3pez"], "response": "Mariano Campod\u00f3nico.</s>"}
{"cache_time": 1.1505279541015625, "response_time": 1339.0022563934326, "answers": ["George H. W. Bush"], "response": "Ronald Reagan.  Richard Darman served as the Director of the Office of Management and Budget under President Ronald Reagan.</s>"}
{"cache_time": 1.4829119443893433, "response_time": 1153.006626367569, "answers": ["\"Talk That Talk\""], "response": "Billie's \"Honey to the Bee\"</s>"}
{"cache_time": 1.0813759565353394, "response_time": 1150.7605664730072, "answers": ["Bob Dylan"], "response": "Alina Margolis-Edelman\n\nExplanation:\nThe passage states that Alina Margolis-Edelman, a member of"}
{"cache_time": 1.1723519563674927, "response_time": 1222.634225845337, "answers": ["Cartoon Cartoon Fridays"], "response": "SNICK.\n\n\"Whatever Happened, Happened\" is the 11th episode of the fifth season of the TV series"}
{"cache_time": 1.3672000169754028, "response_time": 1179.2493875026703, "answers": ["on the Cumberland Plain"], "response": "Shreekhadpur, Nepal.</s>"}
{"cache_time": 2.716223955154419, "response_time": 1183.91259765625, "answers": ["Long Island"], "response": "Fire Island.\n\nOak Beach and Great South Bay are both situated between Fire Island and the mainland of Long Island, New York.</s>"}
{"cache_time": 1.1234560012817383, "response_time": 1189.4154000282288, "answers": ["PewDiePie"], "response": "There is no final two episodes of season eighteen of South Park. The given passage does not mention any final two episodes of season eighteen. The passage discuss"}
{"cache_time": 1.2526719570159912, "response_time": 1349.3552687168121, "answers": ["It's Always Sunny in Philadelphia"], "response": "Fenstermore Baldwin plays in the series \"The Young and the Restless\"</s>"}
{"cache_time": 2.1430399417877197, "response_time": 1198.760841846466, "answers": ["#364"], "response": "Blue Valley West High School.</s>"}
{"cache_time": 1.106943964958191, "response_time": 1175.7362604141235, "answers": ["Ribosomes"], "response": "ribosomes.</s>"}
{"cache_time": 0.9898560047149658, "response_time": 1341.8037252426147, "answers": ["Dracula"], "response": "Pistacia.\n\nAccording to the passage, Pistacia has more species than Dracula. The passage states that Pistacia has \""}
{"cache_time": 1.1658560037612915, "response_time": 1340.1343784332275, "answers": ["Band-e Amir National Park"], "response": "Band-e Amir.</s>"}
{"cache_time": 1.1682239770889282, "response_time": 1183.1562371253967, "answers": ["University of Southern California"], "response": "Los Angeles Memorial Coliseum, which is the home stadium of the University of Southern California (USC) Trojans football team.</s>"}
{"cache_time": 1.0297280550003052, "response_time": 1180.312435388565, "answers": ["7.2 million"], "response": "Canton Road is not one continuous road, instead, it is divided into four sections, interrupted by a major housing estate (Prosperous"}
{"cache_time": 1.0453439950942993, "response_time": 1185.6569001674652, "answers": ["A123 Systems, LLC"], "response": "Dave Park.\n\nAccording to the passage, Spider9 was founded in 2011 by Dave Park, the former Vice President"}
{"cache_time": 1.0358079671859741, "response_time": 1349.6924250125885, "answers": ["143,372"], "response": "Traverse City</s>"}
{"cache_time": 1.2396479845046997, "response_time": 1346.8565037250519, "answers": ["Taoiseach of Ireland"], "response": "Charles Haughey held the position of Taoiseach when he dissolved the list of members who were elected to the lower house of"}
{"cache_time": 1.029088020324707, "response_time": 1181.0235562324524, "answers": ["Troy, Montana"], "response": "Troy, Montana.</s>"}
{"cache_time": 1.6389119625091553, "response_time": 1341.173325061798, "answers": ["Mika H\u00e4kkinen"], "response": "Mika H\u00e4kkinen.</s>"}
{"cache_time": 1.0648000240325928, "response_time": 1182.0383656024933, "answers": ["Constantine"], "response": "The Hunger Games: Mockingjay \u2013 Part 1 and The Hunger Games: Mockingjay \u2013 Part 2.</s>"}
{"cache_time": 1.2354240417480469, "response_time": 1339.0030300617218, "answers": ["George Balanchine"], "response": "Lev Ivanov.</s>"}
{"cache_time": 1.0293439626693726, "response_time": 1181.4149980545044, "answers": ["Xcel Energy Inc."], "response": "North American Company.\n\nAlfred A. Marcus worked as a consultant for North American Company, which was a utility holding company formed in"}
{"cache_time": 1.0408320426940918, "response_time": 1156.1302211284637, "answers": ["Summer Magic"], "response": "Around the World in 80 Days.\n\nThe passage provides information about the release date of Around the World in 80 Days, which"}
{"cache_time": 1.1424959897994995, "response_time": 1520.2946317195892, "answers": ["Nobel Prize"], "response": "Nobel Prize.</s>"}
{"cache_time": 1.0736639499664307, "response_time": 1336.377459526062, "answers": ["seasonal television specials, particularly its work in stop motion animation"], "response": "Stop motion animation.</s>"}
{"cache_time": 1.2423360347747803, "response_time": 1188.7190907001495, "answers": ["Dame Eileen June Atkins"], "response": "Michelle Terry.</s>"}
{"cache_time": 1.0917760133743286, "response_time": 1154.7935898303986, "answers": ["Iran"], "response": "IRAN.\n\nThe historical Nimavar school is located in Nimavar Bazaar in Isfahan, Iran.</s>"}
{"cache_time": 1.1416959762573242, "response_time": 1184.8743872642517, "answers": ["Hakim Abdullah Jamal"], "response": "Maulana Karenga.</s>"}
{"cache_time": 1.0485759973526, "response_time": 1340.0541863441467, "answers": ["Keith Morris"], "response": "Keith Morris.</s>"}
{"cache_time": 1.1693439483642578, "response_time": 1194.0802218914032, "answers": ["YIVO"], "response": "YIVO (Yiddish: \u05d9\u05d9\u05b4\u05d5\u05d5\u05d0\u05b8, [ji\u02c8v\u0254]).</s>"}
{"cache_time": 1.3211840391159058, "response_time": 1341.1845881938934, "answers": ["January 18, 1813"], "response": "Jacob Haish was born on March 9, 1826.</s>"}
{"cache_time": 1.105407953262329, "response_time": 1350.4477579593658, "answers": ["Himalchuli has three main peaks: East (7893 m), West (7540 m) and North (7371 m)"], "response": "Himalchuli.\n\nAccording to the passage, Himalchuli is 6,400 meters high, while Tongshan"}
{"cache_time": 1.2880959510803223, "response_time": 1341.4011676311493, "answers": ["1763"], "response": "1791. The place in Canada where Fran\u00e7ois Beaucourt (1740-1794) was mainly active acquired its present"}
{"cache_time": 1.1026560068130493, "response_time": 1175.520673274994, "answers": ["Pope John X"], "response": "Marozia.</s>"}
{"cache_time": 1.3616960048675537, "response_time": 1183.7891600131989, "answers": ["Manchester United"], "response": "Manchester United Football Club.</s>"}
{"cache_time": 1.0726720094680786, "response_time": 1194.2259666919708, "answers": ["yes"], "response": "No.\n\nStanley Elkin was an American novelist, short story writer, and essayist. He was born in Brooklyn, New"}
{"cache_time": 1.1544959545135498, "response_time": 1180.8390526771545, "answers": ["1,693"], "response": "Averill Park</s>"}
{"cache_time": 1.2414720058441162, "response_time": 1360.6521220207214, "answers": ["Australian Supercars Championship"], "response": "IndyCar Series.\n\nAccording to Passage 9, Simon Pagenaud secured a contract to drive in the 2017"}
{"cache_time": 1.016800045967102, "response_time": 1337.054191350937, "answers": ["no"], "response": "Yes, both Yoo-hoo and Faygo are carbonated drinks.</s>"}
{"cache_time": 1.5591039657592773, "response_time": 1183.8510789871216, "answers": ["Washington State"], "response": "Mike Leach currently coaches at Washington State.</s>"}
{"cache_time": 1.2437440156936646, "response_time": 1193.9855217933655, "answers": ["Floyd Casey Stadium"], "response": "Baylor Bears football team. The Huskies were defeated by the Baylor Bears, coached by Art Briles, at the Alamo Bowl"}
{"cache_time": 1.2345279455184937, "response_time": 1180.2330524921417, "answers": ["2010"], "response": "2014, 2016, and 2023.</s>"}
{"cache_time": 1.1883519887924194, "response_time": 1339.140088558197, "answers": ["Sanskrit"], "response": "Elephants are the subject of Gajabrishta, a type of vimana (temple) in ancient Shiva temples of T"}
{"cache_time": 1.0444159507751465, "response_time": 1333.0184032917023, "answers": ["English"], "response": "American</s>"}
{"cache_time": 1.0297280550003052, "response_time": 1205.9757208824158, "answers": ["yes"], "response": "Yes.\n\nBoth passages are describing different mines, but they are located in the same country, Canada.</s>"}
{"cache_time": 1.0794240236282349, "response_time": 1362.1395945549011, "answers": ["November"], "response": "The animated series ended in November of 2002 on \"Nick on CBS\".</s>"}
{"cache_time": 1.0401599407196045, "response_time": 1241.32550406456, "answers": ["Shari Shattuck"], "response": "Pamela Adlon.</s>"}
{"cache_time": 1.147104024887085, "response_time": 1192.6618750095367, "answers": ["British"], "response": "German\n\nHere's the answer based on the given passages:\n\nAugust Hirt was a German businessman and anatomist who served as"}
{"cache_time": 1.064512014389038, "response_time": 1190.9746956825256, "answers": ["Vernon Smith"], "response": "Fran\u00e7ois Englert</s>"}
{"cache_time": 1.1771520376205444, "response_time": 1181.381471157074, "answers": ["Deftones"], "response": "Deftones.</s>"}
{"cache_time": 8.952672004699707, "response_time": 1346.5826454162598, "answers": ["810"], "response": "Goshen, New Hampshire.</s>"}
{"cache_time": 0.9725760221481323, "response_time": 1340.8143556118011, "answers": ["India"], "response": "INDIA.</s>"}
{"cache_time": 1.0430079698562622, "response_time": 1182.39311337471, "answers": ["yes"], "response": "Yes.\n\nMick Jagger and Brett Scallions are both musicians. Mick Jagger is a singer and songwriter, best known"}
{"cache_time": 0.9878399968147278, "response_time": 1337.163494348526, "answers": ["May 5, 1939"], "response": "1733</s>"}
{"cache_time": 1.0544960498809814, "response_time": 1339.2818176746368, "answers": ["Philip K. Dick"], "response": "Philip K. Dick.</s>"}
{"cache_time": 1.0758719444274902, "response_time": 1186.3980605602264, "answers": ["821"], "response": "The Roud Folk Song Index of the nursery rhyme inspiring \"What Are Little Girls Made Of?\" is 19537."}
{"cache_time": 1.0151360034942627, "response_time": 1333.0954232215881, "answers": ["Capital Cities"], "response": "Capital Cities</s>"}
{"cache_time": 8.555520057678223, "response_time": 1492.9717381000519, "answers": ["Morgan Llywelyn"], "response": "Morgan Llywelyn.\n\nAccording to the given passages, Morgan Llywelyn was born in 1959,"}
{"cache_time": 1.3048959970474243, "response_time": 1345.6600184440613, "answers": ["14"], "response": "12.\n\nAccording to Passage 8, the winner of the London Riders' Championship in 1953 was Brian Anders"}
{"cache_time": 1.2288639545440674, "response_time": 1343.077213525772, "answers": ["Big 12 Conference"], "response": "BIG 12 CONFERENCE</s>"}
{"cache_time": 1.062559962272644, "response_time": 1146.948403596878, "answers": ["Brittany, Cornwall, Ireland, Isle of Man, Scotland and Wales."], "response": "IRELAND\nSCOTLAND\nWALES\nCORNWALL\nBRETON\nGAELIC-SPE"}
{"cache_time": 1.1261440515518188, "response_time": 1164.1278355121613, "answers": ["coaxial"], "response": "BNC connector.</s>"}
{"cache_time": 1.0295039415359497, "response_time": 1178.368302822113, "answers": ["Wicked Twister"], "response": "Wicked Twister</s>"}
{"cache_time": 1.076799988746643, "response_time": 1151.7914144992828, "answers": ["Levni Yilmaz"], "response": "Pamela B. Green.</s>"}
{"cache_time": 1.2236160039901733, "response_time": 1384.8881163597107, "answers": ["Man Haron"], "response": "Man Haron Monis.</s>"}
{"cache_time": 1.1362240314483643, "response_time": 1336.3879535198212, "answers": ["Hawaii"], "response": "1920.</s>"}
{"cache_time": 1.1052160263061523, "response_time": 1187.8251733779907, "answers": ["100 metres"], "response": "The event is the 200 meters. Harold Davis was a former record holder in the 200 meters, but now Usain Bol"}
{"cache_time": 1.1633280515670776, "response_time": 1339.8755481243134, "answers": ["due to the onset and progression of Alzheimer's disease"], "response": "Joe Ellis led a three-person trust representing his estate. Bowlen's intent was for his seven children to inherit the franchise,"}
{"cache_time": 1.1188479661941528, "response_time": 1357.5763974189758, "answers": ["yes"], "response": "Yes, Pothos (genus) and Tibouchina are both flowering genus of plants.</s>"}
{"cache_time": 1.0941439867019653, "response_time": 1179.8869531154633, "answers": ["Leucippus"], "response": "Buddhist atomism.</s>"}
{"cache_time": 1.1185599565505981, "response_time": 1176.2570207118988, "answers": ["Hollywood, Florida"], "response": "Miami Gardens.</s>"}
{"cache_time": 1.0542080402374268, "response_time": 1185.6781895160675, "answers": ["building"], "response": "They are both former armories.\n\n277 Park Avenue was previously the home of the New York Army National Guard's 69th Infantry"}
{"cache_time": 1.535871982574463, "response_time": 1336.2127437591553, "answers": ["1895"], "response": "1955.\n\nAccording to Passage 1, Operation Light House was an experiment by Wernher von Braun and another man,"}
{"cache_time": 1.4142719507217407, "response_time": 1175.939979314804, "answers": ["Pac-12 Conference"], "response": "The team for which Justin Harper played college football is currently a member of the Pac-12 Conference.</s>"}
{"cache_time": 1.1427520513534546, "response_time": 1345.6147601604462, "answers": ["7pm"], "response": "The show, in which Gordon Burns was the host, usually aired on Monday at 6:00-6:30 am."}
{"cache_time": 1.0244159698486328, "response_time": 1334.2821941375732, "answers": ["no"], "response": "NO.\n\nWerther is a novel by Johann Wolfgang von Goethe, later adapted into an opera by Jules Massenet. The Odyssey"}
{"cache_time": 2.663520097732544, "response_time": 1192.6464371681213, "answers": ["poet"], "response": "Poet.\n\nMarge Piercy and Richard Aldington were both poets, and their works reflect their experiences and perspectives as women and men"}
{"cache_time": 1.0479040145874023, "response_time": 1189.3926672935486, "answers": ["no"], "response": "No.\n\nDuke Energy is based in Charlotte, North Carolina, while Affiliated Managers Group (AMG) is based in Boston,"}
{"cache_time": 1.0707839727401733, "response_time": 1172.8276460170746, "answers": ["43,000 marchers"], "response": "25,000.\n\nAccording to the passage, Pelham D. Glassford commanded the 51st Field Artillery"}
{"cache_time": 1.497215986251831, "response_time": 1367.678409576416, "answers": ["Indianapolis, Indiana"], "response": "Flint, Michigan.\n\nAccording to the passage, the airline company that operated United Express Flight 3411 on April"}
{"cache_time": 1.5820800065994263, "response_time": 1348.0694630146027, "answers": ["1909"], "response": "2006.\nPLOS ONE, a peer-reviewed open-access scientific journal published by the Public Library of Science, was first"}
{"cache_time": 1.1578880548477173, "response_time": 1346.4716360569, "answers": ["Bill McCutcheon"], "response": "Bill McCutcheon.</s>"}
{"cache_time": 1.4231679439544678, "response_time": 1188.440259218216, "answers": ["Lord Gort"], "response": "Field Marshal Lord Gort.</s>"}
{"cache_time": 1.1120959520339966, "response_time": 1332.4850788116455, "answers": ["Polk County"], "response": "Des Moines, Iowa.</s>"}
{"cache_time": 1.07532799243927, "response_time": 1183.7049655914307, "answers": ["King James II of England"], "response": "Charles II.</s>"}
{"cache_time": 1.1291520595550537, "response_time": 1152.705078125, "answers": ["Tommy"], "response": "\"If It's Love\"</s>"}
{"cache_time": 1.1066880226135254, "response_time": 1163.5745267868042, "answers": ["2006"], "response": "2006.\n\nBased on the given passages, the answer can be found in Passage 2, which states that Blood on"}
{"cache_time": 1.1533119678497314, "response_time": 1187.341586112976, "answers": ["West African descendants"], "response": "Ovambo people.\n\nAccording to Passage 1, Migene Gonz\u00e1lez-Wippler is an expert on Santer\u00eda, which"}
{"cache_time": 1.0119359493255615, "response_time": 1209.1624660491943, "answers": ["American"], "response": "American.\n\nBased on the provided passages, Henry Roth and Lewis Mumford are both American, as they are associated with the Regional Planning"}
{"cache_time": 1.2422399520874023, "response_time": 1351.1311316490173, "answers": ["Michael Swango"], "response": "Dr. Michael Swango.</s>"}
{"cache_time": 1.1611520051956177, "response_time": 1195.167811870575, "answers": ["Juan Rulfo"], "response": "Juan Rulfo.\n\nAccording to the passage, Juan Rulfo was born on May 18, 1917, and"}
{"cache_time": 1.1064640283584595, "response_time": 1180.9959347248077, "answers": ["American"], "response": "Merck & Co.</s>"}
{"cache_time": 0.9559999704360962, "response_time": 1177.9886088371277, "answers": ["1961"], "response": "1992.</s>"}
{"cache_time": 1.842079997062683, "response_time": 1194.5221734046936, "answers": ["United States Secretary of the Interior"], "response": "Governor of Montana.</s>"}
{"cache_time": 1.1951680183410645, "response_time": 1172.024272441864, "answers": ["Alice's Adventures in Wonderland"], "response": "Alice's Adventures in Wonderland.</s>"}
{"cache_time": 1.1266239881515503, "response_time": 1198.9211246967316, "answers": ["Vienna"], "response": "Berlin.</s>"}
{"cache_time": 0.9737600088119507, "response_time": 1188.100534439087, "answers": ["yes"], "response": "Yes.\n\nTantrix and Personal Preference are both types of games. Tantrix is a card game, while Personal Preference is a board"}
{"cache_time": 1.2125439643859863, "response_time": 1339.5198135375977, "answers": ["Albert Park"], "response": "Albert Park.</s>"}
{"cache_time": 1.041375994682312, "response_time": 1333.557861328125, "answers": ["director"], "response": "Singer and actress.</s>"}
{"cache_time": 1.0398080348968506, "response_time": 1338.2215654850006, "answers": ["Jeffersontown, Kentucky"], "response": "Middletown.</s>"}
{"cache_time": 1.0598080158233643, "response_time": 1182.9753127098083, "answers": ["Burny Mattinson, David Michener, and the team of John Musker and Ron Clements"], "response": "Richard Eichberg.</s>"}
{"cache_time": 1.0995839834213257, "response_time": 1187.3770985603333, "answers": ["WAMC"], "response": "None of the options.\n\nAll of the passages are unrelated to Eric Plakun, and none of them mention any public radio network"}
{"cache_time": 1.0546239614486694, "response_time": 1333.4228241443634, "answers": ["Bassendean"], "response": "East Perth.</s>"}
{"cache_time": 1.1469759941101074, "response_time": 1191.761565208435, "answers": ["duck"], "response": "Geese</s>"}
{"cache_time": 0.9846400022506714, "response_time": 1335.8600466251373, "answers": ["Mimosa"], "response": "Mimosa.</s>"}
{"cache_time": 1.0749119520187378, "response_time": 1185.9491927623749, "answers": ["alleged paranormal phenomena"], "response": "The Bennington Triangle and the Bridgewater Triangle are both areas of paranormal activity. In the Bennington Triangle, there were reports"}
{"cache_time": 1.1053440570831299, "response_time": 1196.3603346347809, "answers": ["Fomento Econ\u00f3mico Mexicano"], "response": "Coca-Cola FEMSA.</s>"}
{"cache_time": 1.1180800199508667, "response_time": 1339.633045911789, "answers": ["Ellie Kemper"], "response": "Ellie Kemper.</s>"}
{"cache_time": 0.9642559885978699, "response_time": 1143.8441693782806, "answers": ["yes"], "response": "Yes. Both Yut and Tsuro are board games.</s>"}
{"cache_time": 1.2612160444259644, "response_time": 1196.5397684574127, "answers": ["Umina Beach, New South Wales"], "response": "Umina Beach</s>"}
{"cache_time": 1.2518080472946167, "response_time": 1364.2672607898712, "answers": ["Metro Manila"], "response": "Cebu City.</s>"}
{"cache_time": 1.0595840215682983, "response_time": 1340.3615775108337, "answers": ["University"], "response": "Both Sandra Pizzarello and the Doctorate have the word \"doctor\" in their name.</s>"}
{"cache_time": 1.5617280006408691, "response_time": 1200.1519804000854, "answers": ["In 2002, Suining had a population of 658,798."], "response": "NO.\n\nNeither Qionghai nor Suining had a population of 658,798 in 2002."}
{"cache_time": 1.2167999744415283, "response_time": 1177.7601177692413, "answers": ["video game"], "response": "Video games.\n\nYameen, the hip-hop producer, has worked on the music for video games such as \"Guitar Hero Live"}
{"cache_time": 1.363103985786438, "response_time": 1187.7679986953735, "answers": ["no"], "response": "NO.\n\nFrank Lloyd (1886-1960) was a British-born film director, actor, scriptwriter, and"}
{"cache_time": 1.2343039512634277, "response_time": 1342.740549325943, "answers": ["French mathematician and physicist"], "response": "The person responsible for the concept of a dimensionless number in physics and engineering was a Russian physicist named Pyotr Kapitsa (also known"}
{"cache_time": 1.507904052734375, "response_time": 1347.0311887264252, "answers": ["Elvis' Christmas Album"], "response": "Elvis' Christmas Album.</s>"}
{"cache_time": 1.3585920333862305, "response_time": 1148.8282389640808, "answers": ["Operation Iceberg"], "response": "Camp Courtney was named after Major Denis Vasiliyevich Vetchinov, who was killed in action during the 20"}
{"cache_time": 1.1207040548324585, "response_time": 1147.7158703804016, "answers": ["Puli Alam"], "response": "Logar Province.</s>"}
{"cache_time": 1.1152000427246094, "response_time": 1244.7468059062958, "answers": ["BBC Formula One"], "response": "Allan McNish, Tom Kristensen, and Lo\u00efc Duval.</s>"}
{"cache_time": 1.5247999429702759, "response_time": 1240.8586168289185, "answers": ["Plato"], "response": "Socrates</s>"}
{"cache_time": 1.145535945892334, "response_time": 1147.1925048828125, "answers": ["Northern Ireland"], "response": "Eugene Porter.</s>"}
{"cache_time": 1.0325759649276733, "response_time": 1183.094497680664, "answers": ["Joe Gooch"], "response": "Jerry Garcia.\n\nJerry Garcia was born on August 1, 1942, and Joe Gooch was born on May"}
{"cache_time": 1.2431999444961548, "response_time": 1338.5358347892761, "answers": ["poet and novelist"], "response": "They both have the same mother tongue, which is the language of their dear mother, and it is as old as the earth.</s>"}
{"cache_time": 1.1329599618911743, "response_time": 1155.0815653800964, "answers": ["O"], "response": "Carolina Moraes \nIsabela Moraes \nZumanity</s>"}
{"cache_time": 1.0723199844360352, "response_time": 1331.646594285965, "answers": ["West Lafayette, Indiana"], "response": "Worcester Polytechnic Institute.</s>"}
{"cache_time": 1.1036479473114014, "response_time": 1363.8143270015717, "answers": ["Father of Liberalism"], "response": "John Locke.</s>"}
{"cache_time": 1.1170560121536255, "response_time": 1339.2958297729492, "answers": ["35 people"], "response": "35 people.\n\nAccording to the passage, the Port Arthur massacre, which occurred in 1996, killed 35"}
{"cache_time": 1.1523200273513794, "response_time": 1342.0374386310577, "answers": ["\"Currer Bell\""], "response": "Charlotte Bront\u00eb.\n\nThe telenovela \"El Ardiente Secreto\" was based on the novel \"Jane Eyre"}
{"cache_time": 1.2631679773330688, "response_time": 1615.816382408142, "answers": ["no"], "response": "NO.\n\nAccording to the given passages, the French Spaniel and Beagle are recognized breeds, but they are not universally recognized."}
{"cache_time": 1.1078720092773438, "response_time": 1196.600196838379, "answers": ["2011"], "response": "2008.\n\nAccording to Passage 2, the Toronto International Film Festival premiere a movie produced by BBC Films in 2"}
{"cache_time": 1.4288640022277832, "response_time": 1194.5055487155914, "answers": ["the Veneto region of Northern Italy"], "response": "Cortina d'Ampezzo, Italy.</s>"}
{"cache_time": 1.3957760334014893, "response_time": 1338.2120344638824, "answers": ["1919"], "response": "The club, St Albans RFC, was formed in 1970.</s>"}
{"cache_time": 1.4204800128936768, "response_time": 1338.1306025981903, "answers": ["French"], "response": "The Arab Kingdom of Syria surrendered to French forces on 25 July 1920.</s>"}
{"cache_time": 1.1872320175170898, "response_time": 1186.9288465976715, "answers": ["University of Vienna"], "response": "Vincent Kling.</s>"}
{"cache_time": 1.1772160530090332, "response_time": 1339.3105463981628, "answers": ["Brian Stokes Mitchell"], "response": "Brian Stokes Mitchell.</s>"}
{"cache_time": 1.2152960300445557, "response_time": 1292.9592943191528, "answers": ["Netflix"], "response": "Netflix.\n\n3 Arts Entertainment has produced several successful TV shows, including the Tina Fey-created sitcom \"Unbreakable Kimmy"}
{"cache_time": 1.151263952255249, "response_time": 1369.7713043689728, "answers": ["Drunter und Dr\u00fcber is a multiplayer board game invented by Klaus Teuber"], "response": "No.\n\nClans was created by Leo Colovini, but Drunter und Dr\u00fcber was not. According to the passage, Drunter"}
{"cache_time": 1.1043200492858887, "response_time": 1148.5527276992798, "answers": ["Louisville"], "response": "Louisville, Kentucky.</s>"}
{"cache_time": 1.2110079526901245, "response_time": 1170.412929058075, "answers": ["Sonic Mania"], "response": "Sonic Mania</s>"}
{"cache_time": 1.3672959804534912, "response_time": 1179.670166015625, "answers": ["Mark Neary Donohue Jr."], "response": "Mark Donohue.</s>"}
{"cache_time": 1.8824959993362427, "response_time": 1497.0980763435364, "answers": ["an acting career"], "response": "Acting.\n\nAccording to Passage 10, Brandon James Keener is an actor who has appeared in numerous films, television shows,"}
{"cache_time": 1.0758719444274902, "response_time": 1179.9564788341522, "answers": ["Veyyil"], "response": "Vetrimaaran.</s>"}
{"cache_time": 1.1113280057907104, "response_time": 1342.030470609665, "answers": ["Saturday"], "response": "May 18th.</s>"}
{"cache_time": 1.1860159635543823, "response_time": 1147.2804911136627, "answers": ["Neighbours"], "response": "Days of Our Lives.</s>"}
{"cache_time": 1.0144000053405762, "response_time": 1332.6846179962158, "answers": ["Bill Miner"], "response": "Harry Head, also known as Harry the Kid.</s>"}
{"cache_time": 1.099552035331726, "response_time": 1334.2910528182983, "answers": ["Chippewa County"], "response": "SAGINAW COUNTY, MICHIGAN.</s>"}
{"cache_time": 1.0510079860687256, "response_time": 1188.0094320774078, "answers": ["3,677 seated"], "response": "94,903.\n\nThe passage states that the Androscoggin Bank Colis\u00e9e, which was the home arena of"}
{"cache_time": 1.1233279705047607, "response_time": 1339.7173235416412, "answers": ["Atlantic Ocean"], "response": "B. Atlantic Ocean.\n\nAccording to the passage, She-crab soup is a regional specialty from the South Carolina Lowcountry, which is"}
{"cache_time": 0.9926720261573792, "response_time": 1180.2260975837708, "answers": ["director"], "response": "Director.\n\nAccording to the given passages, Raj Kapoor was a director in the Indian film industry, and Mike Cahill is"}
{"cache_time": 1.314527988433838, "response_time": 1187.6365575790405, "answers": ["IK Start"], "response": "Start.</s>"}
{"cache_time": 1.2857919931411743, "response_time": 1214.422996520996, "answers": ["green and yellow"], "response": "Green and yellow.</s>"}
{"cache_time": 1.1757440567016602, "response_time": 1185.5118606090546, "answers": ["Claire is a married World War II nurse"], "response": "Claire Beauchamp Randall Fraser, a time-traveling nurse and the wife of Jamie Fraser.</s>"}
{"cache_time": 1.1872320175170898, "response_time": 1333.5284044742584, "answers": ["Henry Jackson Society"], "response": "Center for Social Cohesion.</s>"}
{"cache_time": 1.0374399423599243, "response_time": 1335.588177204132, "answers": ["the City of Peace"], "response": "Baghdad was also known as the capital of the Abbasid Caliphate.</s>"}
{"cache_time": 1.0925120115280151, "response_time": 1339.649837255478, "answers": ["Martin Scorsese"], "response": "Allen Wolf.\n\nAccording to the passage, Leonard Logsdail had a cameo role in the biographical film In My Sleep,"}
{"cache_time": 1.0887680053710938, "response_time": 1152.1819729804993, "answers": ["Michael Kemp Tippett"], "response": "Michael Tippett.\n\nAccording to the given passages, Michael Tippett was a composer who lived in the 20th century,"}
{"cache_time": 1.1624640226364136, "response_time": 1338.7161116600037, "answers": ["Babylon"], "response": "Babylon</s>"}
{"cache_time": 1.227936029434204, "response_time": 1187.2030618190765, "answers": ["Ten Walls"], "response": "Ten Walls.</s>"}
{"cache_time": 0.9852480292320251, "response_time": 1333.059106349945, "answers": ["Dragons: Riders of Berk"], "response": "Spirit: Stallion of the Cimarron</s>"}
{"cache_time": 1.1904959678649902, "response_time": 1160.429889678955, "answers": ["1978"], "response": "1978.\n\nSteve Moore was born in 1978, and he laid motionless for ten minutes after being hit by"}
{"cache_time": 0.9549760222434998, "response_time": 1434.6420545578003, "answers": ["J\u0101nis Strazdi\u0146\u0161"], "response": "G\u22127.</s>"}
{"cache_time": 0.9791359901428223, "response_time": 1175.627670288086, "answers": ["writer"], "response": "Authors.</s>"}
{"cache_time": 1.1580159664154053, "response_time": 1185.4630072116852, "answers": ["the Qin dynasty"], "response": "Nanyue.</s>"}
{"cache_time": 1.099392056465149, "response_time": 1341.897304534912, "answers": ["Baron of Holberg"], "response": "Holberg's comedy, \"Den V\u00e6gelsindede\".</s>"}
{"cache_time": 1.0762239694595337, "response_time": 1179.3093633651733, "answers": ["Arizona State University"], "response": "Passage 1:\nJames Gordon Miller played college football for the University of Mississippi.</s>"}
{"cache_time": 1.0559680461883545, "response_time": 1339.4757657051086, "answers": ["yes"], "response": "Yes.\n\nBoth the Dutch Smoushond and the Sussex Spaniel are dog breeds.</s>"}
{"cache_time": 1.1520960330963135, "response_time": 1284.6796658039093, "answers": ["Switchfoot"], "response": "Matthew Good Band.\n\nAccording to Passage 7, the band broke up in 2002, but the member, Matthew Good,"}
{"cache_time": 1.0593279600143433, "response_time": 1352.600396156311, "answers": ["no"], "response": "No.\n\nPortland International Airport is located in Portland, Oregon, while Gerald R. Ford International Airport is located in Grand Rapids, Michigan"}
{"cache_time": 1.271615982055664, "response_time": 1355.178994178772, "answers": ["Brothers Quay"], "response": "Jake Kasdan.\n\nThe passage states that Jake Kasdan directed Bad Teacher, and that he also executive produced Weird Loners."}
{"cache_time": 1.0686719417572021, "response_time": 1190.6313591003418, "answers": ["37.5"], "response": "72 feet (22 m).</s>"}
{"cache_time": 1.0271999835968018, "response_time": 1336.0061173439026, "answers": ["Commissioner by the Maine Senate"], "response": "There is no mention of Sawin Millett in the text. The text is about the Bangor Daily News and its columnist Brownie Schr"}
{"cache_time": 1.1041920185089111, "response_time": 1187.7901003360748, "answers": ["Jodie Prenger"], "response": "Robby Rosa.</s>"}
{"cache_time": 1.0128639936447144, "response_time": 1220.9057350158691, "answers": ["Thames"], "response": "The River Thames. Both Waterloo Bridge and the London Eye are located in London, England, and they both border the River Thames.</s>"}
{"cache_time": 1.2063360214233398, "response_time": 1340.4842817783356, "answers": ["Allure"], "response": "Allure.\n\nAllure is a beauty magazine, while Claudia is a fashion magazine that features models and celebrities on its covers.</s>"}
{"cache_time": 1.0828800201416016, "response_time": 1336.2861618995667, "answers": ["Jaleel Ahmad White"], "response": "Jaleel White</s>"}
{"cache_time": 1.345695972442627, "response_time": 1146.5647609233856, "answers": ["Lake Wallace"], "response": "Loch Ryan</s>"}
{"cache_time": 1.1227200031280518, "response_time": 1514.5667371749878, "answers": ["140 million"], "response": "Not provided. The passage does not mention the singer selling any records. The singer is mentioned as the subject of the song \"Four Seasons of Love"}
{"cache_time": 1.4086400270462036, "response_time": 1353.754968881607, "answers": ["the deadpan sketch group"], "response": "Start-rite</s>"}
{"cache_time": 1.1818560361862183, "response_time": 1151.8434488773346, "answers": ["1998"], "response": "1985.\n\nBased on the given passages, the 53rd National Hockey League All-Star Game took place in"}
{"cache_time": 1.2940479516983032, "response_time": 1344.3217532634735, "answers": ["William"], "response": "William.\n\nThe author who wrote the play in which R\u00f8nnaug Alten made her stage debut at Den Nationale Scene in 19"}
{"cache_time": 1.0412800312042236, "response_time": 1359.4419622421265, "answers": ["Gerald \"Jerry\" Joseph Bingham, Jr."], "response": "John Byrne.</s>"}
{"cache_time": 1.115488052368164, "response_time": 1183.7088441848755, "answers": ["no"], "response": "Yes.\n\nBoth Kaiping and Pingxiang, Guangxi are located in Guangdong Province.</s>"}
