{"cache_time": 2261.494140625, "response_time": 212.96356344223022, "answers": ["Miller v. California"], "response": "Miller v. California.</s>"}
{"cache_time": 2807.296630859375, "response_time": 225.08186221122742, "answers": ["Charles L. Clifford"], "response": "Charles L. Clifford.</s>"}
{"cache_time": 3633.610107421875, "response_time": 206.95398712158203, "answers": ["Norman"], "response": "Flint, Michigan.</s>"}
{"cache_time": 2807.427978515625, "response_time": 209.88841128349304, "answers": ["Sun"], "response": "JUPITER</s>"}
{"cache_time": 2189.903076171875, "response_time": 207.45470762252808, "answers": ["erotic thriller film"], "response": "On film.</s>"}
{"cache_time": 3263.43017578125, "response_time": 249.69254684448242, "answers": ["Parliament"], "response": "Parliament.\n\nThe passage mentions that David Faber, a former Conservative Member of Parliament, has appeared on the celebrity version of the"}
{"cache_time": 4083.71240234375, "response_time": 250.36631155014038, "answers": ["Tharangambadi"], "response": "Thirukkalacherry is a village in Paravakkal, a town in the Kadungapuram village of the Puzh"}
{"cache_time": 2724.147216796875, "response_time": 210.87178540229797, "answers": ["Pleiospilos"], "response": "Neither Pueraria nor Pleiospilos is a flowering plant. Pueraria is a genus of legumes, and Pleiospil"}
{"cache_time": 4596.8896484375, "response_time": 233.03773617744446, "answers": ["2013"], "response": "N/A.\n\nRussell D. Moore did not serve as President of the Southern Baptist Theological Seminary. He is the current"}
{"cache_time": 2797.510498046875, "response_time": 212.24726033210754, "answers": ["The Rebirth"], "response": "The Rebirth.</s>"}
{"cache_time": 3589.731201171875, "response_time": 224.9070017337799, "answers": ["October 13, 1980"], "response": "Madonna was born on August 16, 1958.</s>"}
{"cache_time": 3263.82958984375, "response_time": 221.23845767974854, "answers": ["Betty Cohen"], "response": "NPO Best.</s>"}
{"cache_time": 2241.9462890625, "response_time": 212.36495542526245, "answers": ["Mary Astor"], "response": "Marisa Prado.\n\nMarisa Prado starred in the 1964 film \"Lampi\u00e3o, o Rei do Canga"}
{"cache_time": 3495.798828125, "response_time": 214.4272837638855, "answers": ["number five"], "response": "number 5 on the US Hot 100.</s>"}
{"cache_time": 2226.505615234375, "response_time": 208.36489081382751, "answers": ["New Zealand, Canada, the United States, the Falkland Islands, and Peru."], "response": "The moose (PL: moose; used in North America) or elk (PL: elk or elks; used in Euras"}
{"cache_time": 3392.900146484375, "response_time": 215.37764191627502, "answers": ["2000 Summer Olympic Games"], "response": "Sara Symington competed in the 2000 Summer Olympics held in Sydney, Australia.</s>"}
{"cache_time": 3349.392333984375, "response_time": 213.7836034297943, "answers": ["Claudio Javier L\u00f3pez"], "response": "Jos\u00e9 Daniel Valencia.</s>"}
{"cache_time": 3052.5625, "response_time": 226.95262098312378, "answers": ["George H. W. Bush"], "response": "Ronald Reagan.\n\nRonald Reagan was an actor and the 40th President of the United States, and Richard Darman served"}
{"cache_time": 2178.03173828125, "response_time": 206.95391488075256, "answers": ["\"Talk That Talk\""], "response": "The song that came out ahead of The Wanted's \"Lightning\" on the UK Singles Chart was \"We Found Love\" by Rih"}
{"cache_time": 2288.787109375, "response_time": 222.3200397491455, "answers": ["Bob Dylan"], "response": "Alina Margolis-Edelman.</s>"}
{"cache_time": 2302.176025390625, "response_time": 209.6921627521515, "answers": ["Cartoon Cartoon Fridays"], "response": "SNICK.\n\n\"Whatever Happened to... Robot Jones?\" was a part of the SNICK programming block on Nickelode"}
{"cache_time": 2165.433349609375, "response_time": 200.37568855285645, "answers": ["on the Cumberland Plain"], "response": "Shree Khamboliapur.</s>"}
{"cache_time": 3107.975341796875, "response_time": 216.2570447921753, "answers": ["Long Island"], "response": "Long Island.</s>"}
{"cache_time": 2179.74560546875, "response_time": 208.12229084968567, "answers": ["PewDiePie"], "response": "There is no guest in the final two episodes of season eighteen of South Park.</s>"}
{"cache_time": 2863.0966796875, "response_time": 210.79524159431458, "answers": ["It's Always Sunny in Philadelphia"], "response": "Fenmore Baldwin from The Young and the Restless.</s>"}
{"cache_time": 3936.450439453125, "response_time": 224.5617082118988, "answers": ["#364"], "response": "Blue Valley West High School.</s>"}
{"cache_time": 2162.816650390625, "response_time": 211.11642265319824, "answers": ["Ribosomes"], "response": "The large subunit and small subunit that use two types of RNA are major components that make up ribosomes.</s>"}
{"cache_time": 2256.841796875, "response_time": 210.5900866985321, "answers": ["Dracula"], "response": "Pistacia.</s>"}
{"cache_time": 3267.102294921875, "response_time": 208.41831135749817, "answers": ["Band-e Amir National Park"], "response": "Band-e Amir.</s>"}
{"cache_time": 3163.927490234375, "response_time": 212.72458910942078, "answers": ["University of Southern California"], "response": "Los Angeles Memorial Coliseum.</s>"}
{"cache_time": 3272.644287109375, "response_time": 215.57645320892334, "answers": ["7.2 million"], "response": "Canton Road is a major road in Hong Kong, linking the former west reclamation shore in Tsim Sha Tsui, Jordan, Yau Ma"}
{"cache_time": 2180.422119140625, "response_time": 211.27604961395264, "answers": ["A123 Systems, LLC"], "response": "Spider9 was founded in 2011 by Glynne Townsend, former Vice President of Production at Wave Crest Energy Systems.</s>"}
{"cache_time": 3130.84716796875, "response_time": 219.73046350479126, "answers": ["143,372"], "response": "13,233</s>"}
{"cache_time": 2414.17529296875, "response_time": 219.99366402626038, "answers": ["Taoiseach of Ireland"], "response": "Charles Haughey was the Taoiseach when he dissolved the list of members who were elected to the lower house of the O"}
{"cache_time": 2228.241943359375, "response_time": 206.95215272903442, "answers": ["Troy, Montana"], "response": "Troy, Montana, United States</s>"}
{"cache_time": 3358.69287109375, "response_time": 218.3519697189331, "answers": ["Mika H\u00e4kkinen"], "response": "Mika H\u00e4kkinen.</s>"}
{"cache_time": 2184.507568359375, "response_time": 203.45270609855652, "answers": ["Constantine"], "response": "The Hunger Games: Mockingjay \u2013 Part 2.</s>"}
{"cache_time": 2167.696044921875, "response_time": 211.75606727600098, "answers": ["George Balanchine"], "response": "Lev Ivanov.</s>"}
{"cache_time": 3013.743896484375, "response_time": 209.0447657108307, "answers": ["Xcel Energy Inc."], "response": "North American Company.\n\nAccording to Passage 2, Alfred A. Marcus worked as a consultant for North American Company, which was a utility"}
{"cache_time": 2342.49658203125, "response_time": 206.52580881118774, "answers": ["Summer Magic"], "response": "Around the World in 80 Days.\n\nAccording to the passage, Around the World in 80 Days was released in 2"}
{"cache_time": 2255.684326171875, "response_time": 207.49344301223755, "answers": ["Nobel Prize"], "response": "Nobel Prize.</s>"}
{"cache_time": 2208.27978515625, "response_time": 206.24372267723083, "answers": ["seasonal television specials, particularly its work in stop motion animation"], "response": "stop-motion animated productions.</s>"}
{"cache_time": 2205.713623046875, "response_time": 204.22206211090088, "answers": ["Dame Eileen June Atkins"], "response": "Michelle Terry</s>"}
{"cache_time": 3457.293212890625, "response_time": 240.3478033542633, "answers": ["Iran"], "response": "IRAN.\n\nAccording to Passage 7, the Nimavar school is located in Nimavar Bazaar in Isfah"}
{"cache_time": 2284.259521484375, "response_time": 234.00120997428894, "answers": ["Hakim Abdullah Jamal"], "response": "Tommie Smith.</s>"}
{"cache_time": 4075.209716796875, "response_time": 207.21905136108398, "answers": ["Keith Morris"], "response": "Keith Morris.</s>"}
{"cache_time": 2199.544677734375, "response_time": 208.90649032592773, "answers": ["YIVO"], "response": "YIVO (Yiddish: \u05d9\u05d9\u05b4\u05d5\u05d5\u05d0\u05b8, [ji\u02c8v\u0254])</s>"}
{"cache_time": 3041.633544921875, "response_time": 220.1566755771637, "answers": ["January 18, 1813"], "response": "1826</s>"}
{"cache_time": 2691.629150390625, "response_time": 214.34924268722534, "answers": ["Himalchuli has three main peaks: East (7893 m), West (7540 m) and North (7371 m)"], "response": "N/A. The passage does not mention either Tongshanjiabu or Himalchuli.</s>"}
{"cache_time": 2297.9296875, "response_time": 211.989764213562, "answers": ["1763"], "response": "In 1791.</s>"}
{"cache_time": 2233.39013671875, "response_time": 206.0864179134369, "answers": ["Pope John X"], "response": "Marozia.</s>"}
{"cache_time": 2164.215087890625, "response_time": 204.94167041778564, "answers": ["Manchester United"], "response": "Manchester United F.C.</s>"}
{"cache_time": 2263.591796875, "response_time": 205.2035892009735, "answers": ["yes"], "response": "NO.\n\nStanley Elkin was an American novelist born in the United States, while Anne Tyler is an American novelist born in the"}
{"cache_time": 2209.35498046875, "response_time": 205.28557991981506, "answers": ["1,693"], "response": "Averill Park.</s>"}
{"cache_time": 2266.2890625, "response_time": 232.85191893577576, "answers": ["Australian Supercars Championship"], "response": "IndyCar Series Championship. According to Passage 9, the person who substituted for Simon Pagenaud, Gabby Chaves, secured"}
{"cache_time": 2153.53857421875, "response_time": 211.99495029449463, "answers": ["no"], "response": "No.\n\nAccording to the passage, Yoo-hoo and Faygo are not carbonated drinks. The passage states that Yoo"}
{"cache_time": 2455.35546875, "response_time": 204.6425576210022, "answers": ["Washington State"], "response": "Mike Leach currently coaches at Washington State.</s>"}
{"cache_time": 2261.002685546875, "response_time": 213.20595026016235, "answers": ["Floyd Casey Stadium"], "response": "Baylor University.\n\nThe question is based on the information provided in Passage 1, which states that the Baylor Bears football team represented Bay"}
{"cache_time": 3519.643798828125, "response_time": 210.63546085357666, "answers": ["2010"], "response": "2014.</s>"}
{"cache_time": 2186.026611328125, "response_time": 207.96196031570435, "answers": ["Sanskrit"], "response": "Gajabrishta is a style of vimana (temple tower) found in Shiva temples of Tamil Nadu, and it"}
{"cache_time": 3636.16015625, "response_time": 206.96276569366455, "answers": ["English"], "response": "American</s>"}
{"cache_time": 2172.360107421875, "response_time": 215.2952275276184, "answers": ["yes"], "response": "No.\n\nThe Tundra Mine and Negus Mine were not located in the same country. The Tundra Mine is located in the Canadian Sh"}
{"cache_time": 2264.322509765625, "response_time": 214.82909989356995, "answers": ["November"], "response": "The animated series that Kent Scott wrote ended after beginning in September of 2002 on \"Nick on CBS\" in November of the same"}
{"cache_time": 2246.42041015625, "response_time": 198.02067637443542, "answers": ["Shari Shattuck"], "response": "Pamela Adlon.</s>"}
{"cache_time": 2239.806640625, "response_time": 204.64726185798645, "answers": ["British"], "response": "Jewish.\n\nBased on the provided passages, the answer is derived from the following information:\n\nPassage 1:\nAugust Hirt"}
{"cache_time": 2176.39599609375, "response_time": 206.79052710533142, "answers": ["Vernon Smith"], "response": "Fran\u00e7ois Englert.</s>"}
{"cache_time": 3081.830322265625, "response_time": 206.69240641593933, "answers": ["Deftones"], "response": "Deftones.</s>"}
{"cache_time": 3851.007080078125, "response_time": 212.2640483379364, "answers": ["810"], "response": "The population in 2010 of the town where The Stelljes House is located is not specified in the given passages. The pass"}
{"cache_time": 2229.5517578125, "response_time": 210.50466084480286, "answers": ["India"], "response": "India. Both Alsa Mall and Spencer Plaza are located in Chennai, Tamil Nadu, India.</s>"}
{"cache_time": 2132.7236328125, "response_time": 208.09920811653137, "answers": ["yes"], "response": "Yes.\n\nBoth Mick Jagger and Brett Scallions are musicians.</s>"}
{"cache_time": 2227.559326171875, "response_time": 204.69533848762512, "answers": ["May 5, 1939"], "response": "1733.</s>"}
{"cache_time": 2195.609375, "response_time": 211.82174468040466, "answers": ["Philip K. Dick"], "response": "Philip K. Dick.</s>"}
{"cache_time": 2237.24755859375, "response_time": 208.44048643112183, "answers": ["821"], "response": "The Roud Folk Song Index number of the nursery rhyme that inspired \"What Are Little Girls Made Of?\" is 192"}
{"cache_time": 2245.490234375, "response_time": 204.99325156211853, "answers": ["Capital Cities"], "response": "Capital Cities.</s>"}
{"cache_time": 2209.52294921875, "response_time": 209.44180703163147, "answers": ["Morgan Llywelyn"], "response": "Morgan Llywelyn.\n\nAccording to Passage 1, Morgan Llywelyn was born in 1959,"}
{"cache_time": 2305.321044921875, "response_time": 221.93690586090088, "answers": ["14"], "response": "12 points.\n\nAccording to Passage 3, the winner of the London Riders' Championship in 1953 was Jack"}
{"cache_time": 2153.41845703125, "response_time": 212.96202540397644, "answers": ["Big 12 Conference"], "response": "BIG 12 CONFERENCE</s>"}
{"cache_time": 2184.84375, "response_time": 203.93634152412415, "answers": ["Brittany, Cornwall, Ireland, Isle of Man, Scotland and Wales."], "response": "Ireland, Scotland, Wales, Cornwall, Brittany, and the Isle of Man.</s>"}
{"cache_time": 2966.9560546875, "response_time": 203.88301491737366, "answers": ["coaxial"], "response": "BNC connector.</s>"}
{"cache_time": 2283.85400390625, "response_time": 201.17929697036743, "answers": ["Wicked Twister"], "response": "Wicked Twister.</s>"}
{"cache_time": 2250.614990234375, "response_time": 202.5181360244751, "answers": ["Levni Yilmaz"], "response": "Pamela B. Green</s>"}
{"cache_time": 2213.153076171875, "response_time": 221.77356791496277, "answers": ["Man Haron"], "response": "Man Haron Monis.</s>"}
{"cache_time": 2308.066650390625, "response_time": 209.2611768245697, "answers": ["Hawaii"], "response": "1920.</s>"}
{"cache_time": 3648.34814453125, "response_time": 221.34688925743103, "answers": ["100 metres"], "response": "100 meters. \n\nAccording to the passage, Harold Davis was a former record holder in the 100 meters, but now"}
{"cache_time": 2216.209716796875, "response_time": 217.0279393196106, "answers": ["due to the onset and progression of Alzheimer's disease"], "response": "Due to complications with Alzheimer's disease.\n\nAccording to the passage, Pat Bowlen stepped down as the CEO of the Den"}
{"cache_time": 3207.24267578125, "response_time": 220.40493869781494, "answers": ["yes"], "response": "Yes\n\nAccording to Passage 1, both Pothos and Tibouchina are flowering genus of plants. Pothos is a genus"}
{"cache_time": 2212.351318359375, "response_time": 203.66202092170715, "answers": ["Leucippus"], "response": "Leucippus</s>"}
{"cache_time": 3904.08154296875, "response_time": 205.4469313621521, "answers": ["Hollywood, Florida"], "response": "Miami Gardens.</s>"}
{"cache_time": 2297.951171875, "response_time": 209.89673495292664, "answers": ["building"], "response": "They are both former armories.\n\n277 Park Avenue was previously the home of the Squadron A Armory, while 126 Madison"}
{"cache_time": 3555.388427734375, "response_time": 210.61900544166565, "answers": ["1895"], "response": "1943.</s>"}
{"cache_time": 2349.90234375, "response_time": 209.04196166992188, "answers": ["Pac-12 Conference"], "response": "The team for which Justin Harper played college football is currently a member of the Pac-12 Conference.</s>"}
{"cache_time": 3063.314697265625, "response_time": 217.32661652565002, "answers": ["7pm"], "response": "3:00-6:00 PM (all times EST) on Monday.</s>"}
{"cache_time": 2566.390869140625, "response_time": 212.2070062160492, "answers": ["no"], "response": "No.\n\nWerther is a novel by Johann Wolfgang von Goethe, later adapted into an opera by Massenet. The Odyssey,"}
{"cache_time": 2179.500244140625, "response_time": 204.3354332447052, "answers": ["poet"], "response": "Poet.</s>"}
{"cache_time": 2515.93603515625, "response_time": 204.62613892555237, "answers": ["no"], "response": "No.\n\nDuke Energy is headquartered in Charlotte, North Carolina, while Affiliated Managers Group is based in Boston, Massachusetts"}
{"cache_time": 3736.41015625, "response_time": 215.29147458076477, "answers": ["43,000 marchers"], "response": "25,000.\n\nAccording to the passage, \"In January 1932, a march of 25,"}
{"cache_time": 2209.73583984375, "response_time": 235.91780757904053, "answers": ["Indianapolis, Indiana"], "response": "Bishop International Airport.</s>"}
{"cache_time": 3919.3876953125, "response_time": 212.48501229286194, "answers": ["1909"], "response": "2002. According to passage 1, PLOS ONE, a peer-reviewed open-access mega journal published by the Public"}
{"cache_time": 2298.781982421875, "response_time": 213.60996294021606, "answers": ["Bill McCutcheon"], "response": "Bill McCutcheon.</s>"}
{"cache_time": 3326.077880859375, "response_time": 233.9762156009674, "answers": ["Lord Gort"], "response": "Brigadier Stanley James Ledger Hill was attached to the command post of Field Marshal Lord Gort during the Battle of France in May"}
{"cache_time": 2305.158935546875, "response_time": 210.9947121143341, "answers": ["Polk County"], "response": "Des Moines, Iowa</s>"}
{"cache_time": 2647.916259765625, "response_time": 211.9373161792755, "answers": ["King James II of England"], "response": "James II of England.</s>"}
{"cache_time": 2171.47802734375, "response_time": 216.60699915885925, "answers": ["Tommy"], "response": "\"Marry Me\" from the album \"Save Me, San Francisco\" reached No. 4 on the UK charts and No. 19"}
{"cache_time": 2319.3740234375, "response_time": 209.6013433933258, "answers": ["2006"], "response": "2006.\n\nAccording to the passages, Blood on the Dance Floor formed in 2006 in Orlando,"}
{"cache_time": 2316.59716796875, "response_time": 210.0869917869568, "answers": ["West African descendants"], "response": "Ovambo people.\n\nThe Ovambo people are an ethnic group in Southern Africa, primarily in Namibia, who have retained"}
{"cache_time": 2188.947509765625, "response_time": 206.50193810462952, "answers": ["American"], "response": "American.\n\nBased on the given passages, Henry Roth and Lewis Mumford are both American as they are associated with the Regional Planning Association"}
{"cache_time": 2148.5791015625, "response_time": 214.191424369812, "answers": ["Michael Swango"], "response": "Michael Swango.</s>"}
{"cache_time": 2215.477294921875, "response_time": 207.41963815689087, "answers": ["Juan Rulfo"], "response": "Juan Rulfo.\n\nAccording to the provided passage, Juan Rulfo was born in 1917, while John le Carr\u00e9"}
{"cache_time": 2546.69384765625, "response_time": 205.71894693374634, "answers": ["American"], "response": "Merck & Co.\n\nAccording to the passage, Doravirine is developed by Merck Co., Inc.</s>"}
{"cache_time": 2940.915771484375, "response_time": 210.145366191864, "answers": ["1961"], "response": "1970.\n\nAccording to the information provided in Passage 1, Will Self was born in 1970.</s>"}
{"cache_time": 2261.814208984375, "response_time": 228.4249062538147, "answers": ["United States Secretary of the Interior"], "response": "Governor of Montana.</s>"}
{"cache_time": 3352.571533203125, "response_time": 231.08865094184875, "answers": ["Alice's Adventures in Wonderland"], "response": "Alice's Adventures in Wonderland</s>"}
{"cache_time": 2213.98974609375, "response_time": 207.99333953857422, "answers": ["Vienna"], "response": "Berlin.</s>"}
{"cache_time": 2170.190673828125, "response_time": 206.8996422290802, "answers": ["yes"], "response": "Yes.\n\nTantrix and Personal Preference are both types of games. Tantrix is a card game, while Personal Preference is a board"}
{"cache_time": 2222.175048828125, "response_time": 231.8381245136261, "answers": ["Albert Park"], "response": "Albert Park.</s>"}
{"cache_time": 2250.971923828125, "response_time": 202.96027493476868, "answers": ["director"], "response": "Actors.</s>"}
{"cache_time": 3734.17626953125, "response_time": 210.20579934120178, "answers": ["Jeffersontown, Kentucky"], "response": "Middletown</s>"}
{"cache_time": 2410.156982421875, "response_time": 205.60576701164246, "answers": ["Burny Mattinson, David Michener, and the team of John Musker and Ron Clements"], "response": "Richard Eichberg.</s>"}
{"cache_time": 2221.105712890625, "response_time": 204.7901713848114, "answers": ["WAMC"], "response": "WAMC.</s>"}
{"cache_time": 2176.6572265625, "response_time": 257.19125723838806, "answers": ["Bassendean"], "response": "East Perth.</s>"}
{"cache_time": 2702.5166015625, "response_time": 211.60971808433533, "answers": ["duck"], "response": "The waterfowl that are a medium-sized version of the birds in Hardley Flood are geese.</s>"}
{"cache_time": 2163.862060546875, "response_time": 202.78898310661316, "answers": ["Mimosa"], "response": "Mimosa.</s>"}
{"cache_time": 2175.705322265625, "response_time": 207.1896710395813, "answers": ["alleged paranormal phenomena"], "response": "The reported disappearances of people in both the Bennington Triangle and the Bridgewater Triangle include:\n\n1. Hunting and fish"}
{"cache_time": 2180.8037109375, "response_time": 206.6524088382721, "answers": ["Fomento Econ\u00f3mico Mexicano"], "response": "Coca-Cola FEMSA.</s>"}
{"cache_time": 2691.71337890625, "response_time": 207.3871729373932, "answers": ["Ellie Kemper"], "response": "Ellie Kemper.</s>"}
{"cache_time": 2146.601318359375, "response_time": 205.37369585037231, "answers": ["yes"], "response": "Yes.\n\nAccording to the given passages, both Yut and Tsuro are board games. Yut is a board game that originated"}
{"cache_time": 2478.891357421875, "response_time": 206.21435928344727, "answers": ["Umina Beach, New South Wales"], "response": "Umina Beach</s>"}
{"cache_time": 2184.95263671875, "response_time": 212.71533298492432, "answers": ["Metro Manila"], "response": "Cebu City, Philippines.</s>"}
{"cache_time": 3646.071533203125, "response_time": 210.32310485839844, "answers": ["University"], "response": "They both have the word \"Doctor\" in their name. Sandra Pizzarello has a doctorate degree, and the Doctorate is"}
{"cache_time": 2278.48486328125, "response_time": 234.10221934318542, "answers": ["In 2002, Suining had a population of 658,798."], "response": "NO\n\nAccording to the given passages, Qionghai had a population of 483,217 people in 20"}
{"cache_time": 2224.595458984375, "response_time": 208.18642616271973, "answers": ["video game"], "response": "Video games.\n\nYameen, as a music producer and web developer, is involved in the creation of hip-hop websites and online communities,"}
{"cache_time": 2207.634521484375, "response_time": 206.75116157531738, "answers": ["no"], "response": "No.\n\nFrank Lloyd was a British-born film director, while Olivier Assayas is a French film director.</s>"}
{"cache_time": 2249.8349609375, "response_time": 216.74673175811768, "answers": ["French mathematician and physicist"], "response": "The person responsible for the concept of a dimensionless number in physics and engineering was Pyotr Kapitsa, a Russian physicist.</s>"}
{"cache_time": 2396.33203125, "response_time": 207.59991908073425, "answers": ["Elvis' Christmas Album"], "response": "Elvis' Christmas Album.</s>"}
{"cache_time": 2231.025390625, "response_time": 206.7181749343872, "answers": ["Operation Iceberg"], "response": "Camp Courtney was named after Major Denis Vetchinov, who was killed in action during the battle codenamed \"Operation Distant Eagle.\""}
{"cache_time": 2850.99853515625, "response_time": 202.86831951141357, "answers": ["Puli Alam"], "response": "Logar Province.</s>"}
{"cache_time": 2195.90625, "response_time": 209.20235109329224, "answers": ["BBC Formula One"], "response": "Nicolas Lapierre.</s>"}
{"cache_time": 2233.733154296875, "response_time": 247.3732511997223, "answers": ["Plato"], "response": "Socrates.\n\nAccording to the passage, \"The 50th Law\" is a New York Times bestselling book by 5"}
{"cache_time": 2173.0751953125, "response_time": 205.9068672657013, "answers": ["Northern Ireland"], "response": "The host of the American survival skills reality show, The Island, is originally from England, United Kingdom.</s>"}
{"cache_time": 2167.773681640625, "response_time": 206.29587602615356, "answers": ["Joe Gooch"], "response": "Jerry Garcia.\n\nJerry Garcia was born on August 1, 1942, while Joe Gooch was born on May"}
{"cache_time": 2418.948974609375, "response_time": 214.28812861442566, "answers": ["poet and novelist"], "response": "They both have the word \"Exilicauda\" in their names.\n\nLavinia exilicauda is a species of fish, and"}
{"cache_time": 2167.58935546875, "response_time": 206.5417788028717, "answers": ["O"], "response": "Carolina Moraes.</s>"}
{"cache_time": 2158.51416015625, "response_time": 205.50315856933594, "answers": ["West Lafayette, Indiana"], "response": "Worcester, Massachusetts.</s>"}
{"cache_time": 2207.61328125, "response_time": 207.7288064956665, "answers": ["Father of Liberalism"], "response": "John Locke</s>"}
{"cache_time": 2283.3310546875, "response_time": 214.72361636161804, "answers": ["35 people"], "response": "35 people.\n\nAccording to the passage, the Port Arthur massacre, which occurred in 1996, killed 35"}
{"cache_time": 3463.34619140625, "response_time": 216.66202878952026, "answers": ["\"Currer Bell\""], "response": "Charlotte Bront\u00eb. The telenovela \"El Ardiente Secreto\" was based on Charlotte Bront\u00eb's novel \"Jane"}
{"cache_time": 2294.0244140625, "response_time": 213.4853961467743, "answers": ["no"], "response": "NO.\n\nAccording to the given passages, the French Spaniel and Beagle are not universally recognized breeds. The French Spaniel is"}
{"cache_time": 2168.174560546875, "response_time": 208.02809047698975, "answers": ["2011"], "response": "2008.\n\nAccording to the passage, the Toronto International Film Festival premiere a movie produced by BBC Films in 200"}
{"cache_time": 3465.91796875, "response_time": 208.84173369407654, "answers": ["the Veneto region of Northern Italy"], "response": "Cortina d'Ampezzo, Italy.</s>"}
{"cache_time": 3586.6669921875, "response_time": 217.6464524269104, "answers": ["1919"], "response": "1970.\n\nAccording to Passage 1, the club was formed in 1970 as an open rugby club with"}
{"cache_time": 2160.4619140625, "response_time": 213.48635578155518, "answers": ["French"], "response": "On 25 July 1920, the Arab Kingdom of Syria surrendered to French forces.</s>"}
{"cache_time": 2169.692626953125, "response_time": 205.40407705307007, "answers": ["University of Vienna"], "response": "Vincent Kling.</s>"}
{"cache_time": 2288.421630859375, "response_time": 215.78696608543396, "answers": ["Brian Stokes Mitchell"], "response": "Brian Stokes Mitchell.</s>"}
{"cache_time": 2191.171142578125, "response_time": 212.69418025016785, "answers": ["Netflix"], "response": "Netflix.\n\n3 Arts Entertainment had a coalition with Netflix for the 13-episode, 2015"}
{"cache_time": 3953.5068359375, "response_time": 220.16709184646606, "answers": ["Drunter und Dr\u00fcber is a multiplayer board game invented by Klaus Teuber"], "response": "No.\n\nClans was designed by Leo Colovini, but Drunter und Dr\u00fcber was not. Instead, it was invented by Klaus"}
{"cache_time": 2231.669189453125, "response_time": 206.54362154006958, "answers": ["Louisville"], "response": "Louisville, Kentucky.</s>"}
{"cache_time": 2162.416259765625, "response_time": 202.42591428756714, "answers": ["Sonic Mania"], "response": "Sonic Mania</s>"}
{"cache_time": 3437.41845703125, "response_time": 210.15674114227295, "answers": ["Mark Neary Donohue Jr."], "response": "Mark Donohue</s>"}
{"cache_time": 2264.5615234375, "response_time": 214.53181338310242, "answers": ["an acting career"], "response": "Acting. Based on the information provided in Passage 10, Brandon James Routh is an actor who has appeared in film, television, and"}
{"cache_time": 2301.8076171875, "response_time": 206.18244409561157, "answers": ["Veyyil"], "response": "Vetrimaaran.</s>"}
{"cache_time": 2204.146240234375, "response_time": 211.28064584732056, "answers": ["Saturday"], "response": "Thoroughbred Racing on ESPN.</s>"}
{"cache_time": 2229.1142578125, "response_time": 208.67563390731812, "answers": ["Neighbours"], "response": "Days of Our Lives</s>"}
{"cache_time": 3659.205322265625, "response_time": 218.306565284729, "answers": ["Bill Miner"], "response": "Harry the Kid (Harry Head).</s>"}
{"cache_time": 2196.99169921875, "response_time": 205.7020025253296, "answers": ["Chippewa County"], "response": "MICHIGAN COUNTY: SAGINAW COUNTY</s>"}
{"cache_time": 2435.988037109375, "response_time": 210.0386519432068, "answers": ["3,677 seated"], "response": "94,903.\n\nAccording to the passage, the Androscoggin Bank Colis\u00e9e, where the Lewiston Maine"}
{"cache_time": 2168.393310546875, "response_time": 212.3996434211731, "answers": ["Atlantic Ocean"], "response": "C. Atlantic Ocean. She-crab soup is a regional specialty from the South Carolina Lowcountry, and the ingredients used in the soup,"}
{"cache_time": 2176.76513671875, "response_time": 202.49242496490479, "answers": ["director"], "response": "Director.</s>"}
{"cache_time": 2187.7265625, "response_time": 214.20134210586548, "answers": ["IK Start"], "response": "Sarpsborg 08 FF.</s>"}
{"cache_time": 3387.68359375, "response_time": 210.4198977947235, "answers": ["green and yellow"], "response": "Green and yellow.</s>"}
{"cache_time": 2214.498779296875, "response_time": 211.52206897735596, "answers": ["Claire is a married World War II nurse"], "response": "The character of Claire Fraser, a married World War II nurse who finds herself transported back to 18th century Scotland, is the"}
{"cache_time": 2194.2529296875, "response_time": 203.33076238632202, "answers": ["Henry Jackson Society"], "response": "Centre for Social Cohesion.</s>"}
{"cache_time": 2210.1953125, "response_time": 208.6776158809662, "answers": ["the City of Peace"], "response": "Baghdad was known as the capital of the Abbasid Caliphate during the Abbasid Caliphate.</s>"}
{"cache_time": 2137.33447265625, "response_time": 212.5407567024231, "answers": ["Martin Scorsese"], "response": "Allen Wolf.\n\nAccording to the passage, Leonard Logsdail had a cameo role in the film \"In My Sleep,\" which"}
{"cache_time": 2163.225830078125, "response_time": 204.15787506103516, "answers": ["Michael Kemp Tippett"], "response": "Michael Tippett.\n\nAccording to the passage, Michael Tippett's works were composed more recently than Luigi Cherubini's works"}
{"cache_time": 2140.672607421875, "response_time": 223.54352927207947, "answers": ["Babylon"], "response": "The Panel with striding lion was one of many that lined the Processional Way north of the Ishtar Gate of the inner city of Bab"}
{"cache_time": 2238.4130859375, "response_time": 206.86560988426208, "answers": ["Ten Walls"], "response": "Ten Walls.</s>"}
{"cache_time": 3711.77880859375, "response_time": 210.15870904922485, "answers": ["Dragons: Riders of Berk"], "response": "Spirit: Stallion of the Cimarron.</s>"}
{"cache_time": 2282.203857421875, "response_time": 208.43974828720093, "answers": ["1978"], "response": "1978.\n\nAccording to Passage 8, the player who laid motionless for ten minutes in the Todd Bertuzzi"}
{"cache_time": 2145.970947265625, "response_time": 205.13398504257202, "answers": ["J\u0101nis Strazdi\u0146\u0161"], "response": "Tim Storms.</s>"}
{"cache_time": 2285.282470703125, "response_time": 204.18845987319946, "answers": ["writer"], "response": "Authors.</s>"}
{"cache_time": 2304.36328125, "response_time": 212.99515318870544, "answers": ["the Qin dynasty"], "response": "Qin.</s>"}
{"cache_time": 2237.8916015625, "response_time": 220.4179332256317, "answers": ["Baron of Holberg"], "response": "\"The Feast at Solhoug\"</s>"}
{"cache_time": 2225.556640625, "response_time": 210.24311876296997, "answers": ["Arizona State University"], "response": "The punter for the Dallas Cowboys in the 1980s, James Gordon Miller, played college football at the University of Mississippi"}
{"cache_time": 2192.81982421875, "response_time": 211.17793726921082, "answers": ["yes"], "response": "Yes.\n\nBoth the Dutch Smoushond and the Sussex Spaniel are dog breeds.</s>"}
{"cache_time": 3888.801513671875, "response_time": 239.32989168167114, "answers": ["Switchfoot"], "response": "Neither.\n\nAccording to the passages, Matthew Good Band broke up in 2002, and Switchfoot is not mentioned at all"}
{"cache_time": 3689.160888671875, "response_time": 251.90864634513855, "answers": ["no"], "response": "No.\n\nWhile both airports are located in the United States, Portland International Airport is located in Portland, Oregon, while Gerald R"}
{"cache_time": 3738.087890625, "response_time": 217.5837368965149, "answers": ["Brothers Quay"], "response": "Jake Kasdan.\n\nAccording to the passages, Jake Kasdan directed the film Bad Teacher, which grossed $216"}
{"cache_time": 3491.033203125, "response_time": 227.01878333091736, "answers": ["37.5"], "response": "The Atherton Bridge spans 72 feet (22 m) long and 18.5 feet (5.6 m) feet wide"}
{"cache_time": 3494.064453125, "response_time": 216.17379426956177, "answers": ["Commissioner by the Maine Senate"], "response": "Sawin Millett is not mentioned in the given passages. The question is based on a false assumption.</s>"}
{"cache_time": 2418.67333984375, "response_time": 212.36237049102783, "answers": ["Jodie Prenger"], "response": "Robby Rosa.\n\nAccording to the passage, Robby Rosa is the actor who plays Sean Tully in the film Salsa. Therefore"}
{"cache_time": 2540.418701171875, "response_time": 208.5012230873108, "answers": ["Thames"], "response": "The River Thames. Both Waterloo Bridge and the London Eye are located on the South Bank of the River Thames in Central London, England."}
{"cache_time": 2197.549560546875, "response_time": 211.13822150230408, "answers": ["Allure"], "response": "Allure.\n\nAllure is a beauty magazine that covers articles about fashion, beauty tips, and celebrities. It has been published monthly since"}
{"cache_time": 3847.857177734375, "response_time": 216.03204464912415, "answers": ["Jaleel Ahmad White"], "response": "Jaleel White</s>"}
{"cache_time": 2310.98583984375, "response_time": 202.09648895263672, "answers": ["Lake Wallace"], "response": "Loch Ryan.</s>"}
{"cache_time": 5584.1298828125, "response_time": 210.78506064414978, "answers": ["140 million"], "response": "400,000.</s>"}
{"cache_time": 3383.250732421875, "response_time": 215.37582659721375, "answers": ["the deadpan sketch group"], "response": "The group is called \"Start-rite.\"</s>"}
{"cache_time": 3803.342041015625, "response_time": 275.77161145210266, "answers": ["1998"], "response": "1970.</s>"}
{"cache_time": 3520.557373046875, "response_time": 227.5546567440033, "answers": ["William"], "response": "William.\n\nAccording to Passage 5, the play was Twelfth Night, and the author was William Shakespeare. R\u00f8nnaug Al"}
{"cache_time": 2206.072509765625, "response_time": 207.5710780620575, "answers": ["Gerald \"Jerry\" Joseph Bingham, Jr."], "response": "John Byrne</s>"}
{"cache_time": 3462.730712890625, "response_time": 221.4003129005432, "answers": ["no"], "response": "NO.\n\nAccording to the given passages, Kaiping is located in Guangdong Province, while Pingxiang is located in"}
