{"cache_time": 1.0967040061950684, "response_time": 6697.913360595703, "answers": ["8"], "response": "There are 5 unique paragraphs in the text.\n\nParagraph 1 is repeated twice, and Paragraphs 2-4 are repeated once"}
{"cache_time": 1.0446079969406128, "response_time": 6663.6461181640625, "answers": ["11"], "response": "4 paragraphs.\n\nThere are four distinct paragraphs in the text provided. Paragraph 1 describes the 2nd Rhode Island"}
{"cache_time": 0.9024959802627563, "response_time": 3620.026382446289, "answers": ["13"], "response": "There are 6 distinct paragraphs within the text."}
{"cache_time": 1.0124800205230713, "response_time": 6538.557373046875, "answers": ["44"], "response": "7\n\nThere are 7 unique paragraphs in the text you provided. The paragraphs are:\n\n1. Paragraph 1: In"}
{"cache_time": 0.9640640020370483, "response_time": 2580.3509368896484, "answers": ["2"], "response": "5 unique paragraphs."}
{"cache_time": 0.9787520170211792, "response_time": 6590.733261108398, "answers": ["7"], "response": "5 paragraphs.\n\nThere are five unique paragraphs in the text:\n\n1. Paragraph 1: This is the first of"}
{"cache_time": 1.0734399557113647, "response_time": 6695.947311401367, "answers": ["7"], "response": "11 unique paragraphs. \n\nThe paragraphs are:\n\n1. The U.S. is ranked 4th out of"}
{"cache_time": 1.1007039546966553, "response_time": 6611.342300415039, "answers": ["45"], "response": "6.\n\nThe 6 paragraphs are:\n\n1. Oliver Crangle is a hate-ridden fanatic who lives in an a"}
{"cache_time": 1.0664639472961426, "response_time": 3596.0289306640625, "answers": ["4"], "response": "4\n\nThe text contains 4 unique paragraphs."}
{"cache_time": 0.9847679734230042, "response_time": 6992.515121459961, "answers": ["31"], "response": "5 paragraphs.\n\nHere's the list of distinct paragraphs:\n\n1. Paragraph 1: A 24-"}
{"cache_time": 0.8961600065231323, "response_time": 2390.2494049072266, "answers": ["4"], "response": "5 paragraphs."}
{"cache_time": 1.0459840297698975, "response_time": 6732.168151855469, "answers": ["16"], "response": "There are 10 unique paragraphs in the text. \n\nHere is the list of paragraphs, with each paragraph only once, regardless of whether"}
{"cache_time": 1.0557440519332886, "response_time": 3770.0465087890625, "answers": ["5"], "response": "There are 4 unique paragraphs in the text."}
{"cache_time": 0.9126719832420349, "response_time": 6702.714782714844, "answers": ["44"], "response": "6 paragraphs.\n\nThere are 6 unique paragraphs in the text you provided, each with its own distinct content and themes. The paragraph"}
{"cache_time": 0.8794559836387634, "response_time": 6710.277099609375, "answers": ["19"], "response": "7\n\nHere is the list of unique paragraphs, each with a distinct number:\n\n1. Creative Assembly was founded in 198"}
{"cache_time": 0.9130880236625671, "response_time": 6856.518585205078, "answers": ["36"], "response": "There are 5 unique paragraphs in the text you provided.\n\nHere they are, numbered for reference:\n\n1. The first"}
{"cache_time": 0.851967990398407, "response_time": 6570.559555053711, "answers": ["24"], "response": "29 paragraphs\n\nThere are 29 unique paragraphs in the text without duplicates. After removing the duplicates, there are 29 paragraph"}
{"cache_time": 0.96288001537323, "response_time": 6640.609237670898, "answers": ["12"], "response": "7 unique paragraphs. \n\nHere's the list of unique paragraphs:\n\n1. Paragraph 1: Left Ohio for"}
{"cache_time": 0.9132159948348999, "response_time": 6685.197265625, "answers": ["23"], "response": "8 Unique Paragraphs\n\nParagraph 1 is unique.\nParagraph 2 is unique.\nParagraph 3 is unique"}
{"cache_time": 1.4954880475997925, "response_time": 6687.141876220703, "answers": ["14"], "response": "There are 5 unique paragraphs in the given text. The paragraphs are:\n\n1. The opening paragraph describing the history of the IWGP"}
{"cache_time": 1.019935965538025, "response_time": 6658.981887817383, "answers": ["18"], "response": "There are 9 unique paragraphs.\n\nHere they are, numbered and with any duplicated text removed:\n\n1. Uga"}
{"cache_time": 1.0601919889450073, "response_time": 4135.024673461914, "answers": ["29"], "response": "6\n\nThere are 6 distinct paragraphs in the provided text."}
{"cache_time": 1.0138239860534668, "response_time": 6800.700424194336, "answers": ["22"], "response": "5 Paragraphs\n\nThere are five unique paragraphs in the text after removing duplicates. Paragraphs 1, 2, and"}
{"cache_time": 1.0631359815597534, "response_time": 3575.5756072998047, "answers": ["6"], "response": "7.\n\nYou have 7 unique paragraphs."}
{"cache_time": 0.9952639937400818, "response_time": 2456.2032928466797, "answers": ["8"], "response": "6 paragraphs."}
{"cache_time": 0.9386559724807739, "response_time": 2701.9038696289062, "answers": ["9"], "response": "5 paragraphs."}
{"cache_time": 0.8934080004692078, "response_time": 2394.7264404296875, "answers": ["26"], "response": "7 paragraphs."}
{"cache_time": 0.946399986743927, "response_time": 4813.7052001953125, "answers": ["26"], "response": "5\n\nThere are 5 unique paragraphs in the text you provided."}
{"cache_time": 0.9145280122756958, "response_time": 6697.350173950195, "answers": ["28"], "response": "5 paragraphs.\n\nThere are 5 unique paragraphs in the provided text. Paragraphs 1, 2, and 3"}
{"cache_time": 0.9391040205955505, "response_time": 2444.9669647216797, "answers": ["43"], "response": "7 paragraphs."}
{"cache_time": 1.0047999620437622, "response_time": 2394.952651977539, "answers": ["34"], "response": "4 paragraphs."}
{"cache_time": 0.8935999870300293, "response_time": 6942.048294067383, "answers": ["19"], "response": "9\n\nThere are 9 unique paragraphs in the text. Paragraphs 1, 2, and 3 are identical, so they"}
{"cache_time": 0.8872960209846497, "response_time": 3660.4610290527344, "answers": ["9"], "response": "There are 4 unique paragraphs in the given text."}
{"cache_time": 0.8801599740982056, "response_time": 4155.018203735352, "answers": ["40"], "response": "There are 41 unique paragraphs in the text you provided."}
{"cache_time": 0.8934720158576965, "response_time": 6635.176895141602, "answers": ["14"], "response": "6\n\nThere are six unique paragraphs in the text. The first five are:\n\n1. Paragraph 1: After spending the"}
{"cache_time": 1.2709120512008667, "response_time": 3845.928970336914, "answers": ["26"], "response": "There are 7 unique paragraphs in the provided text."}
{"cache_time": 0.8978239893913269, "response_time": 6687.155212402344, "answers": ["25"], "response": "There are 5 unique paragraphs in the text.\n\nHere they are, numbered and without the redundant text:\n\n1. Auf"}
{"cache_time": 7.186592102050781, "response_time": 7109.680068969727, "answers": ["13"], "response": "4 unique paragraphs. \n\nThere are 4 unique paragraphs in the text you provided. Paragraphs 1, 2,"}
{"cache_time": 0.974943995475769, "response_time": 3860.616180419922, "answers": ["35"], "response": "There are 8 unique paragraphs in the given text."}
{"cache_time": 1.0021439790725708, "response_time": 6703.140960693359, "answers": ["20"], "response": "6\n\nThere are 6 unique paragraphs in the text you provided. Paragraphs 1, 3, and 5 are all describing"}
{"cache_time": 0.9262719750404358, "response_time": 4765.177871704102, "answers": ["39"], "response": "6\n\nThere are 6 unique paragraphs in the given text excluding the duplicates."}
{"cache_time": 0.9433280229568481, "response_time": 2757.291000366211, "answers": ["7"], "response": "5 Paragraphs."}
{"cache_time": 0.969760000705719, "response_time": 2751.984603881836, "answers": ["12"], "response": "10 unique paragraphs."}
{"cache_time": 0.920799970626831, "response_time": 2577.934326171875, "answers": ["16"], "response": "5 distinct paragraphs."}
{"cache_time": 0.892192006111145, "response_time": 7056.233444213867, "answers": ["30"], "response": "There are 6 unique paragraphs in the text.\n\nHere are the paragraph numbers and their corresponding texts:\n\n1. In 1"}
{"cache_time": 0.9759680032730103, "response_time": 6639.831085205078, "answers": ["4"], "response": "7 unique paragraphs.\n\nThe following paragraphs are not unique and appear more than once in the given text:\n\n1. Paragraph"}
{"cache_time": 0.8931199908256531, "response_time": 6687.839324951172, "answers": ["21"], "response": "Paragraphs 1, 3, 5, 7, 9, 11, 13, 15,"}
{"cache_time": 0.9774399995803833, "response_time": 6611.8861083984375, "answers": ["5"], "response": "5 paragraphs are unique, and 9 paragraphs are duplicates.\n\nThe unique paragraphs are:\n\n1. Ahern's The"}
{"cache_time": 0.9502720236778259, "response_time": 6744.34553527832, "answers": ["10"], "response": "7 unique paragraphs.\n\nThe following paragraphs are duplicates:\n\n* Paragraphs 1 and 2\n* Paragraphs"}
{"cache_time": 0.8617280125617981, "response_time": 6951.639007568359, "answers": ["6"], "response": "There are 6 unique paragraphs within the text. The paragraphs have been grouped into three categories: those that discuss historical events (1-4"}
{"cache_time": 0.8763200044631958, "response_time": 6810.141677856445, "answers": ["31"], "response": "5 paragraphs. \n\nThere are 5 distinct paragraphs in the text you provided. Paragraphs 1, 2, and"}
{"cache_time": 1.0198719501495361, "response_time": 7141.010452270508, "answers": ["13"], "response": "15\n\nThe text contains 21 unique paragraphs. After removing the duplicates, the remaining paragraphs are:\n\n1. The new"}
{"cache_time": 0.8709759712219238, "response_time": 4471.344161987305, "answers": ["9"], "response": "4.\n\nThere are 4 unique paragraphs in the text you provided."}
{"cache_time": 0.8505600094795227, "response_time": 6960.750549316406, "answers": ["11"], "response": "5 paragraphs.\n\nHere are the paragraphs, numbered and without the extraneous text:\n\n1. London Contemporary Dance"}
{"cache_time": 1.0343999862670898, "response_time": 3870.919677734375, "answers": ["18"], "response": "There are 5 unique paragraphs in the given text."}
{"cache_time": 1.2805759906768799, "response_time": 4040.099868774414, "answers": ["7"], "response": "There are 9 unique paragraphs in the provided text."}
{"cache_time": 0.8962240219116211, "response_time": 2380.5470123291016, "answers": ["5"], "response": "5 paragraphs."}
{"cache_time": 0.856768012046814, "response_time": 6987.318267822266, "answers": ["5"], "response": "13 paragraphs.\n\nHere are the paragraphs, numbered for reference:\n\n1. Reorganizing at MCAS Ewa,"}
{"cache_time": 1.7594239711761475, "response_time": 6967.895111083984, "answers": ["14"], "response": "6 unique paragraphs.\n\nThe paragraphs are:\n\n1. The first gameplay mode is the Arcade mode...\n2."}
{"cache_time": 0.8360959887504578, "response_time": 6597.897186279297, "answers": ["40"], "response": "5 unique paragraphs. \n\nThe text contained 5 paragraphs in total, but two of them were duplicated. After removing the"}
{"cache_time": 0.9072960019111633, "response_time": 6667.041854858398, "answers": ["18"], "response": "5.\n\nThere are 5 unique paragraphs in the provided text. Paragraphs 1, 2, and 4 are identical,"}
{"cache_time": 0.9114879965782166, "response_time": 4160.17301940918, "answers": ["2"], "response": "6\n\nThere are 6 unique paragraphs in the provided text."}
{"cache_time": 1.9192639589309692, "response_time": 7263.879165649414, "answers": ["20"], "response": "6 unique paragraphs.\n\nThe paragraphs are:\n\nParagraph 1\nParagraph 2\nParagraph 3"}
{"cache_time": 0.9130240082740784, "response_time": 6758.402069091797, "answers": ["30"], "response": "5 paragraphs. \n\nParagraphs 1 and 2 are unique. \n\nParagraphs 3 and 4"}
{"cache_time": 15.169952392578125, "response_time": 2584.490997314453, "answers": ["12"], "response": "6 unique paragraphs."}
{"cache_time": 0.9711679816246033, "response_time": 7000.529937744141, "answers": ["43"], "response": "6 paragraphs.\n\nHere's how I counted:\n\n1. The first paragraph contains 4 unique sentences.\n2. The second"}
{"cache_time": 0.8701120018959045, "response_time": 6708.057083129883, "answers": ["10"], "response": "5. There are five unique paragraphs.\n\nThe provided text has six paragraphs, but one of them (Paragraph 40)"}
{"cache_time": 0.9575999975204468, "response_time": 7320.999862670898, "answers": ["11"], "response": "There are 5 unique paragraphs in the text provided. \n\nThese paragraphs are: \n\nParagraph 1:"}
{"cache_time": 0.9848319888114929, "response_time": 4605.1092529296875, "answers": ["20"], "response": "4 paragraphs\n\nPlease let me know if you have any other questions."}
{"cache_time": 0.9760000109672546, "response_time": 7105.538955688477, "answers": ["37"], "response": "5 unique paragraphs.\n\nThe text contains 5 paragraphs that are distinct and independent of one another. Each paragraph has a unique topic and"}
{"cache_time": 0.9224640130996704, "response_time": 6907.635772705078, "answers": ["15"], "response": "There are 5 non-repeating paragraphs in the given text. Paragraphs 1, 2, 3, 3"}
{"cache_time": 0.9545919895172119, "response_time": 7498.909713745117, "answers": ["17"], "response": "There are 5 unique paragraphs in the text.\n\nHere they are, numbered for reference:\n\n1. Paragraph 1"}
{"cache_time": 0.906719982624054, "response_time": 6495.392791748047, "answers": ["5"], "response": "There are 10 unique paragraphs in the text you provided. The first paragraph is repeated three times, the second paragraph is repeated twice, and"}
{"cache_time": 0.9687359929084778, "response_time": 6713.075698852539, "answers": ["9"], "response": "4 distinct paragraphs.\n\nThere are 4 distinct paragraphs in the given text. Each paragraph is separated by a blank line and contains a"}
{"cache_time": 0.8980479836463928, "response_time": 2450.9951782226562, "answers": ["21"], "response": "7 paragraphs."}
{"cache_time": 1.0250240564346313, "response_time": 3850.814437866211, "answers": ["26"], "response": "There are 44 paragraphs in the given text."}
{"cache_time": 0.9859840273857117, "response_time": 6788.982711791992, "answers": ["19"], "response": "There are 6 unique paragraphs in the text. \n\nHere is a list of the unique paragraphs:\n\n1. They storm"}
{"cache_time": 0.8574079871177673, "response_time": 4114.913314819336, "answers": ["9"], "response": "5\n\nThere are five unique paragraphs in the given text."}
{"cache_time": 0.9128640294075012, "response_time": 3258.1263885498047, "answers": ["10"], "response": "There are 8 unique paragraphs."}
{"cache_time": 0.8855040073394775, "response_time": 6930.707382202148, "answers": ["17"], "response": "There are 8 unique paragraphs in the text. \n\nHere is the list of paragraphs with their corresponding numbers:\n\n1"}
{"cache_time": 0.9143999814987183, "response_time": 4632.7254638671875, "answers": ["5"], "response": "6.\n\nThere are 6 unique paragraphs in the text you provided."}
{"cache_time": 1.0088640451431274, "response_time": 7037.636657714844, "answers": ["13"], "response": "5 paragraphs.\n\nHere they are, numbered and with a brief description:\n\n1. Paragraph 1: This paragraph describes"}
{"cache_time": 0.8737279772758484, "response_time": 6824.853546142578, "answers": ["5"], "response": "6 unique paragraphs.\n\nNote: Paragraphs that are identical or almost identical (e.g., paragraphs 28 and"}
{"cache_time": 1.0198719501495361, "response_time": 6793.539627075195, "answers": ["19"], "response": "5\n\nThere are 5 unique paragraphs in the provided text. The first paragraph is not included in the count since it is only one sentence long"}
{"cache_time": 0.877344012260437, "response_time": 6802.473907470703, "answers": ["13"], "response": "8 paragraphs.\n\nThere are 8 unique paragraphs in the provided text. Paragraphs 1, 3, 5, and"}
{"cache_time": 0.920799970626831, "response_time": 4332.530731201172, "answers": ["19"], "response": "There are 34 paragraphs in the text, after removing duplicates."}
{"cache_time": 1.0407359600067139, "response_time": 5009.597427368164, "answers": ["12"], "response": "4\n\nThere are four non-repeating paragraphs in the given text."}
{"cache_time": 0.9083520174026489, "response_time": 4673.877014160156, "answers": ["15"], "response": "12\n\nThere are 12 paragraphs in the text after removing duplicates."}
{"cache_time": 1.0468800067901611, "response_time": 2826.076187133789, "answers": ["7"], "response": "5 paragraphs."}
{"cache_time": 0.8613759875297546, "response_time": 3250.1605834960938, "answers": ["16"], "response": "There are 4 distinct paragraphs in the text."}
{"cache_time": 0.9719679951667786, "response_time": 3961.9051208496094, "answers": ["5"], "response": "There are 4 distinct paragraphs in the provided text."}
{"cache_time": 0.8613119721412659, "response_time": 6500.444091796875, "answers": ["7"], "response": "31 paragraphs.\n\nNote: Paragraphs 29 and 30 are duplicates, so only 30 unique paragraphs"}
{"cache_time": 1.251296043395996, "response_time": 7004.5357666015625, "answers": ["3"], "response": "5\n\nThere are 5 unique paragraphs in the given text. The duplicate paragraphs have been removed, and only the unique ones are listed"}
{"cache_time": 0.9351999759674072, "response_time": 6571.93977355957, "answers": ["27"], "response": "There are 9 distinct paragraphs. Paragraphs 1, 2, and 4 are unique, while paragraphs 3, 5,"}
{"cache_time": 0.8954560160636902, "response_time": 6981.672943115234, "answers": ["21"], "response": "14\n\nThere are 14 paragraphs in the provided text. \n\nHere is the number of paragraphs for each of the"}
{"cache_time": 1.224511981010437, "response_time": 6377.320449829102, "answers": ["8"], "response": "7 paragraphs.\n\nNote that some paragraphs may be duplicates, so the actual number of unique paragraphs may be lower."}
{"cache_time": 0.856544017791748, "response_time": 6700.61979675293, "answers": ["26"], "response": "9.\n\nHere's how I arrived at that number:\n\nParagraph 1 has 4 sentences.\nParagraph 2 has"}
{"cache_time": 0.9991040229797363, "response_time": 4922.486724853516, "answers": ["14"], "response": "6 \n\nThere are 6 unique paragraphs in the text after removing the duplicates."}
{"cache_time": 1.0493119955062866, "response_time": 5079.994415283203, "answers": ["14"], "response": "6\n\nThere are 6 non-repeating paragraphs in the text you provided."}
{"cache_time": 1.0025279521942139, "response_time": 6972.540939331055, "answers": ["13"], "response": "16\n\nThere are 16 unique paragraphs in the provided text. Paragraphs 1, 2, 4, 6"}
{"cache_time": 0.8406080007553101, "response_time": 6762.090469360352, "answers": ["10"], "response": "6\n\nThere are 6 unique paragraphs in the text provided. The paragraphs are:\n\n1. The removal of Nikita K"}
{"cache_time": 0.9058560132980347, "response_time": 6853.555206298828, "answers": ["11"], "response": "5 paragraphs\n\nThere are 5 distinct paragraphs in the text you gave me. Paragraphs 1, 2, and 3"}
{"cache_time": 0.9096959829330444, "response_time": 3616.8929901123047, "answers": ["38"], "response": "There are 4 unique paragraphs in the text."}
{"cache_time": 0.8680319786071777, "response_time": 6626.879531860352, "answers": ["11"], "response": "3\n\nThere are three unique paragraphs in the text. Paragraphs 1, 3, and 22 are all different from"}
{"cache_time": 0.8698239922523499, "response_time": 7446.391815185547, "answers": ["19"], "response": "There are 6 unique paragraphs in the text. Paragraphs 1, 2, 3, and 4 are separate and distinct"}
{"cache_time": 0.8791360259056091, "response_time": 6603.310104370117, "answers": ["5"], "response": "7 distinct paragraphs. \n\nParagraph 1 discusses Peristera's life and achievements. \n\nParagraph"}
{"cache_time": 0.9490240216255188, "response_time": 6767.551406860352, "answers": ["23"], "response": "12 unique paragraphs. \n\nPlease note that paragraphs 32 and 33 are counted as one unique paragraph, as they"}
{"cache_time": 1.0438079833984375, "response_time": 3679.2330017089844, "answers": ["21"], "response": "There are 6 unique paragraphs in the text you provided."}
{"cache_time": 0.9090240001678467, "response_time": 6676.423675537109, "answers": ["31"], "response": "8 paragraphs.\n\nHere's the list of paragraphs, numbered and with a brief description of each one:\n\n1. The"}
{"cache_time": 0.8991039991378784, "response_time": 4946.98600769043, "answers": ["4"], "response": "5.\n\nThere are 5 non-repeating paragraphs in the text."}
{"cache_time": 0.921567976474762, "response_time": 6927.329254150391, "answers": ["24"], "response": "9 paragraphs (excluding the first one, which contains the list of sources).\n\nHere is the list of unique paragraphs, after removing"}
{"cache_time": 0.8372799754142761, "response_time": 6824.488876342773, "answers": ["46"], "response": "11 paragraphs.\n\nHere's the list of unique paragraphs:\n\n1. The album is a nu metal album that features strong"}
{"cache_time": 0.948639988899231, "response_time": 6879.738815307617, "answers": ["21"], "response": "There are 6 unique paragraphs in the text.\n\nHere are the paragraphs, numbered for reference:\n\n1. The paragraph"}
{"cache_time": 0.9097279906272888, "response_time": 6653.11328125, "answers": ["20"], "response": "5 unique paragraphs.\n\nHere's why:\n\nParagraph 1, 2, and 3 are the same."}
{"cache_time": 0.8552960157394409, "response_time": 4652.434478759766, "answers": ["11"], "response": "5 \n\nThere are 5 unique paragraphs in the text you provided."}
{"cache_time": 0.8826239705085754, "response_time": 7300.35205078125, "answers": ["30"], "response": "There are 10 unique paragraphs in the text. The first and third paragraphs appear twice, and the second and fourth paragraphs appear three"}
{"cache_time": 0.9286400079727173, "response_time": 6889.289749145508, "answers": ["2"], "response": "4.\n\nThere are 4 unique paragraphs among the provided text. Each paragraph has a distinct topic and content, and none of them appears more"}
{"cache_time": 0.9264960289001465, "response_time": 6823.492599487305, "answers": ["7"], "response": "7 unique paragraphs. \n\nParagraph 1 is unique.\n\nParagraphs 2 and 4 are duplicates."}
{"cache_time": 0.8551999926567078, "response_time": 6685.753326416016, "answers": ["14"], "response": "5 paragraphs.\n\nAfter carefully reading the provided paragraphs, I have determined that there are 5 unique paragraphs. These paragraphs are distinct"}
{"cache_time": 0.9984639883041382, "response_time": 6751.990768432617, "answers": ["29"], "response": "There are 5 unique paragraphs in the text.\n\nThe paragraphs are:\n\n1. Worthington Co., 18"}
{"cache_time": 0.8971840143203735, "response_time": 6843.699188232422, "answers": ["9"], "response": "There are 5 unique paragraphs in the provided text. Paragraphs 1, 3, 4, 24, and"}
{"cache_time": 0.9149760007858276, "response_time": 6782.95246887207, "answers": ["41"], "response": "6 paragraphs.\n\nHere is a list of the paragraphs you provided, with their corresponding numbers:\n\n1. Allegedly,"}
{"cache_time": 0.9005759954452515, "response_time": 7114.161087036133, "answers": ["25"], "response": "7\n\nThere are 7 unique paragraphs in the given text. Paragraphs 1, 3, and 45 are identical,"}
{"cache_time": 0.9094399809837341, "response_time": 3998.2735137939453, "answers": ["39"], "response": "There are 42 unique paragraphs in the provided text."}
{"cache_time": 0.893343985080719, "response_time": 6781.334518432617, "answers": ["18"], "response": "11 unique paragraphs.\n\nHere's the list of all the paragraphs, with their corresponding numbers:\n\n1. Like his father"}
{"cache_time": 1.2149120569229126, "response_time": 2389.159912109375, "answers": ["7"], "response": "7 paragraphs."}
{"cache_time": 0.8621760010719299, "response_time": 2612.1748657226562, "answers": ["30"], "response": "12 paragraphs."}
{"cache_time": 0.8731200098991394, "response_time": 3587.097610473633, "answers": ["9"], "response": "There are 7 unique paragraphs in the text."}
{"cache_time": 1.1665600538253784, "response_time": 6577.44287109375, "answers": ["28"], "response": "38\n\nThere are 38 distinct paragraphs in the text. Following are the paragraph numbers where each section begins:\n\n1. Last"}
{"cache_time": 0.8471680283546448, "response_time": 6888.408004760742, "answers": ["37"], "response": "There are 7 unique paragraphs in the text you provided. Paragraphs 1, 2, and 3 are identical, and paragraph"}
{"cache_time": 0.9435840249061584, "response_time": 6753.51042175293, "answers": ["5"], "response": "28 \n\nThere are 28 unique paragraphs in the provided text. After removing duplicates, the number of unique paragraphs is 2"}
{"cache_time": 0.9188159704208374, "response_time": 7046.621154785156, "answers": ["33"], "response": "There are 10 unique paragraphs in the text. The paragraphs are:\n\n1. The western terminus of SR 56"}
{"cache_time": 0.8605440258979797, "response_time": 7134.75178527832, "answers": ["14"], "response": "5 paragraphs.\n\nHere are the paragraphs, numbered for reference:\n\n1. The fair catch kick rule...\n\n2."}
{"cache_time": 0.9912319779396057, "response_time": 6477.029373168945, "answers": ["21"], "response": "27\n\nThere are 27 unique paragraphs in the text. The other paragraphs are duplicated or contain similar information, so they have"}
{"cache_time": 0.91184002161026, "response_time": 6836.190246582031, "answers": ["16"], "response": "8 paragraphs.\n\nHere's the list of unique paragraphs:\n\n1. He has navigated a double career as a writer and"}
{"cache_time": 0.9607999920845032, "response_time": 6716.945358276367, "answers": ["31"], "response": "12\n\nThere are 12 unique paragraphs in the given text. The paragraphs are:\n\n1. In 201"}
{"cache_time": 0.8495680093765259, "response_time": 6729.740234375, "answers": ["19"], "response": "4 unique paragraphs.\n\nParagraph 1, 2, 46, and 48 are unique. \n\nPar"}
{"cache_time": 2.4872639179229736, "response_time": 6694.969329833984, "answers": ["12"], "response": "5 paragraphs.\n\nHere they are, numbered for reference:\n\n1. Periyalvar was born into a Brahmin"}
{"cache_time": 0.9148160219192505, "response_time": 4875.799499511719, "answers": ["3"], "response": "7 \n\nThere are 7 unique paragraphs in the provided text after removing duplicates."}
{"cache_time": 1.3583999872207642, "response_time": 6569.131988525391, "answers": ["32"], "response": "There are 4 non-repeating paragraphs in the provided text.\n\nThe paragraphs are:\n\n1. The opening of the g"}
{"cache_time": 0.9765440225601196, "response_time": 6643.530868530273, "answers": ["44"], "response": "There are 6 unique paragraphs.\n\nHere's the list of paragraphs and their corresponding numbers:\n\n1. The meaning of"}
{"cache_time": 0.9573439955711365, "response_time": 6927.472671508789, "answers": ["23"], "response": "7 paragraphs. \n\nHere's the list of unique paragraphs: \n\n1. Paragraph 1 \n2."}
{"cache_time": 1.3400319814682007, "response_time": 3426.393035888672, "answers": ["17"], "response": "There are 11 paragraphs in total."}
{"cache_time": 0.8771200180053711, "response_time": 3971.241928100586, "answers": ["39"], "response": "There are 5 unique paragraphs in the text you provided."}
{"cache_time": 0.9744639992713928, "response_time": 3805.4042053222656, "answers": ["23"], "response": "There are 8 unique paragraphs in the provided text."}
{"cache_time": 0.9076480269432068, "response_time": 6532.37353515625, "answers": ["11"], "response": "6\n\nThere are 6 unique paragraphs in the given text. The paragraphs are numbered accordingly:\n\n1. Paragraph 1"}
{"cache_time": 0.8938559889793396, "response_time": 4314.780670166016, "answers": ["4"], "response": "7\n\nThere are 7 unique paragraphs in the given text."}
{"cache_time": 0.8483840227127075, "response_time": 4229.000198364258, "answers": ["26"], "response": "9\n\nThere are 9 unique paragraphs in the provided text."}
{"cache_time": 0.8848959803581238, "response_time": 6420.184005737305, "answers": ["16"], "response": "13 paragraphs. The paragraphs are:\n\n1. Grey DeLisle returns to voice Breakfast Princess in \"Princess Day"}
{"cache_time": 0.8783360123634338, "response_time": 4967.307235717773, "answers": ["16"], "response": "4. There are 4 non-repeating paragraphs in the given text."}
{"cache_time": 0.9989439845085144, "response_time": 4020.6725158691406, "answers": ["17"], "response": "9\n\nThere are 9 unique paragraphs in the provided text."}
{"cache_time": 0.8335679769515991, "response_time": 6677.31462097168, "answers": ["27"], "response": "8 paragraphs\n\nParagraph 1, 2, 3, 4, 44, 45, 46"}
{"cache_time": 0.8147839903831482, "response_time": 6653.299743652344, "answers": ["7"], "response": "There are 4 unique paragraphs. \n\nParagraph 1 is unique.\nParagraph 2 is unique.\nParagraph"}
{"cache_time": 0.8646399974822998, "response_time": 2556.3975219726562, "answers": ["14"], "response": "25 paragraphs."}
{"cache_time": 1.009727954864502, "response_time": 6472.170486450195, "answers": ["31"], "response": "6\n\nThere are 6 unique paragraphs in the text you provided. Paragraphs 1, 2, and 4 are duplicated"}
{"cache_time": 0.8479679822921753, "response_time": 6665.916412353516, "answers": ["3"], "response": "There are five unique paragraphs in the text you provided. \n\nParagraphs 1, 36, 37,"}
{"cache_time": 1.0139520168304443, "response_time": 6786.59065246582, "answers": ["3"], "response": "There are 6 unique paragraphs.\n\nHere's the list of all the paragraphs along with their numbers and contents:\n\n1. Added"}
{"cache_time": 0.8573439717292786, "response_time": 5345.666107177734, "answers": ["3"], "response": "7 paragraphs\n\nThere are 7 unique paragraphs in the text after removing the duplicates."}
{"cache_time": 2.330303907394409, "response_time": 6702.032974243164, "answers": ["9"], "response": "There are 6 non-repeating paragraphs.\n\nHere they are, numbered for reference:\n\n1. Paragraph 1"}
{"cache_time": 0.9063360095024109, "response_time": 6703.948776245117, "answers": ["3"], "response": "15 paragraphs.\n\nHere are the unique paragraphs after removing duplicates:\n\n1. The building, which was under construction in the"}
{"cache_time": 0.8940799832344055, "response_time": 4140.213317871094, "answers": ["17"], "response": "There are 4 unique paragraphs in the text you provided."}
{"cache_time": 1.2288320064544678, "response_time": 2580.2772064208984, "answers": ["22"], "response": "5 unique paragraphs."}
{"cache_time": 0.9071360230445862, "response_time": 6419.099685668945, "answers": ["16"], "response": "5 unique paragraphs. \n\nPlease note that some of the paragraphs you provided appeared duplicated or similar to each other. If you can"}
{"cache_time": 0.8583359718322754, "response_time": 6500.8016357421875, "answers": ["17"], "response": "There are 7 unique paragraphs.\n\nThe paragraphs are:\n\n1. Particle filters, or sequential Monte Carlo methods,"}
{"cache_time": 0.8674880266189575, "response_time": 6457.463821411133, "answers": ["4"], "response": "There are four unique paragraphs in the given text.\n\n1. Paragraph 1 is unique because it describes a Persian variant of the"}
{"cache_time": 0.8633599877357483, "response_time": 6620.940399169922, "answers": ["7"], "response": "7 paragraphs.\n\nHere's the list of unique paragraphs after removing duplicates:\n\n1. Meanwhile, Emperor Susenyos was pre"}
{"cache_time": 0.9299839735031128, "response_time": 6489.253860473633, "answers": ["38"], "response": "5.\n\nThere are 5 unique paragraphs in the provided text. The repeated paragraphs are:\n\n* Paragraph 1: This"}
{"cache_time": 0.907039999961853, "response_time": 6552.003570556641, "answers": ["17"], "response": "5 unique paragraphs.\n\nAfter analyzing the text, I have identified 5 distinct paragraphs, each with its own unique content and structure"}
{"cache_time": 0.8635839819908142, "response_time": 6613.900329589844, "answers": ["15"], "response": "5 paragraphs.\n\nHere is the list of paragraphs, along with their corresponding numbers:\n\n1. The origin of the Cotati"}
{"cache_time": 0.8856959939002991, "response_time": 6647.843826293945, "answers": ["34"], "response": "There are 5 unique paragraphs.\n\n1. Paragraph 1\n2. Paragraph 2\n3. Paragraph 3"}
{"cache_time": 0.8591359853744507, "response_time": 6586.013595581055, "answers": ["5"], "response": "11\n\nThere are 11 unique paragraphs in the provided text. After removing the duplicates, the number of unique paragraphs remains the same"}
{"cache_time": 0.8718720078468323, "response_time": 6711.072738647461, "answers": ["22"], "response": "6\n\nHere is the breakdown of the number of paragraphs:\n\nPara 1: 1\nPara 2:"}
{"cache_time": 0.8781440258026123, "response_time": 6118.354919433594, "answers": ["30"], "response": "5 \n\nThere are 5 unique paragraphs in the provided text, as none of the paragraphs are duplicated."}
{"cache_time": 0.8748800158500671, "response_time": 6400.624664306641, "answers": ["9"], "response": "6\n\nYou have provided 5 paragraphs, and one of them (Paragraph 49) is repeated twice. Therefore, there are"}
{"cache_time": 0.8611199855804443, "response_time": 4513.02604675293, "answers": ["6"], "response": "5\n\nAfter removing duplicates, there are 5 unique paragraphs in the text."}
{"cache_time": 0.8676480054855347, "response_time": 6587.593734741211, "answers": ["7"], "response": "There are 9 unique paragraphs in the provided text. \n\nHere's the list of unique paragraphs with their corresponding numbers:"}
{"cache_time": 0.8718720078468323, "response_time": 6482.016204833984, "answers": ["31"], "response": "8 unique paragraphs. \n\nThere are eight distinct paragraphs in the given text, each with a different subject and tone. Here's a"}
{"cache_time": 0.9236800074577332, "response_time": 6751.039520263672, "answers": ["5"], "response": "Paragraphs:  1  2  3  4  5  6  18  19  20  21"}
{"cache_time": 0.8541439771652222, "response_time": 6649.866256713867, "answers": ["35"], "response": "5 paragraphs.\n\nHere is the list of unique paragraphs:\n\n1. A 2014 edition of Faraon"}
{"cache_time": 0.8325759768486023, "response_time": 6676.485092163086, "answers": ["24"], "response": "5 paragraphs. \n\nHere's the list of unique paragraphs, as per your request: \n\n1. Paragraph 1"}
{"cache_time": 0.8593599796295166, "response_time": 6386.193359375, "answers": ["37"], "response": "5 unique paragraphs.\n\nThe text consists of 6 paragraphs in total, but some of them are duplicated. After removing the duplicates"}
{"cache_time": 0.8640000224113464, "response_time": 6504.766494750977, "answers": ["11"], "response": "There are 9 distinct paragraphs in the provided text.\n\nPlease note that the last four paragraphs are identical and can be removed as duplicates"}
{"cache_time": 0.865664005279541, "response_time": 6433.322967529297, "answers": ["28"], "response": "5 paragraphs. \n\nParagraphs 1-3 describe the technology trials for exploring Mars caves and the need for an"}
{"cache_time": 0.9210559725761414, "response_time": 6597.178359985352, "answers": ["5"], "response": "There are  7 unique paragraphs in the text. \n\nHere are the paragraph numbers and the corresponding text:\n\n1. \""}
{"cache_time": 0.8748800158500671, "response_time": 6419.492828369141, "answers": ["4"], "response": "5 unique paragraphs. \n\nThe given text contains 5 unique paragraphs. Each paragraph is separated by a blank line and is labelled"}
{"cache_time": 0.8736000061035156, "response_time": 6493.128662109375, "answers": ["11"], "response": "6 unique paragraphs.\n\nParagraphs 1, 2, and 4 describe the building of the New Bridge in Durham and"}
{"cache_time": 0.8595520257949829, "response_time": 4365.578231811523, "answers": ["16"], "response": "11\n\nThere are 11 unique paragraphs in the given text."}
{"cache_time": 0.87254399061203, "response_time": 3924.6060180664062, "answers": ["26"], "response": "There are 43 unique paragraphs in the text provided."}
{"cache_time": 0.8669760227203369, "response_time": 3316.6192321777344, "answers": ["10"], "response": "9. There are 9 unique paragraphs."}
{"cache_time": 0.8572480082511902, "response_time": 6547.382263183594, "answers": ["42"], "response": "7 unique paragraphs.\n\nHere's the list of paragraphs with unique content and without any redundant text:\n\n1. Paragraph"}
{"cache_time": 0.8332800269126892, "response_time": 6518.314971923828, "answers": ["26"], "response": "5\n\nThere are 5 unique paragraphs in the text you provided. Paragraphs 1, 2, and 4 are"}
{"cache_time": 0.9152320027351379, "response_time": 6545.033172607422, "answers": ["21"], "response": "There are 6 unique paragraphs in the given text.\n\nHere is the list of unique paragraphs with their corresponding numbers:\n\n1"}
{"cache_time": 0.8702080249786377, "response_time": 6555.924560546875, "answers": ["19"], "response": "There are 5 unique paragraphs in the text you provided.\n\nHere they are, numbered and separated from the rest of the text:"}
{"cache_time": 0.8772799968719482, "response_time": 6494.46501159668, "answers": ["26"], "response": "7.\n\nI have carefully counted the paragraphs and found that there are 7 unique paragraphs in the given text. The paragraphs are:"}
{"cache_time": 0.8490880131721497, "response_time": 6322.820068359375, "answers": ["5"], "response": "17 paragraphs.\n\nNote that the numbering may vary slightly depending on how you choose to format the content, as some of the paragraphs"}
{"cache_time": 0.926688015460968, "response_time": 4607.534088134766, "answers": ["20"], "response": "10 paragraphs.\n\nPlease let me know if you need anything else!"}
{"cache_time": 0.8486400246620178, "response_time": 6114.020401000977, "answers": ["15"], "response": "There are 41 unique paragraphs in the text. The paragraphs are not repeated, and each one has a distinct topic and focus."}
{"cache_time": 0.8518080115318298, "response_time": 6564.825119018555, "answers": ["10"], "response": "24 paragraphs\n\nHere's the list of paragraphs without duplicates:\n\n1. Paragraph 1\n2. Paragraph"}
{"cache_time": 0.849727988243103, "response_time": 6548.813812255859, "answers": ["17"], "response": "5 paragraphs.\n\nHere is how I arrived at this conclusion:\n\n1. Paragraph 1: A far more rudimentary"}
{"cache_time": 0.8782079815864563, "response_time": 6420.505599975586, "answers": ["28"], "response": "11 Paragraphs.\n\nParagraphs 1, 2, and 4 contain only one sentence, while paragraphs 3"}
