{"cache_time": 2254.16748046875, "response_time": 5692.818450927734, "answers": ["8"], "response": "There are 5 unique paragraphs in the text. \n\nHere are the unique paragraphs and their respective numbers:\n\n1. Paragraph"}
{"cache_time": 3237.146484375, "response_time": 5521.949722290039, "answers": ["11"], "response": "4 paragraphs.\n\nThere are four distinct paragraphs in the text you gave. The first and third paragraphs contain similar content, and"}
{"cache_time": 3845.816650390625, "response_time": 1941.6616821289062, "answers": ["13"], "response": "There are 6 distinct paragraphs."}
{"cache_time": 3031.148681640625, "response_time": 2753.645553588867, "answers": ["44"], "response": "There are 6 unique paragraphs within the text."}
{"cache_time": 3148.010498046875, "response_time": 5755.246566772461, "answers": ["2"], "response": "7 paragraphs.\n\nThe paragraphs are:\n\n1. In October 2017, Sami returns again to Salem"}
{"cache_time": 4188.2451171875, "response_time": 2863.2698669433594, "answers": ["7"], "response": "8\n\nYou have 8 unique paragraphs after removing duplicates."}
{"cache_time": 2211.33544921875, "response_time": 5593.323532104492, "answers": ["7"], "response": "4 distinct paragraphs.\n\nEach of the provided paragraphs is unique and does not repeat any content from the other paragraphs. Therefore, there"}
{"cache_time": 2328.511474609375, "response_time": 1291.894775390625, "answers": ["45"], "response": "7 paragraphs."}
{"cache_time": 2277.072265625, "response_time": 5682.58561706543, "answers": ["4"], "response": "9 paragraphs. \n\nThe paragraphs are: 1, 2, 3, 40, 4, 5"}
{"cache_time": 2226.546142578125, "response_time": 5670.776824951172, "answers": ["31"], "response": "7 paragraphs.\n\nHere's the list of unique paragraphs after removing duplicates:\n\n1. Paragraph 1: A 2"}
{"cache_time": 2254.013916015625, "response_time": 5657.33171081543, "answers": ["4"], "response": "6 paragraphs\n\nPlease note that I have removed the duplicate paragraphs from the text you provided. If you want, I can list the unique"}
{"cache_time": 2390.310546875, "response_time": 5543.320587158203, "answers": ["16"], "response": "8 paragraphs. \n\nThere are 8 unique paragraphs in the text, not including the repeated paragraphs. The paragraphs are:"}
{"cache_time": 2261.703125, "response_time": 5071.375350952148, "answers": ["5"], "response": "12 paragraphs.\n\nThere are 12 unique paragraphs in the text you provided, after removing any duplicates."}
{"cache_time": 2259.647216796875, "response_time": 3502.930938720703, "answers": ["44"], "response": "3 paragraphs\n\nPlease let me know if you need any further assistance!"}
{"cache_time": 2137.5556640625, "response_time": 5669.369903564453, "answers": ["19"], "response": "8 unique paragraphs.\n\nHere is the list of unique paragraphs after removing duplicates:\n\n1. Creative Assembly was founded in 19"}
{"cache_time": 2234.958251953125, "response_time": 5587.911712646484, "answers": ["36"], "response": "There are 5 unique paragraphs in the provided text. The paragraphs are:\n\n1. The Mask of Shadows\n2."}
{"cache_time": 2190.295166015625, "response_time": 2684.7129516601562, "answers": ["24"], "response": "There are 10 unique paragraphs in the text."}
{"cache_time": 2444.37939453125, "response_time": 5329.318908691406, "answers": ["12"], "response": "35\n\nThere are 35 unique paragraphs in the provided text. After removing any duplicates, there are 35 distinct paragraphs."}
{"cache_time": 2326.97607421875, "response_time": 3118.776321411133, "answers": ["23"], "response": "9\n\nThere are 9 unique paragraphs in the given text."}
{"cache_time": 4002.325439453125, "response_time": 5489.236968994141, "answers": ["14"], "response": "6\n\nThere are six non-repeating paragraphs in the text:\n\n1. Paragraph 1\n2. Paragraph"}
{"cache_time": 2274.98876953125, "response_time": 5517.868011474609, "answers": ["18"], "response": "8 unique paragraphs.\n\nParagraphs 1, 2, and 5 are duplicates. Paragraphs 3, 4"}
{"cache_time": 2358.327880859375, "response_time": 5591.700485229492, "answers": ["29"], "response": "There are 8 non-repeating paragraphs.\n\nHere is the list of the paragraphs you provided, with each paragraph numbered and annot"}
{"cache_time": 3834.569580078125, "response_time": 3369.2958984375, "answers": ["22"], "response": "6\n\nThere are 6 non-repeating paragraphs in the text."}
{"cache_time": 3576.696044921875, "response_time": 5709.016098022461, "answers": ["6"], "response": "There are 8 unique paragraphs. \n\nHere they are, listed individually:\n\n1. When Edward IV returned from exile in"}
{"cache_time": 3621.49853515625, "response_time": 5691.838439941406, "answers": ["8"], "response": "Paragraphs 3, 4, 5, 19, 20, and 21 are unique. Since there are"}
{"cache_time": 3325.25341796875, "response_time": 5622.681625366211, "answers": ["9"], "response": "14\n\nHere's how I arrived at the final answer:\n\nIn paragraph 1, there are 5 unique paragraphs."}
{"cache_time": 3300.64990234375, "response_time": 3315.5338134765625, "answers": ["26"], "response": "7\n\nThere are 7 unique paragraphs in the text you provided."}
{"cache_time": 2467.78271484375, "response_time": 2428.670944213867, "answers": ["26"], "response": "There are five non-repeating paragraphs."}
{"cache_time": 2800.80908203125, "response_time": 5586.9747314453125, "answers": ["28"], "response": "There are 9 unique paragraphs in the text.\n\nHere's the list of all the paragraphs in the text, with each paragraph numbered"}
{"cache_time": 2572.22705078125, "response_time": 5469.578262329102, "answers": ["43"], "response": "7 Unique Paragraphs.\n\nThe text contains 7 unique paragraphs, each with its own distinct content and topic. The paragraphs"}
{"cache_time": 3092.4462890625, "response_time": 3321.8048095703125, "answers": ["34"], "response": "4 paragraphs\n\nThere are four paragraphs in the text you provided."}
{"cache_time": 2201.53125, "response_time": 2061.5403747558594, "answers": ["19"], "response": "3 non-repeating paragraphs."}
{"cache_time": 2279.60546875, "response_time": 5661.319152832031, "answers": ["9"], "response": "5 unique paragraphs.\n\nThere are 5 distinct paragraphs in the text, each covering a different topic. Paragraphs 1-"}
{"cache_time": 3797.4755859375, "response_time": 5635.102691650391, "answers": ["40"], "response": "There are 8 unique paragraphs in the text.\n\nHere's the list of all the paragraphs, with their corresponding numbers:"}
{"cache_time": 2545.29833984375, "response_time": 3616.522216796875, "answers": ["14"], "response": "10\n\nThere are 10 unique paragraphs in the provided text."}
{"cache_time": 2254.213623046875, "response_time": 5640.328186035156, "answers": ["26"], "response": "There are 6 unique paragraphs in the given text. \n\nHere they are, numbered for reference:\n\n1. Paragraph 1"}
{"cache_time": 2486.47412109375, "response_time": 5477.351379394531, "answers": ["25"], "response": "8\n\nThere are 8 non-repeating paragraphs in the text. Paragraphs 1, 2, and 3 are"}
{"cache_time": 2138.206298828125, "response_time": 1658.8840942382812, "answers": ["13"], "response": "10 unique paragraphs."}
{"cache_time": 2187.481689453125, "response_time": 5275.873306274414, "answers": ["35"], "response": "5 paragraphs\n\nPlease note that I have only counted the paragraphs as unique if they have no repetitive text. There may be some minor"}
{"cache_time": 2232.544189453125, "response_time": 3347.9987030029297, "answers": ["20"], "response": "5.\n\nThere are 5 unique paragraphs in the given text."}
{"cache_time": 2452.13037109375, "response_time": 4661.587966918945, "answers": ["39"], "response": "52 \n\nThere are 52 unique paragraphs in the text, not including the ones that are duplicates."}
{"cache_time": 2229.274658203125, "response_time": 5598.738464355469, "answers": ["7"], "response": "4. There are 4 non-repeating paragraphs in the text. \n\nParagraphs 1, 2, and"}
{"cache_time": 2925.296630859375, "response_time": 1448.131576538086, "answers": ["12"], "response": "49 paragraphs."}
{"cache_time": 2749.802001953125, "response_time": 3146.3905181884766, "answers": ["16"], "response": "7\n\nThere are 7 unique paragraphs in the provided text."}
{"cache_time": 3288.685302734375, "response_time": 1522.0305786132812, "answers": ["30"], "response": "7 unique paragraphs."}
{"cache_time": 3210.559814453125, "response_time": 1492.1973724365234, "answers": ["4"], "response": "5 paragraphs."}
{"cache_time": 3311.2158203125, "response_time": 5509.222412109375, "answers": ["21"], "response": "There are 4 unique paragraphs in the text.\n\nThe paragraphs are:\n\n1. The first paragraph, which describes the arrival"}
{"cache_time": 2172.640625, "response_time": 5559.441360473633, "answers": ["5"], "response": "5. There are 5 unique paragraphs in the provided text. The text contains 34 paragraphs in total, but two of them are identical"}
{"cache_time": 3668.070556640625, "response_time": 3359.9149780273438, "answers": ["10"], "response": "There are 9 unique paragraphs in the text after removing duplicates."}
{"cache_time": 2140.18212890625, "response_time": 5397.757949829102, "answers": ["6"], "response": "5 unique paragraphs.\n\nThere are 5 distinct paragraphs in the text:\n\n1. Paragraph 1: This paragraph describes"}
{"cache_time": 2124.156494140625, "response_time": 2847.957000732422, "answers": ["31"], "response": "There are 6 unique paragraphs in the given text."}
{"cache_time": 4012.17333984375, "response_time": 3082.5328826904297, "answers": ["13"], "response": "8\n\nThere are 8 paragraphs without duplicates in the given text."}
{"cache_time": 2911.783447265625, "response_time": 5573.195755004883, "answers": ["9"], "response": "There are 5 unique paragraphs.\n\nHere's how I arrived at that answer:\n\n1. Paragraph 1 is unique because it"}
{"cache_time": 2830.000244140625, "response_time": 1953.2574768066406, "answers": ["11"], "response": "There are 7 unique paragraphs."}
{"cache_time": 2413.114990234375, "response_time": 1311.0589447021484, "answers": ["18"], "response": "3 paragraphs."}
{"cache_time": 2180.19189453125, "response_time": 3654.1634826660156, "answers": ["7"], "response": "3 paragraphs.\n\nThere are 3 unique paragraphs in the provided text."}
{"cache_time": 2828.3662109375, "response_time": 5513.228256225586, "answers": ["5"], "response": "There are six unique paragraphs in the text you provided.\n\nHere they are, numbered and presented in the order they appear in the text:"}
{"cache_time": 2307.97705078125, "response_time": 5526.483978271484, "answers": ["5"], "response": "11 paragraphs.\n\nThere are 11 unique paragraphs in the text you gave. I counted them and separated them out so"}
{"cache_time": 2151.3701171875, "response_time": 2490.440689086914, "answers": ["14"], "response": "6\n\nThere are 6 distinct paragraphs."}
{"cache_time": 3069.1416015625, "response_time": 3733.6985473632812, "answers": ["40"], "response": "5 \n\nThere are 5 non-repeating paragraphs in the text provided."}
{"cache_time": 2927.559814453125, "response_time": 5709.355026245117, "answers": ["18"], "response": "11\n\nHere's the list of unique paragraphs:\n\n1. It shows first that it is an inherent consequence of accession"}
{"cache_time": 3609.138671875, "response_time": 3150.1219635009766, "answers": ["2"], "response": "4.\n\nThere are 4 unique paragraphs in the provided text."}
{"cache_time": 2199.357177734375, "response_time": 4040.4336853027344, "answers": ["20"], "response": "8 \n\nThere are 8 non-repeating paragraphs in the text you provided."}
{"cache_time": 3304.53564453125, "response_time": 5567.625213623047, "answers": ["30"], "response": "6.\n\nThere are six unique paragraphs in the provided text. Paragraphs 1, 2, and 3 are all about the"}
{"cache_time": 2735.01025390625, "response_time": 5671.494613647461, "answers": ["12"], "response": "8 unique paragraphs. \n\nParagraphs 1, 2, 4, 5, 7, 11,"}
{"cache_time": 2646.561767578125, "response_time": 5646.786544799805, "answers": ["43"], "response": "There are 10 unique paragraphs in the provided text. \n\nHere they are, numbered and with a brief description:"}
{"cache_time": 3541.6171875, "response_time": 5376.324615478516, "answers": ["10"], "response": "9 unique paragraphs.\n\nThe paragraphs are:\n\n1. The song received favorable reviews from most music critics.\n2."}
{"cache_time": 3233.81298828125, "response_time": 5600.221176147461, "answers": ["11"], "response": "5 unique paragraphs.\n\nThe provided text has 19 paragraphs in total. However, some of the paragraphs are duplicated, and"}
{"cache_time": 2253.9853515625, "response_time": 5481.872344970703, "answers": ["20"], "response": "6.\n\nThere are 6 unique paragraphs in the text. Paragraphs 1, 2, and 3 are identical, and"}
{"cache_time": 2326.68408203125, "response_time": 5616.657363891602, "answers": ["37"], "response": "There are 8 distinct paragraphs. \n\n1st Paragraph\n\n2nd Paragraph\n\n3rd Paragraph"}
{"cache_time": 2292.9130859375, "response_time": 2147.2266235351562, "answers": ["15"], "response": "There are 7 unique paragraphs."}
{"cache_time": 2123.19580078125, "response_time": 5486.164947509766, "answers": ["17"], "response": "There are 10 unique paragraphs in the text you provided, as there are some duplicate paragraphs. Here they are, numbered:"}
{"cache_time": 2214.2763671875, "response_time": 5431.881759643555, "answers": ["5"], "response": "4 distinct paragraphs.\n\nThere are 4 distinct paragraphs in the given text. Each paragraph is separated by a blank line and contains a"}
{"cache_time": 2540.01123046875, "response_time": 5348.045806884766, "answers": ["9"], "response": "7\n\nThere are 7 unique paragraphs in the text you provided. The paragraphs that appear more than once are not included in the count"}
{"cache_time": 2240.620361328125, "response_time": 2711.747573852539, "answers": ["21"], "response": "There are 8 unique paragraphs in the given text."}
{"cache_time": 2219.0166015625, "response_time": 5460.785140991211, "answers": ["26"], "response": "There are 6 unique paragraphs.\n\nThe paragraphs are:\n\n1. Bucket orchids and their coevolution with orch"}
{"cache_time": 2193.2841796875, "response_time": 5651.485687255859, "answers": ["19"], "response": "4 unique paragraphs.\n\nThere are 4 unique paragraphs in the text you provided. They are:\n\n1. Paragraph 1"}
{"cache_time": 3155.694580078125, "response_time": 5707.038757324219, "answers": ["9"], "response": "5 unique paragraphs.\n\nThe five unique paragraphs are:\n\n1. Paragraph 1: Refusing the prison term, B"}
{"cache_time": 3962.560791015625, "response_time": 2640.7035217285156, "answers": ["10"], "response": "5\n\nThere are five paragraphs in the provided text."}
{"cache_time": 3358.906494140625, "response_time": 5623.154724121094, "answers": ["17"], "response": "14\n\nThere are 14 unique paragraphs in the provided text. The paragraphs are:\n\n1. The town has two"}
{"cache_time": 2330.011474609375, "response_time": 5678.322692871094, "answers": ["5"], "response": "4 unique paragraphs. \n\nHere are the paragraphs, numbered for reference:\n\n1. Josh McGrath alias Max Ste"}
{"cache_time": 2306.702880859375, "response_time": 5579.921401977539, "answers": ["13"], "response": "41.\n\nThere are 41 unique paragraphs in the text. Paragraphs 1, 2, and 41 are"}
{"cache_time": 3939.1884765625, "response_time": 5807.577087402344, "answers": ["5"], "response": "5 unique paragraphs.\n\nHere are the unique paragraphs:\n\n1. Paragraph 1: In November 1997"}
{"cache_time": 3125.951416015625, "response_time": 5660.155868530273, "answers": ["19"], "response": "Paragraphs 1, 2, and 3 have one non-repeating paragraph.\n\nThere is one non-repe"}
{"cache_time": 2263.33203125, "response_time": 5450.232833862305, "answers": ["13"], "response": "4 unique paragraphs.\n\nEach of the paragraphs presented contains distinct information and ideas, and they are not repetitive of one another. There"}
{"cache_time": 3134.364013671875, "response_time": 2839.014373779297, "answers": ["19"], "response": "There are 34 unique paragraphs in the provided text."}
{"cache_time": 2205.58740234375, "response_time": 5677.999130249023, "answers": ["12"], "response": "5\n\nThe text contains 5 unique paragraphs. These are paragraphs 1, 2, 3, 26, and"}
{"cache_time": 3450.650390625, "response_time": 5690.120193481445, "answers": ["15"], "response": "6 paragraphs.\n\nHere's a breakdown of each paragraph:\n\nParagraph 1: This is a special edition of Denge"}
{"cache_time": 3098.579833984375, "response_time": 5582.0216064453125, "answers": ["7"], "response": "11\n\nIn this text, there are 11 unique paragraphs after removing duplicates. Paragraphs 1, 2, 4"}
{"cache_time": 2228.486572265625, "response_time": 5774.684173583984, "answers": ["16"], "response": "6 unique paragraphs. \n\nHere is a list of all the paragraphs and how many times they appear:\n\n1. Paragraph"}
{"cache_time": 2734.114501953125, "response_time": 4465.844192504883, "answers": ["5"], "response": "4 paragraphs\n\nPlease let me know if you would like me to do anything else for you."}
{"cache_time": 4130.10791015625, "response_time": 1569.0106964111328, "answers": ["7"], "response": "11 paragraphs."}
{"cache_time": 2228.977783203125, "response_time": 5234.177047729492, "answers": ["3"], "response": "8\n\nThere are eight distinct paragraphs in the provided text. Each paragraph is separated by a blank line and has a unique topic."}
{"cache_time": 2742.76318359375, "response_time": 5466.205184936523, "answers": ["27"], "response": "5 \n\nThere are five unique paragraphs in the provided text. Paragraphs 1, 2, and 4 are identical, and"}
{"cache_time": 3213.276611328125, "response_time": 1337.1351013183594, "answers": ["21"], "response": "8 paragraphs"}
{"cache_time": 3303.595703125, "response_time": 5437.543411254883, "answers": ["8"], "response": "7\n\nThere are 7 unique paragraphs in the text you provided. The first 4 paragraphs are duplicate, and the last 3 paragraph"}
{"cache_time": 2251.021240234375, "response_time": 5157.820419311523, "answers": ["26"], "response": "6.\n\nThere are six unique paragraphs. Paragraphs 1, 2, and 3 are repeated."}
{"cache_time": 3271.515380859375, "response_time": 2178.6747131347656, "answers": ["14"], "response": "There are 4 unique paragraphs."}
{"cache_time": 2692.97607421875, "response_time": 5476.519927978516, "answers": ["14"], "response": "19 paragraphs.\n\nPlease note that some of the paragraphs may be duplicated or contain similar information. The paragraphs are:"}
{"cache_time": 3241.380615234375, "response_time": 5634.800689697266, "answers": ["13"], "response": "7 unique paragraphs.\n\nThere are 7 unique paragraphs in the provided text. Paragraphs 1, 3, 5"}
{"cache_time": 2200.63671875, "response_time": 5618.82112121582, "answers": ["10"], "response": "5 paragraphs.\n\nThe text contains 5 unique paragraphs. The first three paragraphs (1, 2, and 3)"}
{"cache_time": 2193.95751953125, "response_time": 5670.698989868164, "answers": ["11"], "response": "There are 4 unique paragraphs in the given text.\n\nThe paragraphs are:\n\n1. Paragraph 1: When New"}
{"cache_time": 2447.328125, "response_time": 1989.3340148925781, "answers": ["38"], "response": "There are 9 unique paragraphs."}
{"cache_time": 2167.786376953125, "response_time": 5532.594177246094, "answers": ["11"], "response": "6\n\nThere are 6 unique paragraphs in the text you provided. Paragraphs 1, 2, and 4 are duplicated"}
{"cache_time": 3384.716552734375, "response_time": 2900.31103515625, "answers": ["19"], "response": "There are 10 unique paragraphs in the given text."}
{"cache_time": 2717.445556640625, "response_time": 5559.686126708984, "answers": ["5"], "response": "There are 5 unique paragraphs.\n\nHere are the paragraphs, with their corresponding numbers and content:\n\n1. Peristera was born"}
{"cache_time": 3013.358154296875, "response_time": 5563.795486450195, "answers": ["23"], "response": "6 paragraphs.\n\nNote that paragraphs 1, 2, and 4 are unique, while paragraphs 3 and 5 are"}
{"cache_time": 2930.331298828125, "response_time": 5534.241806030273, "answers": ["21"], "response": "5 paragraphs.\n\nThere are 5 unique paragraphs in the text you provided. Paragraphs 1, 3, and 4"}
{"cache_time": 2210.45068359375, "response_time": 1276.9720306396484, "answers": ["31"], "response": "5 paragraphs."}
{"cache_time": 2211.4482421875, "response_time": 3791.346664428711, "answers": ["4"], "response": "There are 6 non-repeating paragraphs in the text you provided."}
{"cache_time": 2789.10498046875, "response_time": 5594.067977905273, "answers": ["24"], "response": "There are 5 unique paragraphs. \n\nHere is the list of all the paragraphs and how many times each one appears:\n\n1."}
{"cache_time": 2276.57177734375, "response_time": 5499.965423583984, "answers": ["46"], "response": "8 paragraphs. There are 8 unique paragraphs in the text you provided, and none of the paragraphs are duplicated. \n\nHere"}
{"cache_time": 3003.630859375, "response_time": 5784.527893066406, "answers": ["21"], "response": "6 \n\nThere are six paragraphs in the given text:\n\nParagraphs 1, 2, 3, 43"}
{"cache_time": 3052.328369140625, "response_time": 2740.869110107422, "answers": ["20"], "response": "There are 6 unique paragraphs in the text."}
{"cache_time": 3519.784912109375, "response_time": 5591.134231567383, "answers": ["11"], "response": "12 paragraphs.\n\nHere are the 12 paragraphs:\n\n1. Union Station, also known as New Haven Railroad"}
{"cache_time": 2457.44775390625, "response_time": 5618.415618896484, "answers": ["30"], "response": "15 unique paragraphs.\n\nAfter carefully reading the provided paragraphs, I identified 15 unique paragraphs. These paragraphs are distinct"}
{"cache_time": 3884.330322265625, "response_time": 5785.573379516602, "answers": ["2"], "response": "6 \n\nThe 6 paragraphs are: \n\n1. The poet Prosdocimo (baritone) is searching for"}
{"cache_time": 2782.574462890625, "response_time": 5680.5560302734375, "answers": ["7"], "response": "5\n\nThere are 5 unique paragraphs in the text. \n\nParagraphs 1, 3, 4, 2"}
{"cache_time": 2192.551513671875, "response_time": 2903.4967193603516, "answers": ["14"], "response": "7\n\nThere are seven distinct paragraphs within the provided content."}
{"cache_time": 2994.605712890625, "response_time": 5524.084732055664, "answers": ["29"], "response": "6 unique paragraphs.\n\nParagraphs 1, 2, and 4 are duplicates, as they describe the same company and its"}
{"cache_time": 2157.585693359375, "response_time": 5521.293273925781, "answers": ["9"], "response": "7\n\nThere are 7 unique paragraphs in the given text. Paragraphs 1, 3, and 5 have the same content"}
{"cache_time": 2908.124267578125, "response_time": 5562.829864501953, "answers": ["41"], "response": "7 unique paragraphs. \n\nParagraphs 1, 2, and 4 are not repeated. Paragraphs 3 and"}
{"cache_time": 2868.682373046875, "response_time": 5803.925491333008, "answers": ["25"], "response": "There are 6 distinct paragraphs in the provided text.\n\nHere's the list of paragraphs, along with their corresponding numbers and the"}
{"cache_time": 3816.896484375, "response_time": 3567.5186920166016, "answers": ["39"], "response": "41 paragraphs\n\nPlease let me know if you have any questions."}
{"cache_time": 2191.95751953125, "response_time": 5517.149169921875, "answers": ["18"], "response": "4.\n\nThere are 4 unique paragraphs in the text. Paragraphs 1, 3, and 4 are identical, and"}
{"cache_time": 3439.013916015625, "response_time": 2675.4867248535156, "answers": ["7"], "response": "There are 5 unique paragraphs in the provided text."}
{"cache_time": 2748.517333984375, "response_time": 5840.374771118164, "answers": ["30"], "response": "There are 5 unique paragraphs in the text. \n\nPlease let me know if you have any further questions or if there's anything"}
{"cache_time": 3642.119384765625, "response_time": 2806.976516723633, "answers": ["9"], "response": "5 \n\nThere are five paragraphs in the provided text."}
{"cache_time": 2751.222900390625, "response_time": 5551.730697631836, "answers": ["28"], "response": "There are 5 unique paragraphs. \n\nParagraphs 1, 3, and 33 have no repeating content, so"}
{"cache_time": 3670.920654296875, "response_time": 5448.663040161133, "answers": ["37"], "response": "There are six unique paragraphs in the text. Paragraphs 1 and 3 are duplicated, and paragraphs 2 and"}
{"cache_time": 2606.1357421875, "response_time": 1348.3489227294922, "answers": ["5"], "response": "4 paragraphs."}
{"cache_time": 2539.794677734375, "response_time": 5609.509872436523, "answers": ["33"], "response": "There are 6 unique paragraphs. \n\nHere are the paragraphs, numbered for reference:\n\n1. The western terminus of"}
{"cache_time": 2117.38916015625, "response_time": 3013.918731689453, "answers": ["14"], "response": "8 \n\nThere are 8 paragraphs in the text."}
{"cache_time": 2231.723876953125, "response_time": 5516.706832885742, "answers": ["21"], "response": "24\n\nThere are 24 distinct paragraphs in the text you provided, excluding any duplicates. After carefully reading the content, I have"}
{"cache_time": 2364.068603515625, "response_time": 1290.4038543701172, "answers": ["16"], "response": "7 paragraphs."}
{"cache_time": 2668.02392578125, "response_time": 3401.3235473632812, "answers": ["31"], "response": "10\n\nThere are 10 distinct paragraphs in the given text."}
{"cache_time": 2452.26708984375, "response_time": 5524.429794311523, "answers": ["19"], "response": "There are 4 unique paragraphs.\n\nParagraphs 1 and 45 are duplicated.\n\nParagraphs 2 and"}
{"cache_time": 2577.660400390625, "response_time": 3864.5032958984375, "answers": ["12"], "response": "8\n\nThere are 8 non-repeating paragraphs in the text you provided."}
{"cache_time": 2265.95751953125, "response_time": 3064.104965209961, "answers": ["3"], "response": "There are 10 unique paragraphs in the text you provided."}
{"cache_time": 3654.912109375, "response_time": 1284.1809844970703, "answers": ["32"], "response": "6 paragraphs."}
{"cache_time": 3324.9921875, "response_time": 5792.699371337891, "answers": ["44"], "response": "There are 5 unique paragraphs in the text.\n\nHere's the breakdown:\n\n1. Paragraph 1:"}
{"cache_time": 2324.955078125, "response_time": 5646.427108764648, "answers": ["23"], "response": "There are 11 unique paragraphs.\n\nHere is the list of all the given paragraphs along with their numbers:\n\n1. Paragraph"}
{"cache_time": 2205.94384765625, "response_time": 5684.499435424805, "answers": ["17"], "response": "7 paragraphs. \n\nHere are the unique paragraphs after removing the duplicates:\n\n1. In January 1968, a"}
{"cache_time": 2755.003173828125, "response_time": 5664.686065673828, "answers": ["39"], "response": "5 paragraphs. Here are the unique paragraphs (without any duplicates):\n\nParagraph 1: In the meanwhile the unscrupul"}
{"cache_time": 3085.829345703125, "response_time": 5824.047134399414, "answers": ["23"], "response": "5 paragraphs. \n\nHere's a breakdown of each paragraph and how many unique paragraphs there are:\n\n1. Paragraph"}
{"cache_time": 2523.113037109375, "response_time": 5633.461227416992, "answers": ["11"], "response": "There are 7 unique paragraphs. \n\nHere they are in the order they appear:\n\n1. Paragraph 1\n2. Par"}
{"cache_time": 2177.656005859375, "response_time": 5655.4178466796875, "answers": ["4"], "response": "7 paragraphs\n\nHere are the paragraphs, numbered for your reference:\n\n1. The most basic material for the forming web"}
{"cache_time": 2970.413818359375, "response_time": 3564.900375366211, "answers": ["26"], "response": "9\n\nThere are 9 non-repeating paragraphs in the given text."}
{"cache_time": 2124.662841796875, "response_time": 1443.3238983154297, "answers": ["16"], "response": "15 paragraphs."}
{"cache_time": 3612.02392578125, "response_time": 5475.807220458984, "answers": ["16"], "response": "5\n\nThere are 5 unique paragraphs in the text, counting the last one as a single paragraph. The first three paragraphs are duplicates of"}
{"cache_time": 2203.715087890625, "response_time": 4986.04133605957, "answers": ["17"], "response": "10 \n\nThe paragraphs contain a total of 10 unique paragraphs, excluding any duplicate content."}
{"cache_time": 3211.858154296875, "response_time": 5564.023788452148, "answers": ["27"], "response": "10\n\nThere are 10 unique paragraphs in the text you provided. Here's the list of paragraphs, with their corresponding numbers"}
{"cache_time": 3909.0888671875, "response_time": 5620.765686035156, "answers": ["7"], "response": "7 paragraphs.\n\nHere are the unique paragraphs after removing the duplicates:\n\nParagraph 1: \nSabiha Kal"}
{"cache_time": 2715.00634765625, "response_time": 2786.3101196289062, "answers": ["14"], "response": "There are 7 unique paragraphs in the text."}
{"cache_time": 3174.890380859375, "response_time": 5712.631774902344, "answers": ["31"], "response": "8\n\nHere's the breakdown:\n\nParagraph 1: 1\nParagraph 2: 2\nParagraph"}
{"cache_time": 2278.72265625, "response_time": 1470.5070037841797, "answers": ["3"], "response": "4 unique paragraphs."}
{"cache_time": 2376.2802734375, "response_time": 3627.948028564453, "answers": ["3"], "response": "5\n\nThere are 5 unique paragraphs in the text after removing duplicates."}
{"cache_time": 3412.46923828125, "response_time": 5772.184600830078, "answers": ["3"], "response": "24\n\nHere's the breakdown:\n\nParagraph 1: 1\nParagraph 2: 1\nParagraph"}
{"cache_time": 2597.842041015625, "response_time": 2773.6627044677734, "answers": ["9"], "response": "There are 9 unique paragraphs in the provided text."}
{"cache_time": 3663.50146484375, "response_time": 5783.261199951172, "answers": ["3"], "response": "12 unique paragraphs.\n\nHere are the paragraphs, numbered and without duplicates:\n\n1. The building, which was under"}
{"cache_time": 2544.478515625, "response_time": 5643.415557861328, "answers": ["17"], "response": "8 paragraphs.\n\nHere's the list of unique paragraphs:\n\n1. On 4 April, the club announced the contract extension"}
{"cache_time": 2252.736328125, "response_time": 1447.2837219238281, "answers": ["22"], "response": "4 unique paragraphs."}
{"cache_time": 2182.04541015625, "response_time": 5403.9736328125, "answers": ["16"], "response": "There are 4 unique paragraphs. \n\n1. The main theme of Chrono Trigger was played at the fifth of the Orch"}
{"cache_time": 3801.86962890625, "response_time": 5541.277679443359, "answers": ["17"], "response": "6 unique paragraphs.\n\nThe paragraphs are:\n\n1. Particle filters, or sequential Monte Carlo methods, are a"}
{"cache_time": 3001.876220703125, "response_time": 5819.839508056641, "answers": ["4"], "response": "Paragraphs 3, 11, 21, 28, 31, 33, 34"}
{"cache_time": 2283.053955078125, "response_time": 5422.504974365234, "answers": ["7"], "response": "7\n\nThere are seven unique paragraphs in the text you provided. The first paragraph appears twice, but the second instance is merely a repeat of the"}
{"cache_time": 2599.553955078125, "response_time": 1280.1044464111328, "answers": ["38"], "response": "5 paragraphs."}
{"cache_time": 2565.208984375, "response_time": 3596.121078491211, "answers": ["17"], "response": "6\n\nThere are 6 non-repeating paragraphs in the text provided."}
{"cache_time": 2467.91943359375, "response_time": 5662.774276733398, "answers": ["15"], "response": "4 paragraphs\n\nThe given text contains 4 distinct paragraphs, each with a unique topic and content.\n\n1. Paragraph"}
{"cache_time": 3360.47314453125, "response_time": 5645.830123901367, "answers": ["34"], "response": "7 unique paragraphs\n\nHere is the list of paragraphs along with their corresponding numbers:\n\n1. Paragraph 1\n2. Par"}
{"cache_time": 2534.552490234375, "response_time": 3711.1224365234375, "answers": ["5"], "response": "5\n\nThere are 5 non-repeating paragraphs in the text."}
{"cache_time": 3699.86328125, "response_time": 5681.27587890625, "answers": ["22"], "response": "5 unique paragraphs.\n\nThere are 5 unique paragraphs in the text provided. Paragraphs 1, 2, and"}
{"cache_time": 2197.623046875, "response_time": 5757.693954467773, "answers": ["30"], "response": "11 unique paragraphs.\n\nThere are a total of 11 unique paragraphs in the text you provided. I determined this by"}
{"cache_time": 2399.781005859375, "response_time": 5500.198913574219, "answers": ["9"], "response": "49 paragraphs.\n\nPlease note that paragraphs 3, 46, and 48 are repeated three times each,"}
{"cache_time": 2373.496337890625, "response_time": 2913.2779541015625, "answers": ["6"], "response": "There are 5 unique paragraphs in the text you provided."}
{"cache_time": 2227.87744140625, "response_time": 5522.584579467773, "answers": ["7"], "response": "12. There are 12 distinct paragraphs contained in the text excerpt provided, as determined by the presence of a newline character at the"}
{"cache_time": 3223.198486328125, "response_time": 5701.619705200195, "answers": ["31"], "response": "36.\n\nHere's the breakdown:\n\n1. Paragraph 1: 5 sentences\n2. Paragraph 2"}
{"cache_time": 2231.694580078125, "response_time": 5592.287246704102, "answers": ["5"], "response": "6\n\nThere are 6 unique paragraphs in the text you provided. The paragraphs are:\n\n1. The United States has im"}
{"cache_time": 2242.552734375, "response_time": 1619.8430786132812, "answers": ["35"], "response": "5 unique paragraphs."}
{"cache_time": 2167.182861328125, "response_time": 5508.116500854492, "answers": ["24"], "response": "5 unique paragraphs.\n\nThe given text contains 10 paragraphs in total. Of these, the following are unique and not repeated elsewhere"}
{"cache_time": 3314.01513671875, "response_time": 5648.762893676758, "answers": ["37"], "response": "6 unique paragraphs.\n\nHere's how I arrived at that number:\n\n1. The first paragraph is duplicated in the list"}
{"cache_time": 2976.745361328125, "response_time": 5630.669830322266, "answers": ["11"], "response": "There are 4 unique paragraphs in the given text. \n\nParagraphs 1, 2, and 4 are identical, and paragraph"}
{"cache_time": 2162.3251953125, "response_time": 5613.424621582031, "answers": ["28"], "response": "There are 5 distinct paragraphs. \n\nHere is the list of unique paragraphs, in order: \n\n1. Section 6 of"}
{"cache_time": 2787.65087890625, "response_time": 5616.230377197266, "answers": ["5"], "response": "7 distinct paragraphs with 5 unique paragraphs and two duplicates. The 5 unique paragraphs are: \n\n1. Hasankey"}
{"cache_time": 3898.291015625, "response_time": 5475.760116577148, "answers": ["4"], "response": "5 unique paragraphs.\n\nThere are 5 unique paragraphs in the text given since no paragraph appears more than once. Paragraphs"}
{"cache_time": 2699.85107421875, "response_time": 5674.077194213867, "answers": ["11"], "response": "There are 5 unique paragraphs in the provided text.\n\nHere they are, numbered and with their corresponding text:\n\n1"}
{"cache_time": 2191.658935546875, "response_time": 5505.413116455078, "answers": ["16"], "response": "12.\n\nThere are 12 unique paragraphs in the text, as some of the paragraphs are duplicates. To determine this, I"}
{"cache_time": 3173.1787109375, "response_time": 5612.283920288086, "answers": ["26"], "response": "43.\n\nHere's how I arrived at that answer:\n\n1. The first paragraph has 105 words.\n2"}
{"cache_time": 3418.599365234375, "response_time": 5707.762634277344, "answers": ["10"], "response": "11 paragraphs.\n\nHere's the list of unique paragraphs after removing the duplicates:\n\n1. Paragraph 1:"}
{"cache_time": 2167.5498046875, "response_time": 2960.9574279785156, "answers": ["42"], "response": "There are 13 unique paragraphs in the given text."}
{"cache_time": 3095.755615234375, "response_time": 5610.813430786133, "answers": ["26"], "response": "There are 8 unique paragraphs in the text you provided.\n\nHere they are, numbered and with any duplicates removed:\n\n1"}
{"cache_time": 2203.286376953125, "response_time": 5553.854446411133, "answers": ["21"], "response": "There are 5 unique paragraphs.\n\nParagraphs 1, 2, and 5 are not duplicated.\n\nPar"}
{"cache_time": 3605.3046875, "response_time": 2707.989517211914, "answers": ["19"], "response": "There are 27 paragraphs in the text."}
{"cache_time": 2813.22607421875, "response_time": 5698.504699707031, "answers": ["26"], "response": "50 paragraphs.\n\nHere's the list of paragraphs, with each one assigned a unique number:\n\n1. General Mills"}
{"cache_time": 2204.1728515625, "response_time": 3249.8719024658203, "answers": ["5"], "response": "There are 32 unique paragraphs in the text after removing duplicates."}
{"cache_time": 2172.17333984375, "response_time": 5567.080474853516, "answers": ["20"], "response": "There are 6 unique paragraphs in the text.\n\nHere are the paragraphs, numbered for reference:\n\n1. The first paragraph tal"}
{"cache_time": 2474.10205078125, "response_time": 5596.356628417969, "answers": ["15"], "response": "7\n\nThere are 7 unique paragraphs in the text you provided. Paragraphs 1, 2, 3, and 4"}
{"cache_time": 3965.15478515625, "response_time": 5480.777770996094, "answers": ["10"], "response": "There are 6 unique paragraphs in the text.\n\nParagraphs 1, 2, and 4 are distinct and not repeated"}
{"cache_time": 3402.79541015625, "response_time": 2529.4940185546875, "answers": ["17"], "response": "There are 44 paragraphs in the text."}
{"cache_time": 2415.955810546875, "response_time": 5700.030456542969, "answers": ["28"], "response": "31 paragraphs. \n\nHere's the list of the unique paragraphs:\n\n1. Decurion (administr"}
