{"cache_time": 2.1152000427246094, "response_time": 2364.216278076172, "answers": ["Paragraph 15"], "response": "Paragraph 28."}
{"cache_time": 3.0561280250549316, "response_time": 2362.483673095703, "answers": ["Paragraph 8"], "response": "Paragraph 29."}
{"cache_time": 2.171072006225586, "response_time": 2750.487579345703, "answers": ["Paragraph 18"], "response": "Paragraph 1"}
{"cache_time": 2.6140480041503906, "response_time": 2495.1050415039062, "answers": ["Paragraph 17"], "response": "Paragraph 30."}
{"cache_time": 2.5138559341430664, "response_time": 2476.701675415039, "answers": ["Paragraph 14"], "response": "Paragraph 27"}
{"cache_time": 2.3912320137023926, "response_time": 2708.748336791992, "answers": ["Paragraph 3"], "response": "Paragraph 29"}
{"cache_time": 2.594144105911255, "response_time": 2389.0421295166016, "answers": ["Paragraph 24"], "response": "Paragraph 30"}
{"cache_time": 2.479327917098999, "response_time": 2531.6638946533203, "answers": ["Paragraph 27"], "response": "Paragraph 29."}
{"cache_time": 2.1386559009552, "response_time": 2317.9264221191406, "answers": ["Paragraph 30"], "response": "Paragraph 29."}
{"cache_time": 1.7272640466690063, "response_time": 2608.496627807617, "answers": ["Paragraph 12"], "response": "Paragraph 10"}
{"cache_time": 2.5303359031677246, "response_time": 2748.242904663086, "answers": ["Paragraph 22"], "response": "Paragraph 28"}
{"cache_time": 2.662368059158325, "response_time": 2752.1167602539062, "answers": ["Paragraph 30"], "response": "Paragraph 30"}
{"cache_time": 2.6368958950042725, "response_time": 2700.362777709961, "answers": ["Paragraph 24"], "response": "Paragraph 28"}
{"cache_time": 2.8573760986328125, "response_time": 2561.99072265625, "answers": ["Paragraph 19"], "response": "Paragraph 29"}
{"cache_time": 2.7266879081726074, "response_time": 2712.4254760742188, "answers": ["Paragraph 3"], "response": "Paragraph 29."}
{"cache_time": 2.784832000732422, "response_time": 2739.5645446777344, "answers": ["Paragraph 8"], "response": "Paragraph 10."}
{"cache_time": 2.884608030319214, "response_time": 2475.4678344726562, "answers": ["Paragraph 3"], "response": "Paragraph 28"}
{"cache_time": 2.7842559814453125, "response_time": 2908.6832885742188, "answers": ["Paragraph 17"], "response": "Paragraph 28"}
{"cache_time": 4.028384208679199, "response_time": 2673.071090698242, "answers": ["Paragraph 4"], "response": "Paragraph 30"}
{"cache_time": 2.283967971801758, "response_time": 2708.4400482177734, "answers": ["Paragraph 3"], "response": "Paragraph 30"}
{"cache_time": 2.901599884033203, "response_time": 2729.7904510498047, "answers": ["Paragraph 24"], "response": "Paragraph 29."}
{"cache_time": 2.552992105484009, "response_time": 2650.0269317626953, "answers": ["Paragraph 2"], "response": "Paragraph 30."}
{"cache_time": 2.710400104522705, "response_time": 2793.4873657226562, "answers": ["Paragraph 6"], "response": "Paragraph 30"}
{"cache_time": 3.1005759239196777, "response_time": 2905.291717529297, "answers": ["Paragraph 12"], "response": "Paragraph 29."}
{"cache_time": 2.783071994781494, "response_time": 4625.349685668945, "answers": ["Paragraph 24"], "response": "Paragraph 10.\n\nThe abstract is from paragraph 10."}
{"cache_time": 2.5902719497680664, "response_time": 2704.8704223632812, "answers": ["Paragraph 30"], "response": "Paragraph 29"}
{"cache_time": 2.886944055557251, "response_time": 3131.189239501953, "answers": ["Paragraph 1"], "response": "Paragraph 30."}
{"cache_time": 3.0393919944763184, "response_time": 2877.832260131836, "answers": ["Paragraph 6"], "response": "Paragraph 30."}
{"cache_time": 2.8544321060180664, "response_time": 2711.4331970214844, "answers": ["Paragraph 8"], "response": "Paragraph 30."}
{"cache_time": 2.9812159538269043, "response_time": 4393.647125244141, "answers": ["Paragraph 3"], "response": "Paragraph 2. The abstract is from the second paragraph of the text."}
{"cache_time": 2.296096086502075, "response_time": 2637.721649169922, "answers": ["Paragraph 1"], "response": "Paragraph 1."}
{"cache_time": 2.46995210647583, "response_time": 2704.611328125, "answers": ["Paragraph 25"], "response": "Paragraph 29."}
{"cache_time": 2.497152090072632, "response_time": 2757.69140625, "answers": ["Paragraph 19"], "response": "Paragraph 29"}
{"cache_time": 2.8910720348358154, "response_time": 2761.450469970703, "answers": ["Paragraph 22"], "response": "Paragraph 29"}
{"cache_time": 2.7359681129455566, "response_time": 2721.379364013672, "answers": ["Paragraph 5"], "response": "Paragraph 29"}
{"cache_time": 2.9496641159057617, "response_time": 2818.0540771484375, "answers": ["Paragraph 15"], "response": "Paragraph 29."}
{"cache_time": 2.8141119480133057, "response_time": 2400.2549743652344, "answers": ["Paragraph 28"], "response": "Paragraph 30."}
{"cache_time": 2.3850560188293457, "response_time": 2645.2613067626953, "answers": ["Paragraph 5"], "response": "Paragraph 19"}
{"cache_time": 2.9863998889923096, "response_time": 2770.5886993408203, "answers": ["Paragraph 30"], "response": "Paragraph 29"}
{"cache_time": 3.098655939102173, "response_time": 2721.9158935546875, "answers": ["Paragraph 6"], "response": "Paragraph 29"}
{"cache_time": 2.5852160453796387, "response_time": 2979.004440307617, "answers": ["Paragraph 12"], "response": "Paragraph 29."}
{"cache_time": 3.5127038955688477, "response_time": 2548.305953979492, "answers": ["Paragraph 26"], "response": "Paragraph 1"}
{"cache_time": 3.224031925201416, "response_time": 2123.3059692382812, "answers": ["Paragraph 30"], "response": "Paragraph 29"}
{"cache_time": 3.3171520233154297, "response_time": 3360.880661010742, "answers": ["Paragraph 6"], "response": "Paragraph 29"}
{"cache_time": 2.632927894592285, "response_time": 2551.8336334228516, "answers": ["Paragraph 12"], "response": "Paragraph 29"}
{"cache_time": 2.4007039070129395, "response_time": 2769.1366577148438, "answers": ["Paragraph 23"], "response": "Paragraph 29"}
{"cache_time": 4.742432117462158, "response_time": 2751.2022705078125, "answers": ["Paragraph 17"], "response": "Paragraph 30"}
{"cache_time": 3.03983998298645, "response_time": 7234.399261474609, "answers": ["Paragraph 1"], "response": "Paragraph 10.\n\nThe abstract discusses a labor dispute between the British Empire Steel Corporation (BESCO) and the District"}
{"cache_time": 2.5378880500793457, "response_time": 2604.4845581054688, "answers": ["Paragraph 27"], "response": "Paragraph 3."}
{"cache_time": 2.6345279216766357, "response_time": 2538.9505920410156, "answers": ["Paragraph 21"], "response": "Paragraph 29"}
{"cache_time": 2.361407995223999, "response_time": 2868.9459075927734, "answers": ["Paragraph 27"], "response": "Paragraph 30."}
{"cache_time": 2.0930240154266357, "response_time": 4725.350372314453, "answers": ["Paragraph 29"], "response": "Paragraph 30.\n\nThe abstract is from the last paragraph of the text."}
{"cache_time": 2.7834560871124268, "response_time": 2732.93310546875, "answers": ["Paragraph 28"], "response": "Paragraph 29."}
{"cache_time": 2.9668478965759277, "response_time": 2722.1687927246094, "answers": ["Paragraph 7"], "response": "Paragraph 30"}
{"cache_time": 2.7426559925079346, "response_time": 5103.206390380859, "answers": ["Paragraph 15"], "response": "Paragraph 29.\n\nThe abstract is from Paragraph 29."}
{"cache_time": 2.95798397064209, "response_time": 2880.7660064697266, "answers": ["Paragraph 22"], "response": "Paragraph 29"}
{"cache_time": 2.978111982345581, "response_time": 2390.350860595703, "answers": ["Paragraph 16"], "response": "Paragraph 30."}
{"cache_time": 2.371328115463257, "response_time": 2599.0809783935547, "answers": ["Paragraph 14"], "response": "Paragraph 29"}
{"cache_time": 2.703007936477661, "response_time": 2662.8976440429688, "answers": ["Paragraph 29"], "response": "Paragraph 29"}
{"cache_time": 2.371583938598633, "response_time": 2711.9072875976562, "answers": ["Paragraph 19"], "response": "Paragraph 28"}
{"cache_time": 2.499743938446045, "response_time": 2670.1055450439453, "answers": ["Paragraph 28"], "response": "Paragraph 29."}
{"cache_time": 2.5762879848480225, "response_time": 2708.2639770507812, "answers": ["Paragraph 26"], "response": "Paragraph 28."}
{"cache_time": 2.8640639781951904, "response_time": 5926.311950683594, "answers": ["Paragraph 1"], "response": "Paragraph 1\n\nThe given text is an abstract, and it does not contain any paragraphs."}
{"cache_time": 2.323904037475586, "response_time": 2857.102264404297, "answers": ["Paragraph 10"], "response": "Paragraph 30."}
{"cache_time": 2.3679358959198, "response_time": 2530.720718383789, "answers": ["Paragraph 8"], "response": "Paragraph 29."}
{"cache_time": 1.834656000137329, "response_time": 2455.1588287353516, "answers": ["Paragraph 3"], "response": "Paragraph 2"}
{"cache_time": 2.4131839275360107, "response_time": 2399.6282806396484, "answers": ["Paragraph 27"], "response": "Paragraph 28."}
{"cache_time": 2.897792100906372, "response_time": 4929.454025268555, "answers": ["Paragraph 15"], "response": "Paragraph 3.\n\nThe abstract is from the third paragraph of the text."}
{"cache_time": 2.8953919410705566, "response_time": 2904.304702758789, "answers": ["Paragraph 21"], "response": "Paragraph 29"}
{"cache_time": 2.915328025817871, "response_time": 2801.0629119873047, "answers": ["Paragraph 28"], "response": "Paragraph 29."}
{"cache_time": 2.1511359214782715, "response_time": 2320.8847045898438, "answers": ["Paragraph 5"], "response": "Paragraph 29."}
{"cache_time": 2.3157119750976562, "response_time": 2402.4053497314453, "answers": ["Paragraph 9"], "response": "Paragraph 28."}
{"cache_time": 2.37827205657959, "response_time": 2542.081008911133, "answers": ["Paragraph 20"], "response": "Paragraph 2"}
{"cache_time": 4.482048034667969, "response_time": 4904.997848510742, "answers": ["Paragraph 15"], "response": "Paragraph 12.\n\nThe abstract is from paragraph 12."}
{"cache_time": 2.971935987472534, "response_time": 2948.016143798828, "answers": ["Paragraph 6"], "response": "Paragraph 10."}
{"cache_time": 2.3268160820007324, "response_time": 2984.0393676757812, "answers": ["Paragraph 23"], "response": "Paragraph 29"}
{"cache_time": 2.2610559463500977, "response_time": 2701.119415283203, "answers": ["Paragraph 26"], "response": "Paragraph 29."}
{"cache_time": 2.296639919281006, "response_time": 6820.836349487305, "answers": ["Paragraph 18"], "response": "Paragraph 2.\n\nHere is the paragraph number and the abstract:\n\nParagraph 2: The text summarizes the belief in"}
{"cache_time": 2.4838080406188965, "response_time": 2585.1822052001953, "answers": ["Paragraph 11"], "response": "Paragraph 29"}
{"cache_time": 1.8501759767532349, "response_time": 2693.491729736328, "answers": ["Paragraph 18"], "response": "Paragraph 29"}
{"cache_time": 2.887712001800537, "response_time": 2568.4019317626953, "answers": ["Paragraph 7"], "response": "Paragraph 29."}
{"cache_time": 2.748415946960449, "response_time": 2536.932342529297, "answers": ["Paragraph 24"], "response": "Paragraph 30."}
{"cache_time": 2.6668479442596436, "response_time": 2598.9068450927734, "answers": ["Paragraph 23"], "response": "Paragraph 29"}
{"cache_time": 2.853247880935669, "response_time": 2684.7651977539062, "answers": ["Paragraph 27"], "response": "Paragraph 27"}
{"cache_time": 2.5964159965515137, "response_time": 2716.415008544922, "answers": ["Paragraph 18"], "response": "Paragraph 17"}
{"cache_time": 2.1461119651794434, "response_time": 2823.494644165039, "answers": ["Paragraph 28"], "response": "Paragraph 28."}
{"cache_time": 2.2671680450439453, "response_time": 4722.510894775391, "answers": ["Paragraph 3"], "response": "Paragraph 3.\n\nThe abstract is from paragraph 3 of the text."}
{"cache_time": 2.6509439945220947, "response_time": 2782.661605834961, "answers": ["Paragraph 5"], "response": "Paragraph 29."}
{"cache_time": 2.828000068664551, "response_time": 2772.0969848632812, "answers": ["Paragraph 27"], "response": "Paragraph 29"}
{"cache_time": 2.104288101196289, "response_time": 2659.803176879883, "answers": ["Paragraph 24"], "response": "Paragraph 30."}
{"cache_time": 4.654623985290527, "response_time": 2714.3198852539062, "answers": ["Paragraph 29"], "response": "Paragraph 29"}
{"cache_time": 2.215167999267578, "response_time": 2885.780517578125, "answers": ["Paragraph 23"], "response": "Paragraph 30"}
{"cache_time": 2.374016046524048, "response_time": 2746.3311157226562, "answers": ["Paragraph 17"], "response": "Paragraph 28."}
{"cache_time": 2.380064010620117, "response_time": 2641.1520233154297, "answers": ["Paragraph 16"], "response": "Paragraph 30"}
{"cache_time": 2.5383999347686768, "response_time": 2493.366241455078, "answers": ["Paragraph 18"], "response": "Paragraph 29"}
{"cache_time": 2.542112112045288, "response_time": 2428.2787475585938, "answers": ["Paragraph 13"], "response": "Paragraph 29."}
{"cache_time": 2.3405120372772217, "response_time": 2359.679000854492, "answers": ["Paragraph 20"], "response": "Paragraph 29."}
{"cache_time": 2.729151964187622, "response_time": 3130.6547088623047, "answers": ["Paragraph 18"], "response": "Paragraph 29."}
{"cache_time": 1.8636480569839478, "response_time": 2655.9559020996094, "answers": ["Paragraph 23"], "response": "Paragraph 29."}
{"cache_time": 2.929919958114624, "response_time": 2974.4865112304688, "answers": ["Paragraph 19"], "response": "Paragraph 30."}
{"cache_time": 3.092992067337036, "response_time": 3260.969985961914, "answers": ["Paragraph 19"], "response": "Paragraph 29."}
{"cache_time": 2.6488640308380127, "response_time": 2711.8479766845703, "answers": ["Paragraph 30"], "response": "Paragraph 30"}
{"cache_time": 2.0495359897613525, "response_time": 2538.490921020508, "answers": ["Paragraph 13"], "response": "Paragraph 30."}
{"cache_time": 2.3648319244384766, "response_time": 2695.1598358154297, "answers": ["Paragraph 9"], "response": "Paragraph 29."}
{"cache_time": 2.690176010131836, "response_time": 2943.883270263672, "answers": ["Paragraph 22"], "response": "Paragraph 30"}
{"cache_time": 2.326080083847046, "response_time": 2763.8016204833984, "answers": ["Paragraph 11"], "response": "Paragraph 27"}
{"cache_time": 2.3753600120544434, "response_time": 2888.665054321289, "answers": ["Paragraph 3"], "response": "Paragraph 29"}
{"cache_time": 1.9049919843673706, "response_time": 2317.819869995117, "answers": ["Paragraph 12"], "response": "Paragraph 28."}
{"cache_time": 3.40118408203125, "response_time": 6902.533172607422, "answers": ["Paragraph 10"], "response": "Paragraph 28\n\nAbstract: In 2017, rhythmic gymnast Dina Averina achieved great success in various"}
{"cache_time": 2.9312639236450195, "response_time": 3013.386199951172, "answers": ["Paragraph 3"], "response": "Paragraph 30."}
{"cache_time": 2.536832094192505, "response_time": 2504.099822998047, "answers": ["Paragraph 10"], "response": "Paragraph 29"}
{"cache_time": 3.765216112136841, "response_time": 6981.862396240234, "answers": ["Paragraph 2"], "response": "Paragraph 1, Paragraph 2, Paragraph 3, Paragraph 4, Paragraph 5, Paragraph 6,"}
{"cache_time": 3.0259199142456055, "response_time": 2724.2465057373047, "answers": ["Paragraph 27"], "response": "Paragraph 28"}
{"cache_time": 2.905087947845459, "response_time": 2831.6897735595703, "answers": ["Paragraph 7"], "response": "Paragraph 5."}
{"cache_time": 2.6400320529937744, "response_time": 4366.467086791992, "answers": ["Paragraph 20"], "response": "Paragraph 3.\n\nThe abstract is from the third paragraph."}
{"cache_time": 3.013535976409912, "response_time": 2717.559799194336, "answers": ["Paragraph 25"], "response": "Paragraph 1."}
{"cache_time": 1.868607997894287, "response_time": 2653.135787963867, "answers": ["Paragraph 30"], "response": "Paragraph 29."}
{"cache_time": 2.5689918994903564, "response_time": 2691.9915618896484, "answers": ["Paragraph 9"], "response": "Paragraph 28."}
{"cache_time": 2.945472002029419, "response_time": 2596.0714263916016, "answers": ["Paragraph 14"], "response": "Paragraph 28"}
{"cache_time": 3.0837440490722656, "response_time": 2613.5152435302734, "answers": ["Paragraph 8"], "response": "Paragraph 29"}
{"cache_time": 2.1910080909729004, "response_time": 2507.527145385742, "answers": ["Paragraph 8"], "response": "Paragraph 30."}
{"cache_time": 2.759455919265747, "response_time": 2434.9481353759766, "answers": ["Paragraph 19"], "response": "Paragraph 30."}
{"cache_time": 3.6457600593566895, "response_time": 2806.0723571777344, "answers": ["Paragraph 22"], "response": "Paragraph 29"}
{"cache_time": 3.0186240673065186, "response_time": 2558.8909759521484, "answers": ["Paragraph 1"], "response": "Paragraph 2"}
{"cache_time": 2.675424098968506, "response_time": 4834.586669921875, "answers": ["Paragraph 7"], "response": "Paragraph 29\n\nThe abstract is from paragraph 29."}
{"cache_time": 2.617471933364868, "response_time": 2557.765579223633, "answers": ["Paragraph 7"], "response": "Paragraph 30"}
{"cache_time": 2.2586240768432617, "response_time": 2826.6863708496094, "answers": ["Paragraph 28"], "response": "Paragraph 29"}
{"cache_time": 3.1134719848632812, "response_time": 2512.574493408203, "answers": ["Paragraph 11"], "response": "Paragraph 29"}
{"cache_time": 2.167776107788086, "response_time": 2328.0128631591797, "answers": ["Paragraph 18"], "response": "Paragraph 30."}
{"cache_time": 2.508512020111084, "response_time": 2525.950958251953, "answers": ["Paragraph 9"], "response": "Paragraph 2"}
{"cache_time": 2.5193920135498047, "response_time": 2797.7041778564453, "answers": ["Paragraph 16"], "response": "Paragraph 11"}
{"cache_time": 2.3827199935913086, "response_time": 6765.978546142578, "answers": ["Paragraph 8"], "response": "Paragraph 10.\n\nThe abstract is the last sentence of paragraph 10: \"The river then continues down the valley, passing"}
{"cache_time": 3.0217599868774414, "response_time": 2833.0506591796875, "answers": ["Paragraph 27"], "response": "Paragraph 17"}
{"cache_time": 1.9489599466323853, "response_time": 2570.823684692383, "answers": ["Paragraph 7"], "response": "Paragraph 28."}
{"cache_time": 2.8950400352478027, "response_time": 2720.911346435547, "answers": ["Paragraph 26"], "response": "Paragraph 29."}
{"cache_time": 3.4420480728149414, "response_time": 2763.315200805664, "answers": ["Paragraph 24"], "response": "Paragraph 29."}
{"cache_time": 2.655872106552124, "response_time": 2512.8191833496094, "answers": ["Paragraph 20"], "response": "Paragraph 28"}
{"cache_time": 5.325568199157715, "response_time": 2616.0066528320312, "answers": ["Paragraph 29"], "response": "Paragraph 29."}
{"cache_time": 1.8815040588378906, "response_time": 2740.4073181152344, "answers": ["Paragraph 28"], "response": "Paragraph 28."}
{"cache_time": 2.6779839992523193, "response_time": 2658.47802734375, "answers": ["Paragraph 6"], "response": "Paragraph 29."}
{"cache_time": 3.8476479053497314, "response_time": 2897.9046936035156, "answers": ["Paragraph 1"], "response": "Paragraph 29."}
{"cache_time": 3.0018880367279053, "response_time": 2363.783157348633, "answers": ["Paragraph 4"], "response": "Paragraph 3."}
{"cache_time": 3.24288010597229, "response_time": 2617.770034790039, "answers": ["Paragraph 29"], "response": "Paragraph 28"}
{"cache_time": 2.830496072769165, "response_time": 2796.095443725586, "answers": ["Paragraph 11"], "response": "Paragraph 30."}
{"cache_time": 3.073472023010254, "response_time": 2184.500213623047, "answers": ["Paragraph 7"], "response": "Paragraph 16"}
{"cache_time": 2.462912082672119, "response_time": 2582.963180541992, "answers": ["Paragraph 22"], "response": "Paragraph 28."}
{"cache_time": 2.7300798892974854, "response_time": 2906.7969970703125, "answers": ["Paragraph 8"], "response": "Paragraph 13."}
{"cache_time": 2.3581440448760986, "response_time": 2594.638900756836, "answers": ["Paragraph 28"], "response": "Paragraph 28"}
{"cache_time": 2.5378239154815674, "response_time": 2913.08544921875, "answers": ["Paragraph 23"], "response": "Paragraph 29."}
{"cache_time": 2.9950718879699707, "response_time": 2734.234634399414, "answers": ["Paragraph 8"], "response": "Paragraph 29"}
{"cache_time": 3.1364800930023193, "response_time": 2347.6746520996094, "answers": ["Paragraph 11"], "response": "Paragraph 3"}
{"cache_time": 4.046080112457275, "response_time": 2616.927291870117, "answers": ["Paragraph 28"], "response": "Paragraph 29."}
{"cache_time": 2.2507200241088867, "response_time": 2675.056686401367, "answers": ["Paragraph 16"], "response": "Paragraph 29"}
{"cache_time": 3.456415891647339, "response_time": 2504.801239013672, "answers": ["Paragraph 2"], "response": "Paragraph 2"}
{"cache_time": 2.860383987426758, "response_time": 2554.1631927490234, "answers": ["Paragraph 1"], "response": "Paragraph 2"}
{"cache_time": 3.1194560527801514, "response_time": 2543.0426177978516, "answers": ["Paragraph 2"], "response": "Paragraph 1"}
{"cache_time": 3.0767359733581543, "response_time": 2784.8621826171875, "answers": ["Paragraph 28"], "response": "Paragraph 28."}
{"cache_time": 2.405695915222168, "response_time": 2864.9778900146484, "answers": ["Paragraph 7"], "response": "Paragraph 29"}
{"cache_time": 2.9342401027679443, "response_time": 3130.540054321289, "answers": ["Paragraph 27"], "response": "Paragraph 29."}
{"cache_time": 2.4047999382019043, "response_time": 2664.3414764404297, "answers": ["Paragraph 16"], "response": "Paragraph 29"}
{"cache_time": 3.347071886062622, "response_time": 7012.004913330078, "answers": ["Paragraph 1"], "response": "Paragraph 2. \n\nPlease note that the given text is a collection of 30 paragraphs with an abstract at the end, and the"}
{"cache_time": 2.3705599308013916, "response_time": 2823.6492767333984, "answers": ["Paragraph 26"], "response": "Paragraph 2."}
{"cache_time": 2.416032075881958, "response_time": 2517.7732849121094, "answers": ["Paragraph 6"], "response": "Paragraph 29"}
{"cache_time": 2.466399908065796, "response_time": 6845.228042602539, "answers": ["Paragraph 15"], "response": "Paragraph 28. \n\nPlease note that the abstract is from the end of the text and not one of the paragraphs given."}
{"cache_time": 2.789247989654541, "response_time": 2912.794631958008, "answers": ["Paragraph 14"], "response": "Paragraph 29."}
{"cache_time": 2.950079917907715, "response_time": 2617.011184692383, "answers": ["Paragraph 25"], "response": "Paragraph 10"}
{"cache_time": 2.6613759994506836, "response_time": 2145.0239868164062, "answers": ["Paragraph 6"], "response": "Paragraph 28"}
{"cache_time": 1.9370239973068237, "response_time": 2481.455108642578, "answers": ["Paragraph 2"], "response": "Paragraph 2."}
{"cache_time": 3.043839931488037, "response_time": 2688.9144592285156, "answers": ["Paragraph 5"], "response": "Paragraph 30"}
{"cache_time": 2.2650880813598633, "response_time": 2936.7203521728516, "answers": ["Paragraph 12"], "response": "Paragraph 29"}
{"cache_time": 2.8873279094696045, "response_time": 2786.6265869140625, "answers": ["Paragraph 12"], "response": "Paragraph 29"}
{"cache_time": 2.175424098968506, "response_time": 2335.0261993408203, "answers": ["Paragraph 8"], "response": "Paragraph 30."}
{"cache_time": 2.2523839473724365, "response_time": 2360.1602478027344, "answers": ["Paragraph 20"], "response": "Paragraph 30."}
{"cache_time": 4.322656154632568, "response_time": 2692.390899658203, "answers": ["Paragraph 25"], "response": "Paragraph 30"}
{"cache_time": 2.4303998947143555, "response_time": 2733.9038696289062, "answers": ["Paragraph 23"], "response": "Paragraph 28"}
{"cache_time": 2.896224021911621, "response_time": 2594.5569610595703, "answers": ["Paragraph 30"], "response": "Paragraph 29"}
{"cache_time": 2.6579840183258057, "response_time": 2346.3168029785156, "answers": ["Paragraph 7"], "response": "Paragraph 27."}
{"cache_time": 2.379744052886963, "response_time": 2727.3502655029297, "answers": ["Paragraph 10"], "response": "Paragraph 29."}
{"cache_time": 3.035167932510376, "response_time": 2438.6754150390625, "answers": ["Paragraph 30"], "response": "Paragraph 29."}
{"cache_time": 2.1755518913269043, "response_time": 2987.5987854003906, "answers": ["Paragraph 9"], "response": "Paragraph 30."}
{"cache_time": 2.4735679626464844, "response_time": 2702.149658203125, "answers": ["Paragraph 17"], "response": "Paragraph 29."}
{"cache_time": 2.595583915710449, "response_time": 2557.5485229492188, "answers": ["Paragraph 30"], "response": "Paragraph 29"}
{"cache_time": 4.825088024139404, "response_time": 2534.719467163086, "answers": ["Paragraph 10"], "response": "Paragraph 3"}
{"cache_time": 2.8416318893432617, "response_time": 2758.1429290771484, "answers": ["Paragraph 26"], "response": "Paragraph 29"}
{"cache_time": 2.378943920135498, "response_time": 6874.19596862793, "answers": ["Paragraph 27"], "response": "Paragraph 27\n\nThe text discusses the debate among watch experts about the accuracy and value of tourbillons in modern mechanical"}
{"cache_time": 2.2417280673980713, "response_time": 4793.092086791992, "answers": ["Paragraph 26"], "response": "Paragraph 30.\n\nThe abstract is from paragraph 30."}
{"cache_time": 2.594048023223877, "response_time": 2757.368881225586, "answers": ["Paragraph 8"], "response": "Paragraph 29"}
{"cache_time": 2.9286398887634277, "response_time": 2997.500946044922, "answers": ["Paragraph 30"], "response": "Paragraph 29."}
{"cache_time": 2.7009921073913574, "response_time": 2516.0724487304688, "answers": ["Paragraph 13"], "response": "Paragraph 5."}
{"cache_time": 2.395456075668335, "response_time": 2362.2840728759766, "answers": ["Paragraph 12"], "response": "Paragraph 30."}
{"cache_time": 4.0764479637146, "response_time": 4907.853866577148, "answers": ["Paragraph 24"], "response": "Paragraph 28.\n\nIs there anything else you need help with?"}
{"cache_time": 2.868864059448242, "response_time": 4709.274597167969, "answers": ["Paragraph 6"], "response": "Paragraph 27\n\nThe abstract is from paragraph 27."}
{"cache_time": 2.928607940673828, "response_time": 2546.530258178711, "answers": ["Paragraph 24"], "response": "Paragraph 27"}
{"cache_time": 2.6856958866119385, "response_time": 2562.7023010253906, "answers": ["Paragraph 25"], "response": "Paragraph 29"}
{"cache_time": 2.3760640621185303, "response_time": 2413.2935943603516, "answers": ["Paragraph 24"], "response": "Paragraph 30."}
{"cache_time": 2.5445759296417236, "response_time": 2370.2159423828125, "answers": ["Paragraph 1"], "response": "Paragraph 30."}
{"cache_time": 2.863584041595459, "response_time": 2741.286895751953, "answers": ["Paragraph 25"], "response": "Paragraph 10"}
{"cache_time": 2.3935999870300293, "response_time": 2505.2191162109375, "answers": ["Paragraph 2"], "response": "Paragraph 2."}
{"cache_time": 2.0151360034942627, "response_time": 2727.1280212402344, "answers": ["Paragraph 27"], "response": "Paragraph 27"}
{"cache_time": 2.9964160919189453, "response_time": 4257.840148925781, "answers": ["Paragraph 4"], "response": "Paragraph 3.\n\nThe abstract is from paragraph 3."}
