{"cache_time": 2297.619384765625, "response_time": 1313.1622619628906, "answers": ["Paragraph 15"], "response": "Paragraph 28."}
{"cache_time": 2227.287841796875, "response_time": 1321.3235168457031, "answers": ["Paragraph 8"], "response": "Paragraph 29."}
{"cache_time": 3064.63427734375, "response_time": 1421.4799346923828, "answers": ["Paragraph 18"], "response": "Paragraph 1"}
{"cache_time": 2249.090576171875, "response_time": 1339.219955444336, "answers": ["Paragraph 17"], "response": "Paragraph 30."}
{"cache_time": 3949.3740234375, "response_time": 1469.3611297607422, "answers": ["Paragraph 14"], "response": "Paragraph 29"}
{"cache_time": 2949.16259765625, "response_time": 1577.749526977539, "answers": ["Paragraph 3"], "response": "Paragraph 29"}
{"cache_time": 2199.406494140625, "response_time": 3047.060501098633, "answers": ["Paragraph 24"], "response": "Paragraph 30. The abstract is the last paragraph of the text."}
{"cache_time": 2357.25927734375, "response_time": 1704.9374542236328, "answers": ["Paragraph 27"], "response": "Paragraph 29."}
{"cache_time": 2280.457275390625, "response_time": 1704.2329559326172, "answers": ["Paragraph 30"], "response": "Paragraph 30."}
{"cache_time": 2181.216064453125, "response_time": 1653.0974731445312, "answers": ["Paragraph 12"], "response": "Paragraph 30."}
{"cache_time": 3800.122802734375, "response_time": 1508.8035888671875, "answers": ["Paragraph 22"], "response": "Paragraph 28"}
{"cache_time": 2238.812744140625, "response_time": 1359.3896942138672, "answers": ["Paragraph 30"], "response": "Paragraph 29."}
{"cache_time": 3113.95458984375, "response_time": 1530.5226135253906, "answers": ["Paragraph 24"], "response": "Paragraph 28"}
{"cache_time": 2261.470947265625, "response_time": 1700.769790649414, "answers": ["Paragraph 19"], "response": "Paragraph 30."}
{"cache_time": 2296.934814453125, "response_time": 1154.7258605957031, "answers": ["Paragraph 3"], "response": "Paragraph 29"}
{"cache_time": 2830.7900390625, "response_time": 1599.656982421875, "answers": ["Paragraph 8"], "response": "Paragraph 29"}
{"cache_time": 2228.281005859375, "response_time": 1573.4661407470703, "answers": ["Paragraph 3"], "response": "Paragraph 30"}
{"cache_time": 2147.827392578125, "response_time": 1537.6148529052734, "answers": ["Paragraph 17"], "response": "Paragraph 28"}
{"cache_time": 3330.487060546875, "response_time": 1770.6680450439453, "answers": ["Paragraph 4"], "response": "Paragraph 28."}
{"cache_time": 2173.0546875, "response_time": 1337.439224243164, "answers": ["Paragraph 3"], "response": "Paragraph 30."}
{"cache_time": 3409.8125, "response_time": 1346.3408508300781, "answers": ["Paragraph 24"], "response": "Paragraph 29."}
{"cache_time": 2197.45166015625, "response_time": 1339.2046203613281, "answers": ["Paragraph 2"], "response": "Paragraph 29."}
{"cache_time": 2339.182861328125, "response_time": 1550.108657836914, "answers": ["Paragraph 6"], "response": "Paragraph 29"}
{"cache_time": 2516.498046875, "response_time": 1838.1260528564453, "answers": ["Paragraph 12"], "response": "Paragraph 29."}
{"cache_time": 2424.304443359375, "response_time": 1682.6316680908203, "answers": ["Paragraph 24"], "response": "Paragraph 29."}
{"cache_time": 4163.3212890625, "response_time": 1609.9481658935547, "answers": ["Paragraph 30"], "response": "Paragraph 30"}
{"cache_time": 2221.375244140625, "response_time": 1710.0820770263672, "answers": ["Paragraph 1"], "response": "Paragraph 28."}
{"cache_time": 2456.958251953125, "response_time": 1580.2357635498047, "answers": ["Paragraph 6"], "response": "Paragraph 28"}
{"cache_time": 2318.345458984375, "response_time": 1339.3602447509766, "answers": ["Paragraph 8"], "response": "Paragraph 30."}
{"cache_time": 3850.3291015625, "response_time": 1510.2382202148438, "answers": ["Paragraph 3"], "response": "Paragraph 29"}
{"cache_time": 3432.322998046875, "response_time": 1491.2635040283203, "answers": ["Paragraph 1"], "response": "Paragraph 3."}
{"cache_time": 2216.733642578125, "response_time": 1666.6972198486328, "answers": ["Paragraph 25"], "response": "Paragraph 29."}
{"cache_time": 2103.337646484375, "response_time": 1354.203140258789, "answers": ["Paragraph 19"], "response": "Paragraph 29."}
{"cache_time": 3093.95751953125, "response_time": 1634.6183776855469, "answers": ["Paragraph 22"], "response": "Paragraph 29"}
{"cache_time": 2656.5712890625, "response_time": 1592.7521667480469, "answers": ["Paragraph 5"], "response": "Paragraph 28"}
{"cache_time": 2224.24365234375, "response_time": 1512.6670989990234, "answers": ["Paragraph 15"], "response": "Paragraph 29"}
{"cache_time": 3604.08837890625, "response_time": 1699.9782104492188, "answers": ["Paragraph 28"], "response": "Paragraph 29."}
{"cache_time": 2193.90478515625, "response_time": 5484.2900390625, "answers": ["Paragraph 5"], "response": "Paragraph 10. \n\nThe abstract is from paragraph 10, which is about Mount Gay Rum and its history."}
{"cache_time": 2251.10400390625, "response_time": 1706.5686950683594, "answers": ["Paragraph 30"], "response": "Paragraph 29."}
{"cache_time": 2197.617431640625, "response_time": 1336.6128692626953, "answers": ["Paragraph 6"], "response": "Paragraph 1"}
{"cache_time": 2520.10107421875, "response_time": 1225.6993255615234, "answers": ["Paragraph 12"], "response": "Paragraph 29"}
{"cache_time": 2227.080078125, "response_time": 1532.3709564208984, "answers": ["Paragraph 26"], "response": "Paragraph 29"}
{"cache_time": 2299.8916015625, "response_time": 1482.4816436767578, "answers": ["Paragraph 30"], "response": "Paragraph 30"}
{"cache_time": 3775.7880859375, "response_time": 1527.8161926269531, "answers": ["Paragraph 6"], "response": "Paragraph 29"}
{"cache_time": 2974.648681640625, "response_time": 1569.4346466064453, "answers": ["Paragraph 12"], "response": "Paragraph 29"}
{"cache_time": 2332.0791015625, "response_time": 1678.783462524414, "answers": ["Paragraph 23"], "response": "Paragraph 30."}
{"cache_time": 3082.5634765625, "response_time": 3321.7403259277344, "answers": ["Paragraph 17"], "response": "Paragraph 30. The abstract is from the last paragraph of the text."}
{"cache_time": 2848.854248046875, "response_time": 4550.450164794922, "answers": ["Paragraph 1"], "response": "Paragraph 10.\n\nThe abstract is from the 10th paragraph of the text."}
{"cache_time": 2251.0390625, "response_time": 1491.9454498291016, "answers": ["Paragraph 27"], "response": "Paragraph 28"}
{"cache_time": 2186.3759765625, "response_time": 1374.2192687988281, "answers": ["Paragraph 21"], "response": "Paragraph 29."}
{"cache_time": 2184.871337890625, "response_time": 1691.5793762207031, "answers": ["Paragraph 27"], "response": "Paragraph 29."}
{"cache_time": 2857.82275390625, "response_time": 1335.1342163085938, "answers": ["Paragraph 29"], "response": "Paragraph 30."}
{"cache_time": 2128.9794921875, "response_time": 1487.3108367919922, "answers": ["Paragraph 28"], "response": "Paragraph 29"}
{"cache_time": 2135.450927734375, "response_time": 1719.799819946289, "answers": ["Paragraph 7"], "response": "Paragraph 29."}
{"cache_time": 3044.33544921875, "response_time": 1412.5783233642578, "answers": ["Paragraph 15"], "response": "Paragraph 29."}
{"cache_time": 2263.889404296875, "response_time": 1530.5164794921875, "answers": ["Paragraph 22"], "response": "Paragraph 29"}
{"cache_time": 3662.883544921875, "response_time": 1520.1617584228516, "answers": ["Paragraph 16"], "response": "Paragraph 29"}
{"cache_time": 3781.26171875, "response_time": 1688.864761352539, "answers": ["Paragraph 14"], "response": "Paragraph 29."}
{"cache_time": 2208.3916015625, "response_time": 1318.75634765625, "answers": ["Paragraph 29"], "response": "Paragraph 30."}
{"cache_time": 2500.379150390625, "response_time": 3590.2218017578125, "answers": ["Paragraph 19"], "response": "Paragraph 28.\n\nThe abstract is from paragraph 28."}
{"cache_time": 4029.573486328125, "response_time": 1484.8921661376953, "answers": ["Paragraph 28"], "response": "Paragraph 30"}
{"cache_time": 2152.282958984375, "response_time": 1292.7918090820312, "answers": ["Paragraph 26"], "response": "Paragraph 3"}
{"cache_time": 2970.10595703125, "response_time": 1176.290283203125, "answers": ["Paragraph 1"], "response": "Paragraph 1."}
{"cache_time": 2275.777587890625, "response_time": 1510.8730773925781, "answers": ["Paragraph 10"], "response": "Paragraph 29"}
{"cache_time": 2305.304443359375, "response_time": 1143.9185638427734, "answers": ["Paragraph 8"], "response": "Paragraph 29"}
{"cache_time": 3026.62939453125, "response_time": 1304.3998565673828, "answers": ["Paragraph 3"], "response": "Paragraph 3"}
{"cache_time": 2139.8505859375, "response_time": 1299.6935729980469, "answers": ["Paragraph 27"], "response": "Paragraph 28."}
{"cache_time": 2228.167724609375, "response_time": 1686.7768096923828, "answers": ["Paragraph 15"], "response": "Paragraph 30."}
{"cache_time": 3002.6923828125, "response_time": 1613.3468017578125, "answers": ["Paragraph 21"], "response": "Paragraph 29"}
{"cache_time": 2313.658447265625, "response_time": 1509.575698852539, "answers": ["Paragraph 28"], "response": "Paragraph 29"}
{"cache_time": 3236.27099609375, "response_time": 4145.735687255859, "answers": ["Paragraph 5"], "response": "Paragraph 29.\n\nThe abstract is from paragraph 29 of the text."}
{"cache_time": 3427.44775390625, "response_time": 1361.9363555908203, "answers": ["Paragraph 9"], "response": "Paragraph 29."}
{"cache_time": 2294.49658203125, "response_time": 1497.7013702392578, "answers": ["Paragraph 20"], "response": "Paragraph 29"}
{"cache_time": 2263.384521484375, "response_time": 1716.4605102539062, "answers": ["Paragraph 15"], "response": "Paragraph 28."}
{"cache_time": 3717.42138671875, "response_time": 1557.959701538086, "answers": ["Paragraph 6"], "response": "Paragraph 28"}
{"cache_time": 2699.02294921875, "response_time": 1567.1213989257812, "answers": ["Paragraph 23"], "response": "Paragraph 28"}
{"cache_time": 2204.067138671875, "response_time": 1467.9265441894531, "answers": ["Paragraph 26"], "response": "Paragraph 29"}
{"cache_time": 3701.578369140625, "response_time": 1307.561996459961, "answers": ["Paragraph 18"], "response": "Paragraph 5"}
{"cache_time": 2656.223388671875, "response_time": 1730.0777130126953, "answers": ["Paragraph 11"], "response": "Paragraph 10."}
{"cache_time": 2171.855224609375, "response_time": 1466.603530883789, "answers": ["Paragraph 18"], "response": "Paragraph 29"}
{"cache_time": 3841.689453125, "response_time": 1180.61669921875, "answers": ["Paragraph 7"], "response": "Paragraph 30"}
{"cache_time": 2262.016845703125, "response_time": 1536.2508697509766, "answers": ["Paragraph 24"], "response": "Paragraph 29"}
{"cache_time": 2612.3583984375, "response_time": 1358.8551635742188, "answers": ["Paragraph 23"], "response": "Paragraph 13."}
{"cache_time": 2482.707763671875, "response_time": 1688.2810821533203, "answers": ["Paragraph 27"], "response": "Paragraph 28."}
{"cache_time": 2156.793701171875, "response_time": 1566.4261322021484, "answers": ["Paragraph 18"], "response": "Paragraph 29"}
{"cache_time": 2223.4501953125, "response_time": 1634.4412231445312, "answers": ["Paragraph 28"], "response": "Paragraph 28."}
{"cache_time": 2218.493896484375, "response_time": 1299.2153778076172, "answers": ["Paragraph 3"], "response": "Paragraph 3"}
{"cache_time": 2293.927978515625, "response_time": 1758.550048828125, "answers": ["Paragraph 5"], "response": "Paragraph 29."}
{"cache_time": 2354.745849609375, "response_time": 1556.3571319580078, "answers": ["Paragraph 27"], "response": "Paragraph 29"}
{"cache_time": 2202.216552734375, "response_time": 1310.9729309082031, "answers": ["Paragraph 24"], "response": "Paragraph 30."}
{"cache_time": 2603.470703125, "response_time": 1517.4952850341797, "answers": ["Paragraph 29"], "response": "Paragraph 30"}
{"cache_time": 2475.302001953125, "response_time": 1548.938247680664, "answers": ["Paragraph 23"], "response": "Paragraph 29"}
{"cache_time": 2252.133544921875, "response_time": 1659.8231201171875, "answers": ["Paragraph 17"], "response": "Paragraph 28."}
{"cache_time": 2475.246337890625, "response_time": 1479.3615417480469, "answers": ["Paragraph 16"], "response": "Paragraph 29"}
{"cache_time": 3368.885498046875, "response_time": 1491.0105590820312, "answers": ["Paragraph 18"], "response": "Paragraph 29"}
{"cache_time": 3453.741455078125, "response_time": 1140.2055969238281, "answers": ["Paragraph 13"], "response": "Paragraph 30"}
{"cache_time": 2147.90283203125, "response_time": 1465.4218292236328, "answers": ["Paragraph 20"], "response": "Paragraph 29"}
{"cache_time": 2593.8076171875, "response_time": 5730.776077270508, "answers": ["Paragraph 18"], "response": "Paragraph 11.\n\nHere is the abstract:\n\nThe following is an abstract.\n\nIn the 19th century"}
{"cache_time": 2345.53076171875, "response_time": 1651.542007446289, "answers": ["Paragraph 23"], "response": "Paragraph 30."}
{"cache_time": 2640.97412109375, "response_time": 1624.9333801269531, "answers": ["Paragraph 19"], "response": "Paragraph 28"}
{"cache_time": 2255.260498046875, "response_time": 1722.4079284667969, "answers": ["Paragraph 19"], "response": "Paragraph 29."}
{"cache_time": 3660.573974609375, "response_time": 1537.9036102294922, "answers": ["Paragraph 30"], "response": "Paragraph 29"}
{"cache_time": 2184.407958984375, "response_time": 1491.662841796875, "answers": ["Paragraph 13"], "response": "Paragraph 29"}
{"cache_time": 2422.049560546875, "response_time": 1493.3677978515625, "answers": ["Paragraph 9"], "response": "Paragraph 29"}
{"cache_time": 2200.526611328125, "response_time": 1496.9702606201172, "answers": ["Paragraph 22"], "response": "Paragraph 30"}
{"cache_time": 2143.50537109375, "response_time": 1334.8935852050781, "answers": ["Paragraph 11"], "response": "Paragraph 2"}
{"cache_time": 3047.59912109375, "response_time": 1539.8195343017578, "answers": ["Paragraph 3"], "response": "Paragraph 29"}
{"cache_time": 2256.345947265625, "response_time": 4543.560699462891, "answers": ["Paragraph 12"], "response": "Paragraph 29.\n\nThe abstract is from the 29th paragraph of the text."}
{"cache_time": 3864.658935546875, "response_time": 1498.387435913086, "answers": ["Paragraph 10"], "response": "Paragraph 30"}
{"cache_time": 2174.832763671875, "response_time": 1723.6356964111328, "answers": ["Paragraph 3"], "response": "Paragraph 28."}
{"cache_time": 2160.142578125, "response_time": 1473.7950592041016, "answers": ["Paragraph 10"], "response": "Paragraph 29"}
{"cache_time": 3089.164794921875, "response_time": 1610.6127624511719, "answers": ["Paragraph 2"], "response": "Paragraph 29"}
{"cache_time": 2133.968017578125, "response_time": 1139.5583801269531, "answers": ["Paragraph 27"], "response": "Paragraph 29"}
{"cache_time": 3254.545654296875, "response_time": 1355.593734741211, "answers": ["Paragraph 7"], "response": "Paragraph 3"}
{"cache_time": 2307.721435546875, "response_time": 1670.4256134033203, "answers": ["Paragraph 20"], "response": "Paragraph 30."}
{"cache_time": 2963.539306640625, "response_time": 1509.0810852050781, "answers": ["Paragraph 25"], "response": "Paragraph 15"}
{"cache_time": 3686.89990234375, "response_time": 1631.0609893798828, "answers": ["Paragraph 30"], "response": "Paragraph 30."}
{"cache_time": 2189.781494140625, "response_time": 1350.4593963623047, "answers": ["Paragraph 9"], "response": "Paragraph 28."}
{"cache_time": 2167.994140625, "response_time": 981.4394989013672, "answers": ["Paragraph 14"], "response": "Paragraph 1"}
{"cache_time": 2419.275146484375, "response_time": 1157.9453125, "answers": ["Paragraph 8"], "response": "Paragraph 29"}
{"cache_time": 3041.59423828125, "response_time": 1542.7276611328125, "answers": ["Paragraph 8"], "response": "Paragraph 30"}
{"cache_time": 2214.45361328125, "response_time": 1513.1412658691406, "answers": ["Paragraph 19"], "response": "Paragraph 29"}
{"cache_time": 3270.843994140625, "response_time": 1327.7153015136719, "answers": ["Paragraph 22"], "response": "Paragraph 1"}
{"cache_time": 3589.2490234375, "response_time": 1347.3955688476562, "answers": ["Paragraph 1"], "response": "Paragraph 30."}
{"cache_time": 2197.71533203125, "response_time": 1467.3090362548828, "answers": ["Paragraph 7"], "response": "Paragraph 29"}
{"cache_time": 2755.13232421875, "response_time": 1337.0111999511719, "answers": ["Paragraph 7"], "response": "Paragraph 30."}
{"cache_time": 2149.772705078125, "response_time": 1708.6545867919922, "answers": ["Paragraph 28"], "response": "Paragraph 29."}
{"cache_time": 2179.53759765625, "response_time": 1521.0291290283203, "answers": ["Paragraph 11"], "response": "Paragraph 1."}
{"cache_time": 2234.695068359375, "response_time": 1636.9899597167969, "answers": ["Paragraph 18"], "response": "Paragraph 28."}
{"cache_time": 3928.3369140625, "response_time": 1519.6333923339844, "answers": ["Paragraph 9"], "response": "Paragraph 29"}
{"cache_time": 2125.61572265625, "response_time": 1154.9982452392578, "answers": ["Paragraph 16"], "response": "Paragraph 29"}
{"cache_time": 2889.9306640625, "response_time": 1451.0366668701172, "answers": ["Paragraph 8"], "response": "Paragraph 10"}
{"cache_time": 2154.49169921875, "response_time": 1514.8994750976562, "answers": ["Paragraph 27"], "response": "Paragraph 17"}
{"cache_time": 2264.5849609375, "response_time": 1327.4194030761719, "answers": ["Paragraph 7"], "response": "Paragraph 30."}
{"cache_time": 2498.9189453125, "response_time": 1557.7722778320312, "answers": ["Paragraph 26"], "response": "Paragraph 29"}
{"cache_time": 2370.277099609375, "response_time": 3644.6412963867188, "answers": ["Paragraph 24"], "response": "Paragraph 28.\n\nThe abstract is from paragraph 28."}
{"cache_time": 2233.795166015625, "response_time": 1496.9559173583984, "answers": ["Paragraph 20"], "response": "Paragraph 28"}
{"cache_time": 2182.506103515625, "response_time": 1546.518539428711, "answers": ["Paragraph 29"], "response": "Paragraph 29"}
{"cache_time": 3496.289306640625, "response_time": 1487.4337158203125, "answers": ["Paragraph 28"], "response": "Paragraph 29"}
{"cache_time": 2290.966064453125, "response_time": 1649.6199951171875, "answers": ["Paragraph 6"], "response": "Paragraph 30."}
{"cache_time": 2888.01318359375, "response_time": 1527.8100280761719, "answers": ["Paragraph 1"], "response": "Paragraph 29"}
{"cache_time": 3566.6875, "response_time": 1558.6283721923828, "answers": ["Paragraph 4"], "response": "Paragraph 29"}
{"cache_time": 2239.39794921875, "response_time": 5756.884994506836, "answers": ["Paragraph 29"], "response": "Paragraph 28.\n\nThe abstract is: The text describes various conflicts and events in the world of Osman Bey, the founder of the Ott"}
{"cache_time": 2296.121337890625, "response_time": 1656.5995635986328, "answers": ["Paragraph 11"], "response": "Paragraph 15."}
{"cache_time": 2595.55908203125, "response_time": 1520.7055358886719, "answers": ["Paragraph 7"], "response": "Paragraph 28"}
{"cache_time": 2653.678466796875, "response_time": 1605.1507415771484, "answers": ["Paragraph 22"], "response": "Paragraph 29"}
{"cache_time": 2261.94482421875, "response_time": 1518.4681243896484, "answers": ["Paragraph 8"], "response": "Paragraph 29"}
{"cache_time": 2276.60986328125, "response_time": 1674.1806182861328, "answers": ["Paragraph 28"], "response": "Paragraph 29."}
{"cache_time": 3798.619140625, "response_time": 1503.635482788086, "answers": ["Paragraph 23"], "response": "Paragraph 29"}
{"cache_time": 2215.83740234375, "response_time": 1701.9084930419922, "answers": ["Paragraph 8"], "response": "Paragraph 28."}
{"cache_time": 2253.691162109375, "response_time": 1146.4304504394531, "answers": ["Paragraph 11"], "response": "Paragraph 29"}
{"cache_time": 2299.861083984375, "response_time": 1391.2760467529297, "answers": ["Paragraph 28"], "response": "Paragraph 29."}
{"cache_time": 2251.501220703125, "response_time": 1426.344970703125, "answers": ["Paragraph 16"], "response": "Paragraph 30."}
{"cache_time": 2200.2138671875, "response_time": 1317.5469970703125, "answers": ["Paragraph 2"], "response": "Paragraph 3"}
{"cache_time": 3274.8095703125, "response_time": 1415.7701110839844, "answers": ["Paragraph 1"], "response": "Paragraph 1"}
{"cache_time": 2233.40869140625, "response_time": 1353.322494506836, "answers": ["Paragraph 2"], "response": "Paragraph 18."}
{"cache_time": 3533.6572265625, "response_time": 1519.1265411376953, "answers": ["Paragraph 28"], "response": "Paragraph 29"}
{"cache_time": 2263.19384765625, "response_time": 1326.4517211914062, "answers": ["Paragraph 7"], "response": "Paragraph 2"}
{"cache_time": 2209.579345703125, "response_time": 1544.5083923339844, "answers": ["Paragraph 27"], "response": "Paragraph 29"}
{"cache_time": 2733.342041015625, "response_time": 1546.9588470458984, "answers": ["Paragraph 16"], "response": "Paragraph 27"}
{"cache_time": 2335.82373046875, "response_time": 1306.2266998291016, "answers": ["Paragraph 1"], "response": "Paragraph 2"}
{"cache_time": 3714.855712890625, "response_time": 1315.0873718261719, "answers": ["Paragraph 26"], "response": "Paragraph 2"}
{"cache_time": 2253.150146484375, "response_time": 1504.105453491211, "answers": ["Paragraph 6"], "response": "Paragraph 30"}
{"cache_time": 2708.49951171875, "response_time": 1306.6014709472656, "answers": ["Paragraph 15"], "response": "Paragraph 30."}
{"cache_time": 2246.62841796875, "response_time": 1719.2007446289062, "answers": ["Paragraph 14"], "response": "Paragraph 30."}
{"cache_time": 2323.884521484375, "response_time": 1311.5750427246094, "answers": ["Paragraph 25"], "response": "Paragraph 1"}
{"cache_time": 3008.3623046875, "response_time": 1550.4670715332031, "answers": ["Paragraph 6"], "response": "Paragraph 29"}
{"cache_time": 2259.156494140625, "response_time": 1258.5308074951172, "answers": ["Paragraph 2"], "response": "Paragraph 3"}
{"cache_time": 3519.68212890625, "response_time": 1425.4520111083984, "answers": ["Paragraph 5"], "response": "Paragraph 29."}
{"cache_time": 2184.984619140625, "response_time": 1339.6981811523438, "answers": ["Paragraph 12"], "response": "Paragraph 11."}
{"cache_time": 2168.43701171875, "response_time": 1370.6659851074219, "answers": ["Paragraph 12"], "response": "Paragraph 29."}
{"cache_time": 3563.397705078125, "response_time": 1502.5254364013672, "answers": ["Paragraph 8"], "response": "Paragraph 30"}
{"cache_time": 2230.123779296875, "response_time": 1692.61669921875, "answers": ["Paragraph 20"], "response": "Paragraph 29."}
{"cache_time": 2276.25390625, "response_time": 3152.9236450195312, "answers": ["Paragraph 25"], "response": "Paragraph 2\n\nThe abstract is from Paragraph 2."}
{"cache_time": 3133.126953125, "response_time": 1168.8816833496094, "answers": ["Paragraph 23"], "response": "Paragraph 30"}
{"cache_time": 2481.899658203125, "response_time": 1608.342514038086, "answers": ["Paragraph 30"], "response": "Paragraph 30"}
{"cache_time": 2284.6005859375, "response_time": 5104.494567871094, "answers": ["Paragraph 7"], "response": "Paragraph 1.\n\nThe text is an abstract, and the paragraph numbers do not match the content of the text."}
{"cache_time": 2255.59521484375, "response_time": 1297.97119140625, "answers": ["Paragraph 10"], "response": "Paragraph 30."}
{"cache_time": 2256.2880859375, "response_time": 1544.2452545166016, "answers": ["Paragraph 30"], "response": "Paragraph 30"}
{"cache_time": 2357.299072265625, "response_time": 1530.2911987304688, "answers": ["Paragraph 9"], "response": "Paragraph 28"}
{"cache_time": 2321.428955078125, "response_time": 1512.2135162353516, "answers": ["Paragraph 17"], "response": "Paragraph 30"}
{"cache_time": 3665.46240234375, "response_time": 5388.802062988281, "answers": ["Paragraph 30"], "response": "Paragraph 29.\n\nPlease let me know if you would like me to read and summarize any other paragraphs."}
{"cache_time": 3243.6630859375, "response_time": 1197.4502410888672, "answers": ["Paragraph 10"], "response": "Paragraph 30"}
{"cache_time": 2324.640380859375, "response_time": 3359.2432556152344, "answers": ["Paragraph 26"], "response": "Paragraph 10.\n\nThe abstract is from paragraph 10."}
{"cache_time": 2247.657958984375, "response_time": 3605.966827392578, "answers": ["Paragraph 27"], "response": "Paragraph 28.\n\nThe abstract is from paragraph 28."}
{"cache_time": 2138.13232421875, "response_time": 1310.856185913086, "answers": ["Paragraph 26"], "response": "Paragraph 29."}
{"cache_time": 2187.83349609375, "response_time": 1706.80419921875, "answers": ["Paragraph 8"], "response": "Paragraph 29."}
{"cache_time": 2208.044677734375, "response_time": 1369.1576232910156, "answers": ["Paragraph 30"], "response": "Paragraph 29."}
{"cache_time": 2231.771728515625, "response_time": 3256.922073364258, "answers": ["Paragraph 13"], "response": "Paragraph 3.\n\nThe abstract is from paragraph 3."}
{"cache_time": 2128.640380859375, "response_time": 1707.0366821289062, "answers": ["Paragraph 12"], "response": "Paragraph 30."}
{"cache_time": 2217.189208984375, "response_time": 1712.4413299560547, "answers": ["Paragraph 24"], "response": "Paragraph 28."}
{"cache_time": 2089.7646484375, "response_time": 1708.3228149414062, "answers": ["Paragraph 6"], "response": "Paragraph 30."}
{"cache_time": 2112.982666015625, "response_time": 1681.095687866211, "answers": ["Paragraph 24"], "response": "Paragraph 28."}
{"cache_time": 2105.512451171875, "response_time": 1329.9537811279297, "answers": ["Paragraph 25"], "response": "Paragraph 29."}
{"cache_time": 1798.357177734375, "response_time": 1678.5285034179688, "answers": ["Paragraph 24"], "response": "Paragraph 30."}
{"cache_time": 2130.6240234375, "response_time": 1641.5784759521484, "answers": ["Paragraph 1"], "response": "Paragraph 18."}
{"cache_time": 2153.7294921875, "response_time": 1362.7975769042969, "answers": ["Paragraph 25"], "response": "Paragraph 27."}
{"cache_time": 2186.031982421875, "response_time": 4007.1690216064453, "answers": ["Paragraph 2"], "response": "Paragraph 2.\n\nPlease note that the abstract is the third paragraph in the text you provided."}
{"cache_time": 2148.60986328125, "response_time": 1637.3371124267578, "answers": ["Paragraph 27"], "response": "Paragraph 29."}
{"cache_time": 2140.144287109375, "response_time": 1527.0635528564453, "answers": ["Paragraph 4"], "response": "Paragraph 29"}
