{"cache_time": 2.9971840381622314, "response_time": 1963.8619995117188, "answers": ["The United States of America", "United States Of Amerca", "Us of a", "U.\u2013S.\u2013A.", "Americaland", "United States (U.S.A.)", "Amurika", "Unite states of america", "United States of America (redirect)", "The U S A", "Unietd States", "EE UU", "The U.S.A.", "U.-S.-A.", "Usa", "United Staets of America", "Unites States", "\u00c9tats-Unis d'Am\u00e9rique", "Verenigde State", "U.\u2013S.", "The United States of America.", "The U-S-A", "EEUU", "U. S. A.", "Nagkaisang mga Estado", "The U. S. of America", "The USA", "America (United States)", "The U. S. A.", "U S of America", "UNITED STATES", "Estados Unidos", "The U\u2013S", "American United States", "US and A", "Unitd states", "The US of A", "EE.UU.", "U-S", "The U-S", "Etymology of the United States", "U.S.A.)", "EE. UU.", "United states of america", "US of america", "Verenigde State van Amerika", "Nited States", "United-States", "Unite States", "Estados Unidos de Am\u00e9rica", "UnitedStates", "Estaos Unios", "US of America", "The Usa", "United states of America", "Untied States of America", "The U S of America", "THE AMERICAN UNITED STATES", "The United-States", "U S A", "AmericA", "Estados Unidos de America", "United states", "The U.S. of America", "Amerka", "United\u2013States", "U.s.a.", "United States of America", "United State of America", "United States (US)", "The U.S. of A", "America", "Amercia", "Stati Uniti d'America", "Los Estados Unidos de America", "United Stated", "U.S.", "United States (of America)", "United States", "States of America", "America-class", "Los Estados Unidos", "U,S,", "United States (country)", "Federal United States", "ISO 3166-1:US", "Untied States", "The U.\u2013S.\u2013A.", "VS America", "Amurica", "Etats-Unis d'Amerique", "US", "U.S. OF A", "USofA", "Etats-Unis", "U.S. of A", "United States of America (U.S.A.)", "Amarica", "The United States", "U-S-A", "United States/Introduction", "The Us", "Unitesd states", "The U S of A", "America class", "America magazine", "\u0627\u0644\u0648\u0644\u0627\u064a\u0627\u062a \u0627\u0644\u0645\u062a\u062d\u062f\u0629 \u0627\u0644\u0623\u0645\u0631\u064a\u0643\u064a\u0629", "The U. S. of A", "U S", "(USA)", "The United\u2013States", "United States (U.S.)", "U.-S.", "United States of America (USA)", "'merica", "The US", "United States of America.", "UNited States", "The U.S.", "AMERICA", "United States of America/OldPage", "United+States", "The U S", "United Sates", "THE UNITED STATES OF AMERICA", "U\u2013S\u2013A", "United States Of America", "U.S. of America", "U\u2013S", "Los Estados Unidos de Am\u00e9rica", "The U.-S.", "United sates", "The United States Of America", "America (country)", "United States of American", "United state of america", "The U.\u2013S.", "Amurka", "U. S. of A", "The U. S.", "United States America", "US of A", "\u00c9tats-Unis", "USoA", "USA", "Estaos Un\u00edos", "America, United States of", "U. S. of America", "U.S.American", "(US)", "The U\u2013S\u2013A", "U. S.", "U.S. America", "U.S. A", "Yankee land", "America (US)", "U.S", "America (United States of)", "US (country)", "UNITED STATES OF AMERICA", "U.S.A", "Estados unidos", "Americia", "The US of america", "Vereinigte Staaten", "US America", "These United States of America", "VS Amerika", "Name of the United States", "The united states of america", "Estatos Unitos", "America (USA)", "The U.-S.-A.", "United States of America/Introduction", "The US of America", "Americophile", "V.S. America", "U.S.A.", "U S of A", "V.S. Amerika", "United+States+of+America", "The Unites States of America"], "response": "The United States."}
{"cache_time": 2.7892160415649414, "response_time": 4408.9447021484375, "answers": ["The Black Eyed Peas", "Yesterday (The Black Eyed Peas song)", "Black Eyed Peas", "Instant def", "The Black-Eyed Peas", "The black eyed peas", "Black Eyed Peas (band)", "TBEP", "Roots to Fruits", "Black eyed peas (band)", "Black-Eyed Peas", "Black Eyed Peas, The", "Black Eyed peas (group)", "Black eyed pees", "BLACK EYED PEAS", "Black-eyed Peas", "Yesterday (The Black Eyed Peas)", "Black Eye Peas"], "response": "B. \"Evacuate The Dancefloor\" by Cascada."}
{"cache_time": 3.2974720001220703, "response_time": 2569.643035888672, "answers": ["55", "fifty-five"], "response": "Lake Placid"}
{"cache_time": 3.0562241077423096, "response_time": 2828.0391540527344, "answers": ["Vivaldi", "A.Vivaldi", "Antonio Lucio Vivaldi", "The Red Priest", "A. Vivaldi", "Prete Rosso", "Antonio Vivaldi", "Il Prete Rosso"], "response": "B) Vivaldi."}
{"cache_time": 3.113759994506836, "response_time": 2604.825653076172, "answers": ["Dartmoor National Park", "DARTMOOR", "Dartmoor National park", "Dartmoor", "Okehayes Nursery", "Dartymoor"], "response": "High Willhays"}
{"cache_time": 2.5919361114501953, "response_time": 2351.5862579345703, "answers": ["Chazer", "Piggeh", "Sus (genus)", "Pig", "Pigs", "\ud83d\udc37", "\ud83d\udc16", "\ud83d\udc3d"], "response": "Bodhr\u00e1n"}
{"cache_time": 2.5016961097717285, "response_time": 1960.664047241211, "answers": ["Fonticulus", "Fontanel", "Soft spot", "Fonticuli cranii", "Fontanell", "Fontanelle", "Depressed fontanelle", "Fontanelles", "FONTANELLE", "Soft spots", "Fonticuli", "Fontanels"], "response": "Bregma"}
{"cache_time": 2.644479990005493, "response_time": 6619.529235839844, "answers": ["Berkshire, England", "Highway, Berkshire", "Royal Country of Berkshire", "Berkshire", "Royal Berkshire", "County of Berkshire", "Royal County of Berkshire", "County of Berks"], "response": "B. Wellington College\n\nThe passage is describing Wellington College, a school in Berkshire, and its various attributes and qualities."}
{"cache_time": 2.5960640907287598, "response_time": 5739.204681396484, "answers": ["Alysian fields", "Elysian Fields", "Elysian Fields (disambiguation)", "The Elysian Fields", "Elysiane fields", "Elysian fields"], "response": "\"Mysterious Girl\"\n\nThe passage is a description of the Underworld in Greek mythology."}
{"cache_time": 2.7511041164398193, "response_time": 6981.837783813477, "answers": ["Ben hur", "Ben-Hur (film)", "Ben hurr", "Ben-hur", "Ben-Hur (disambiguation)", "Ben Hurr", "Ben-Hur", "Ben Hur"], "response": "* None of the above.\n\nThe passage is a review of the movie \"Ben-Hur\" and does not mention any of the options"}
{"cache_time": 2.583616018295288, "response_time": 6689.215484619141, "answers": ["Crystal Gayle discography", "Crystal Gayle", "Crystal gale"], "response": "Crystal Gayle\n\nExplanation:\n\nThe passage provides information about Crystal Gayle, including her speaking fee and booking"}
{"cache_time": 2.6494719982147217, "response_time": 2046.4568328857422, "answers": ["The End.", "The End (television)", "The End (book)", "The End", "The End (disambiguation)", "The END", "The End (album)", "The End(album)", "The End (Single)", "The End (band)", "The End (film)", "The End (song)", "The end"], "response": "FINE."}
{"cache_time": 2.699295997619629, "response_time": 2373.115936279297, "answers": ["Nadine Elizabeth Louise Coyle", "Outta My Mind", "Nadine Coyle discography", "NADINE COYLE", "Girl On the Loose", "Nadine Coyle"], "response": "Britain."}
{"cache_time": 3.06825590133667, "response_time": 2707.0873260498047, "answers": ["TL;DR", "Tl;dr", "Too long, didn't read", "TL-DR", "Too long; didn't read"], "response": "Domestic dogs."}
{"cache_time": 2.6525440216064453, "response_time": 6864.684066772461, "answers": ["Smert' Shpionam", "SMERSH", "\u0421\u041c\u0415\u0420\u0428", "Smersh", "NKVD Special Section"], "response": "JEFF BRIDGES.\n\nPassage:\n\nThe 2010 film stars JEFF BRIDGES"}
{"cache_time": 2.6370880603790283, "response_time": 1965.0294036865234, "answers": ["Baby Buggy", "Baby buggy"], "response": "Male issue."}
{"cache_time": 2.659712076187134, "response_time": 1961.7003784179688, "answers": ["Brighthelmstone", "UN/LOCODE:GBBSH", "Brighton music", "Brighton Ferry", "Brighton, UK", "Brighton, Sussex", "Mayor of Brighton", "Brighton, East Sussex", "Brighton Borough Council", "County Borough of Brighton", "Brighton, England", "Brighton"], "response": "Lord Olivier."}
{"cache_time": 1.9107520580291748, "response_time": 1946.877944946289, "answers": ["James bLUNT", "James blunt", "JAMES BLUNT", "Blunty", "James Blunt", "James Hillier Blount", "Blunt, James"], "response": "James Blunt"}
{"cache_time": 2.7336959838867188, "response_time": 2863.7706756591797, "answers": ["Court (volleyball)", "Volley ball", "Libero (volleyball)", "Serve (Volleyball)", "Spike (volleyball)", "Vollyball", "Spike (Volleyball)", "Outside hitter", "VolleyBall", "Volleyball dig", "Rally point system", "Indoor volleyball", "History of volleyball", "Volleyball", "\ud83c\udfd0", "V-ball", "Lebro", "High school volleyball", "Volley-Ball", "Volley Ball", "Setter (Volleyball)", "Mintonette", "Volleyball court", "VOLLEYBALL", "Serve (volleyball)", "Volleyball rules", "Volley-ball"], "response": "REDCURRANTS"}
{"cache_time": 2.718751907348633, "response_time": 1644.6249389648438, "answers": ["Orange (album)", "Orangeishness", "Orange (film)", "Orangishness", "Orangeishly", "Orangishly", "Orange", "Oranfe", "Orange (disambiguation)"], "response": "Orange."}
{"cache_time": 2.9123520851135254, "response_time": 4165.593017578125, "answers": ["Notable sufferers of parkinson's disease", "Symptoms of parkinson's disease", "Signs of parkinson's disease", "Parkinsons", "Pakinson's Disease", "Parkinson's", "Parkinsonism, primary", "Parkinston's disease", "Shaking Palsy", "Hypokinetic rigid syndrome", "Motor symptoms of Parkinson's disease", "Parkinson's disease and Diet", "Morbus Parkinson", "Motor symptoms parkinson's disease", "Parkinsonians", "Antiparkinsonism", "Shaking palsy", "Parkinson\u2019s", "Neuropsychiatric symptoms of parkinson's disease", "Epidemiology of parkinson's disease", "History of parkinson's disease", "Parkinson\u2019s Disease", "Parkinsons' disease", "Diagnosis of parkinson's disease", "Prognosis of parkinson's disease", "Parkinson disease", "Parkinsons Disease", "Traumatic Parkinson's", "Parkinson's disease research directions", "Parkinson's Disease", "Causes of parkinson's disease", "Research directions in parkinson's disease", "Parkinston\u2019s disease", "Parkinson's disease", "Parkinson\u2019s disease", "Pathophysiology of parkinson's disease", "Parkinsons' Disease", "Classification of parkinson's disease", "Parkinsons disease", "Parkinsonian tremor", "Research directions of parkinson's disease", "Paralysis agitans", "Parkinsonian tremors", "Genetic causes of parkinson's disease", "Parkinson facies"], "response": "B. There is no cure for Parkinson's disease."}
{"cache_time": 2.57260799407959, "response_time": 2673.865676879883, "answers": ["Birdman of Alcatrez", "Della Mae Jones", "The alcatraz bird man", "Robert Franklin Stroud", "Birdman Of Alcatraz", "Bird Man of Alcatraz", "Robert Stroud", "ROBERT STROUD", "The Birdman of Alcatraz", "Birdman of Alcatraz"], "response": "Birdman of Alcatraz."}
{"cache_time": 2.714816093444824, "response_time": 2504.488967895508, "answers": ["Zadok The Priest", "Zadok the Priest", "\"\"\"Zadok the Priest\"\"\"", "Zadoc the Priest", "Zadok the priest"], "response": "Yuppy Love"}
{"cache_time": 2.634943962097168, "response_time": 2577.3455657958984, "answers": ["Fedallah", "Timor Tim", "Dagoo", "Moby-Dick: Captain Ahab", "Moby Dick; or, The Whale", "Ahab's Wife, Or, The Star-Gazer", "Moby-dick", "Moby Dick: Captain Ahab", "Fast-Fish and Loose-Fish", "Tashtego", "Call me Ishmael", "Moby-Dick (character)", "Moby-Dick", "Moby-Dick; or, The White Whale", "Starbuck: Moby Dick", "Moby dick", "Moby-Dick; or, The Whale", "Moby Dick (Novel)", "Starbuck (Moby-Dick)", "Ahabian", "Moby Dick", "MobyDick", "Moby-Dick (novel)"], "response": "John Huston."}
{"cache_time": 2.6968960762023926, "response_time": 2302.7281494140625, "answers": ["Childe Harold's"], "response": "Thursday."}
{"cache_time": 2.849407911300659, "response_time": 3143.067596435547, "answers": ["Gordon Jackson (disambiguation)", "GORDON JACKSON", "Gordon Jackson", "Jackson, Gordon"], "response": "GORDON JACKSON."}
{"cache_time": 2.629472017288208, "response_time": 6898.709518432617, "answers": ["Spiced Rum", "Spiced rum", "Rum", "Gunpowder Rum", "Rum (beverage)", "White rum", "Jamaica Spirits", "Ca\u00f1a blanca", "Dark rum", "White Rum", "Cuban rum", "Jamaica Spirit", "Gold rum", "Cane spirit", "Light rum", "Black rum", "Rude rum", "Hard rum", "Overproof rum", "Coconut rum"], "response": "A.P. Wells.\nThe passage states that A.P. Wells won the gold medal in the 100 meters race at"}
{"cache_time": 2.677567958831787, "response_time": 2730.8267669677734, "answers": ["Trent", "Trent (disambiguation)", "TRENT"], "response": "Fyodor Dostoevsky"}
{"cache_time": 1.6460800170898438, "response_time": 1572.7943572998047, "answers": ["Domestic dogs", "Female dogs", "Canis familiaris", "Canis Familaris", "Canis familiaris domesticus", "Dogs (Animals)", "\ud83d\udc15", "She dog", "She-dog", "Dogs", "Doggy", "Canis familiarus domesticus", "Domestic dog", "Dogs as pets", "Dog (pet)", "Dog (Domestic)", "Pet dog", "She dogs", "Canis lupus familiaris", "Canine lupus", "Dog hood", "Shedog", "\ud83d\udc36", "The domestic dog clade", "A dog", "Canis domesticus", "Dogs as our pets", "Canis Canis", "Domestic Dog", "Canis Lupus Familiaris", "Doggie", "Dog", "C.l. familiaris", "Doggies", "A man's best friend", "Doghood", "Shedogs", "Bitch (female dog)", "She-dogs", "Dogness", "Bitch (dog)", "Female dog", "C. l. familiaris", "Shelter dog"], "response": "Dog."}
{"cache_time": 2.633471965789795, "response_time": 3171.6290130615234, "answers": ["Dakota", "Dakota (disambiguation)", "DakotaS"], "response": "Stereophonics - Dakota"}
{"cache_time": 2.2995519638061523, "response_time": 3074.481155395508, "answers": ["Chili Pepper", "Red Chili", "Hot peppers", "Red chile", "Red chili", "Chili (capsicum)", "Chili Peppers", "Chili pepper", "Chilli pepper", "Chillies", "Chilli (pepper)", "Chile peppers", "\ud83c\udf36", "Chili peppers", "Hot pepper", "Chilli", "Green chilies", "Dahon ng sili", "Red chillies", "Chilli peppers", "Chile pepper", "Chilly pepper", "Green chile", "Green chillies", "Red Chillies", "Gochoo", "Chile (capsicum)", "Green chili"], "response": "A type of chili pepper."}
{"cache_time": 2.7110400199890137, "response_time": 6550.113296508789, "answers": ["Basketball", "Basketball gear", "Bball", "Boy's Basketball", "B Ball", "Shoot hoops", "Basketball parity worldwide", "Men's Basketball", "High school basketball", "Basketball Worldwide", "Basketball club", "B-ball", "Basket-ball", "Basketball team", "\ud83c\udfc0", "Basketball rim", "Basketballer", "Rim (basketball)", "Basket ball", "Basketball net", "Baksetball", "Basketball player", "Basket-Ball", "Women's hoops", "Men's basketball", "BasketBall", "Basketball Parity Worldwide", "Basket Ball", "Baketball", "Basketball Player", "B ball", "Unicycle basketball"], "response": "Staffa.\n\nThe passage is: \"Fingal's Cave, Staffa, on the uninhabited island of Staffa,"}
{"cache_time": 2.7101120948791504, "response_time": 2079.763473510742, "answers": ["Holly Heston Rochell", "John Charles Carter", "Charleton Heston", "Charleston Heston", "Holly Rochell", "Chuck Heston", "Heston, Charlton", "Carlton Heston", "Holly Heston", "Charlton heston", "Charlton Heston"], "response": "Athena."}
{"cache_time": 3.488960027694702, "response_time": 2706.3234252929688, "answers": ["Arlene Philips", "Arlene Phillips"], "response": "Scramble (golf)."}
{"cache_time": 2.673151969909668, "response_time": 2839.578582763672, "answers": ["Denarius", "Dinarius", "Denarii", "\ud800\udd96"], "response": "B. Antoninianus."}
{"cache_time": 2.5861759185791016, "response_time": 2118.467544555664, "answers": ["The Wanderer", "Wanderer (disambiguation)", "The Wanderer (album)", "Wanderer", "Wanderer (album)", "The Wanderer (song)", "Wanderers", "The Wanderer (disambiguation)", "WANDERERS", "The wanderers", "The Wanderers", "The Wanderer (novel)", "The Wanderers (novel)"], "response": "Wembley Stadium."}
{"cache_time": 1.936735987663269, "response_time": 2033.581039428711, "answers": ["George III, King of Great Britain and Ireland", "King george the 3rd", "George iii", "George III, King of Great Britain", "Farmer George", "George III of Corsica", "GEORGE III", "King George 3", "King George III", "George III of England", "George iii of the united kingdom", "George III", "George III of Great Britain", "George III of Scotland", "King George III of the United Kingdom", "George III of Great Britain and Ireland", "George III of Hanover", "King George III of Great Britain", "George the Third", "George III of Britain", "George III of the United Kingdom", "George III of the UK", "George III Guelph", "Mad King George", "List of titles and honours of King George III", "George William Frederick", "George III %22the Mad%22 of the United Kingdom", "King George 3 of the United Kingdom", "George Iii"], "response": "King George III"}
{"cache_time": 2.550976037979126, "response_time": 4891.1175537109375, "answers": ["Paul Jackson Pollock", "Pollock, Jackson", "Number 1 (painting)", "Jack the Dripper", "Lavender Mist", "Jackson pollock", "Jackson Polluck", "Jackson Pollock", "Jackson Pollack", "One: Number 31", "Number 1 (Jackson Pollock)", "Pollockian"], "response": "1. LTCL\n2. ATCL\n3. FTCL"}
{"cache_time": 2.728384017944336, "response_time": 6630.029281616211, "answers": ["English inch", "Inch (unit)", "International inch", "Decimal inch", "U.S. survey inch", "Inches", "Ynch", "\u33cc", "Scottish inch", "Decimal Inch", "Inch (Scottish length)", "Inch", "Inch (length)", "Inch (Scots)", "Scots inch", "In (unit)"], "response": "Name the book and the author of the passage:\n\nAnswer:\nThe Secret Garden by Frances Hodgson Burnett."}
{"cache_time": 3.460927963256836, "response_time": 3037.6171112060547, "answers": ["Dubonnet", "DuBonnet", "Queen Elizabeth's favourite drink"], "response": "When You Wish upon a Star."}
{"cache_time": 3.1427199840545654, "response_time": 2314.0279846191406, "answers": ["Vitamin k 2", "Vitamin-K", "Vitamin K4", "Vitamin k", "Vit K", "Vitamin K", "List of foods containing Vitamin K"], "response": "Calcium."}
{"cache_time": 3.531519889831543, "response_time": 6851.814407348633, "answers": ["Max Bygraves"], "response": "Les Dennis\n\nThe passage is providing information about the British television personality Les Dennis, including his biography, trivia, and career highlight"}
{"cache_time": 2.1260480880737305, "response_time": 2367.278091430664, "answers": ["Dr Finlay", "Dr. Finlay", "Dr Findlay's Casebook", "Dr Finlay's Casebook", "Dr. Finlay's Casebook"], "response": "Dr. Finlay"}
{"cache_time": 5.333280086517334, "response_time": 6347.869247436523, "answers": ["four", "4"], "response": "Boris Becker. The passage is discussing Boris Becker's victory at Wimbledon in 1985."}
{"cache_time": 3.724031925201416, "response_time": 2189.4789276123047, "answers": ["GAIVS\u2022IVLIVS\u2022CAESAR\u2022OCTAVIANVS", "Julius Caesar Octavianus", "Gaius Julius Caesar Octavianus", "GAIVS*IVLIVS*CAESAR*OCTAVIANVS", "Ceasar Augustus", "Gaius Octavius Thurinus", "Augustus Octavian Caesar", "Octavious", "Agustus", "Augustus", "Octavian Caesar", "Caesar Octavian", "IMPERATOR\u2022CAESAR\u2022DIVI\u2022FILIVS\u2022AVGVSTVS", "Avgvstvs", "Octavianus", "Octavian Augustus", "Augustus Ceasar", "Augusts Caesar", "Coinage reform of Augustus", "Augustus Caesar", "Emperor Augustus", "Emperor Augustus of Rome", "Gaius Julius Caesar Augustus", "IMPERATOR*CAESAR*DIVI*FILIVS*AVGVSTVS", "Octavius Caesar", "Roman Emperor Augustus", "Augustus, Emperor of Rome", "Octavius", "Octavian", "Gaius Julius Caesar Octavanius Augustus", "Augustan reform", "Caesar Octavianus", "Gaius Octavius Augustus", "Octavianus Augustus", "C\u00e6sar Augustus", "Octavian Augustus Caesar", "Caesar Augustus"], "response": "Augustus"}
{"cache_time": 2.3151679039001465, "response_time": 2006.2986907958984, "answers": ["John Herschel Glenn", "John Glenn, Jr.", "John H. Glenn", "John H. Glenn Jr.", "John Glrnn", "John Glenn", "John Glenn Junior", "J H Glenn", "John Herschel Glenn Jr.", "John Herschel Glenn, Jr.", "Glenn, Jr., John Herschell", "John Herschell Glenn, Jr.", "John H. Glenn, Jr."], "response": "John Glenn"}
{"cache_time": 2.686079978942871, "response_time": 6772.155380249023, "answers": ["Allmhaigh", "Alloway"], "response": "B. United States of Germany\n\nThe passage is a description of the town of Bendorf in Germany. The town is located in the district of"}
{"cache_time": 2.684799909591675, "response_time": 7318.492126464844, "answers": ["Marnie Nixon", "Marni Nixon"], "response": "My Fair Lady\n\nBased on the passage, the question answer is:\nMy Fair Lady.\n\nHere's why:\n\nThe"}
{"cache_time": 2.7051520347595215, "response_time": 4668.7867431640625, "answers": ["Ettrick shepherd", "The ettrick shepherd", "The Ettrick Shepherd", "James Hogg"], "response": "Cairo\n\nRamses Station is the main railway station in Cairo, Egypt."}
{"cache_time": 2.716831922531128, "response_time": 2170.5635528564453, "answers": ["Albert Enstien", "A Tribute to Einstein", "ALBERT EINSTEIN", "Albert Einstien", "Einstein (physicist)", "Einsetein", "Albert Einstin", "Einstien", "Albert Eienstein", "Albert Einstein", "Einstein, Albert", "Albert Enstein", "Einsteinian", "Alber Enstien", "Albert Einstein's", "Einstein", "Einstien, Albert", "A. Einstein", "Al Einstein", "Albert einstein", "Alber Einstein"], "response": "Albert Einstein."}
{"cache_time": 4.596928119659424, "response_time": 6940.045349121094, "answers": ["Chinese People's Republic", "China (Peking)", "The prc", "Socialist China", "Chinese PR", "PRoC", "PRC", "China's", "P. R. of China", "People's Republic Of China", "The People's Republic of China", "China", "Territorial disputes of China", "China PRC", "People's repuublic of china", "China (PRC)", "China (People's Republic)", "People's Republic of China (Mainland China)", "Zhonghua Renmin Gonghe Guo", "People' Republic of China", "Prc", "People's republic of china", "People' s Republic of China", "P.R. of China", "China, People's Republic of", "Chung-Kuo", "P.R.C.", "The people's republic of china", "Zhong Guo", "Peoples republic of China", "Red China (modern)", "Chung-kuo", "The PRC", "Zhonghuarenmingongheguo", "State of China", "Zhonghu\u00e1 r\u00e9nm\u00edn g\u00f2ngh\u00e9gu\u00f3", "\u4e2d\u56fd", "Peoples republic of china", "P.R.China", "People's Republic or China", "Zhonghua Renmin Gongheguo", "China, the People's Republic of", "Nation of China", "People\u2019s Republic of China", "China, PRC", "Zh\u014dnghu\u00e1 R\u00e9nm\u00edn G\u00f2ngh\u00e9gu\u00f3", "Modern day China", "Peoples Republic of China", "PROC", "\u4e2d\u534e", "Chaina", "Zhongguo", "Homes in china", "People's republic of China", "Zh\u014dnggu\u00f3", "Sinic", "China PR", "PRC (China)", "\u4e2d\u570b", "Jhonggu\u00f3", "Red Chinese", "(The People's Republic of) China", "The People\u2019s Republic of China", "China (Republic : 1949- )", "CHINA", "China People's Republic", "Pr china", "P.r. of china", "Chungkuo", "ISO 3166-1:CN", "Land of China", "Zhonghua renmin gongheguo", "P.R. China", "Zhonggu\u00f3", "\u4e2d\u534e\u4eba\u6c11\u5171\u548c\u56fd", "PRChina", "\u4e2d\u83ef", "PR of China", "\u4e2d\u83ef\u4eba\u6c11\u5171\u548c\u570b", "Pr of c", "Cihna", "Communist China (modern)", "P. R. China", "People's Republic of China (PRC)", "Peoples' Republic of China", "The Peoples Republic of China", "People's Republic of China", "Pr of china", "PR China", "P.R. of CHINA"], "response": "B. China\n\nThe passage is discussing the European understanding of Cathay, a term used to describe China during the Mongol Empire."}
{"cache_time": 2.1710400581359863, "response_time": 2264.969268798828, "answers": ["Synthetic emerald", "Emerald", "Emeralds", "Trapiche emerald", "Smaragdos", "The Emerald Streak"], "response": "Emerald."}
{"cache_time": 2.7116479873657227, "response_time": 6321.741806030273, "answers": ["Breakfast At Tiffanys", "Breakfast at Tiffanies", "Breakfast at Tiffany\u2019s", "Breakfast at Tiffany", "Breakfast At Tiffany'S", "Breakfast at tiffany's", "Breakfast at Tiffany's (disambiguation)", "Breakfast at Tiffany's", "Breakfast At Tiffany's", "Breakfast at Tiffanys"], "response": "Andy Williams.\n\nThe passage is the description of a record titled \"Moon River  Other Great Movie Themes\" by Andy Williams."}
{"cache_time": 2.958048105239868, "response_time": 6811.386856079102, "answers": ["Hendrix", "Lithofayne Pridgeon", "Jimi hendrix", "Early life of jimi hendrix", "Villanova Junction", "James Marshall Hendrix", "Jimmi Hendrix", "Jimy Hendrix", "Johnny Allen Hendrix", "Jimmy hendrix", "Jimmy Hendricks", "Gypsy Sun and Rainbows", "Jimmy Hendrix", "Electric Church", "Janie Hendrix", "Early life of Jimi Hendrix", "Heaven Research", "Jim Hendrix", "Al Hendrix", "Gypsy Suns and Rainbows", "James Hendrix", "Jimi Hendrix"], "response": "Passage: Jimi Sounds Like A Rainbow: Hendrix For Kids : NPR\n\nQuestion: What is the name of the"}
{"cache_time": 2.810528039932251, "response_time": 3534.772186279297, "answers": ["ARCHERY", "Toxophilite", "National Archery in the Schools Program", "Primitive archery", "Endong", "Archer (comics)", "Toxopholite", "The Archer", "Paralympic archery", "Primitive Archery", "Archery", "Archers", "Archeress", "Bowmen", "Archer", "Bowmanship", "The archer", "The Archers (disambiguation)", "Archery range", "Anchor Point (archery)", "Para-archery", "Indoor archery", "Toxophily", "Archerie", "Butt shooting", "National archery in the schools program", "Paralympic Archery", "Villavar Tamils"], "response": "Name: James MacMillan (musician)"}
{"cache_time": 2.1815359592437744, "response_time": 2146.009078979492, "answers": ["Basoon", "Bassoonist", "Bassoon", "French bassoon", "Buffet system", "BASSOON", "Fagott", "Bassoons", "Fagotto", "Pancake key (bassoon)", "Heckel system", "Basoonist", "Ba\u00dfoon", "Fagotte"], "response": "Bassoon."}
{"cache_time": 2.8261120319366455, "response_time": 1830.280258178711, "answers": ["Apple Blossom", "Appleblossom", "Green Apples", "Malus domesticus", "Appleblossoms", "Culture of apple", "Malus domestica", "Apple blossom", "Apple/Nutritional information", "Nutritional information about the apple", "Apple production", "Apple-blossoms", "Apple blossoms", "Apple peel", "An apple a day", "Apple (fruit)", "Apple trees", "Malus pumila", "Malus communis", "Pyrus malus", "Apple tree", "\ud83c\udf4f", "\ud83c\udf4e", "Apple Popularity", "Apples", "Dried apple", "\u0633\u06ce\u0648", "Apple (Fruit)", "Green Apple", "Apple-tree", "Green apples", "Apple", "Apples and teachers", "Aplle", "Apple-blossom", "Apple (tree)"], "response": "Marine floor."}
{"cache_time": 2.847104072570801, "response_time": 2124.669906616211, "answers": ["Charles Hardin Holley", "Charles Holley", "Holly, Buddy", "Buddy Holly: A Rock and Roll Collection", "Buddy Holly & the Crickets", "Buddy holly", "Charles Hardin Helley", "Buddie Hollie", "Buddy Hollie", "Buddy Holly: A Rock & Roll Collection", "Holly Buddy", "Charles Hardin Holly", "Buddy Holly & The Crickets", "Buddy Holley", "Buddy holly (singer)", "Buddy Holly", "Charles Holly", "Charles H. Holley", "Charles Harden", "Buddie Holly", "Buddy Holly and the Crickets"], "response": "Buddy Holly"}
{"cache_time": 2.61081600189209, "response_time": 2179.267578125, "answers": ["'NOWHERE BOY'", "Nowhere Boy"], "response": "Nowhere Boy."}
{"cache_time": 4.042367935180664, "response_time": 6590.217254638672, "answers": ["Loch Ness (wrestler)", "Martin Ruane", "Giant Haystacks", "Giant Haystack", "The Loch Ness Monster (wrestler)"], "response": "B. Professional wrestler.\n\nThe passage discusses the life and career of Martin Austin Ruane, a professional wrestler known by the ring"}
{"cache_time": 2.8028481006622314, "response_time": 1818.8082733154297, "answers": ["A Streetcar named Desire", "A streetcar called desire", "Streetcar Named Desire", "A Streetcar Named Desire", "A Street car named desire", "A Streetcar Named Desire (film)", "A Streetcar Named Desire (disambiguation)", "A STREETCAR NAMED DESIRE", "Street Car Named Desire"], "response": "Karl Malden"}
{"cache_time": 2.6298561096191406, "response_time": 2025.3777618408203, "answers": ["Richard Burton", "Richard Walter Jenkins", "Richard Burton (actor)"], "response": "Richard Burton."}
{"cache_time": 2.6368319988250732, "response_time": 6668.447692871094, "answers": ["Joberg", "Johannesburg", "Johannasberg", "Johannesburg, Southafrica", "Johannes-burg", "Johannesb'g", "JOHANNESBURG", "Yohannesburg", "Johannesburg, South Africa", "EGoli", "Johannesbourg", "Jhb", "Johansberg", "Johannesburg, Gauteng", "Jo'Bourg", "Johannesburg Civic Theatre", "Jozi", "Johannesburg, Transvaal", "Johannesgurg", "Joburg", "Johanessburg", "Visitor attractions in Johannesburg", "Jo'burg", "UN/LOCODE:ZAJNB", "Johanesburg"], "response": "London.\n\nThe question is:\n\nWhere is the location of the first commercial flight of a De Havilland Comet jet?"}
{"cache_time": 2.7560958862304688, "response_time": 3250.5282440185547, "answers": ["1984", "one thousand, nine hundred and eighty-four"], "response": "Band Aid 20."}
{"cache_time": 2.660223960876465, "response_time": 3147.050018310547, "answers": ["Lady Browning", "Daphne Du Maurier", "Daphne de Maurier", "Daphne du Maurier", "Du Maurier, Daphne", "Dame Daphne du Maurier", "Daphne du maurier", "DAPHNE DU MAURIER", "Daphne Dumaurier", "Dame Daphne Du Maurier", "Dame Daphne du Maurier, Lady Browning DBE", "Dame Daphne du Maurier, Lady Browning"], "response": "DAPHNE DU MAURIER."}
{"cache_time": 2.702847957611084, "response_time": 2709.4097442626953, "answers": ["Newbury", "Newbury (disambiguation)"], "response": "Isle of Mull, Scotland."}
{"cache_time": 3.3465280532836914, "response_time": 2356.0437774658203, "answers": ["Bankside Power Station", "Bankside Power station", "(Bankside) Power Station"], "response": "Tate Gallery."}
{"cache_time": 3.2316479682922363, "response_time": 3058.2538452148438, "answers": ["Tomato", "Solanum lycopersicum", "Tomat", "Lycopersicum esculentum", "Common tomato", "Tomato varieties", "Hot House tomato", "Tomatoes", "Poma amoris", "Tomatos", "Lycopersicum lycopersicum", "Tomatoe", "Gogonele", "Tomahto", "Lycopersicon lycopersicum", "Tomatto", "Domates", "Green tomatoes", "\ud83c\udf45", "Tomattoe", "Green tomato", "Tamatar", "Potato potato", "Lycopersicon esculentum", "Jitomate", "Tamator", "Hot House tomatoes", "Tomattoes", "Love-apple", "Tamato", "Tomato plant", "Love Apple", "Lycopersicum", "Tomattos"], "response": "C. Blossom End Rot"}
{"cache_time": 2.8796160221099854, "response_time": 3035.8660736083984, "answers": ["Phoebe Sparrow", "Gary sparrow", "Donald Bamford", "Gary Sparrow", "Phoebe Bamford", "List of Goodnight Sweetheart characters", "Reg Deadman", "Ron Wheatcroft", "Yvonne Sparrow"], "response": "*Balls of Steel*"}
{"cache_time": 2.7835841178894043, "response_time": 4844.228607177734, "answers": ["Muriel Sarah Maud Spark", "Muriel Camberg", "Camberg", "Muriel Sarah Spark", "Muriel Sarah Camberg", "Dame Muriel Spark", "MURIEL SPARK", "Muriel Spark"], "response": "B) Miss Jean Brodie's school, Marcia Blaine School."}
{"cache_time": 2.543936014175415, "response_time": 1828.0233154296875, "answers": ["Kerepakupai-Mer\u00fa", "Kerepakupai Mer\u00fa", "Salto \u00c1ngel", "Kerepakupai-mer\u00fa", "Kerepakupai-Meru", "Churun Mer\u00fa", "Highest Waterfall", "Kerepakupai Meru", "Kerepakupai mer\u00fa", "Parakupa-vena", "Kerepakupai meru", "Devil's mouth", "Kerepakupai-meru", "The Angel Falls", "Angel falls", "Salto Angel", "Angel Falls"], "response": "Venezuela."}
{"cache_time": 2.2790400981903076, "response_time": 2118.982650756836, "answers": ["Yahoo! Education", "Yahoo Traffic Server", "Yahoo.cm", "Yahoo. com", "Yahoo Inc.", "Yahoo! Developer Network", "Yahoo logos", "Yahoo! Shine", "Yahoo inc", "Yahoo! Inc", "Yahooo", "Yahoo! UK & Ireland", "Yahho", "Myyahoo", "YHOO", "Yaoo", "Yahoo Local", "Yahoo, Inc.", "Yahoocom", "Yahoo Contributor Network", "Maven Networks", "Yahoo! board of directors", "Y !", "One Search", "Yahoo TV", "Yahoo! Inc.", "Www.yahoo.com", "Yahoo! Screens", "Yaho", "Yahoo Shopping", "Uk.yahoo.com", "Yahoo! services", "Yahoo", "Yahoo com", "Yahoo logo", "Yahoo! Canada", "OneSearch", "Yahoo! Real Estate", "Yhoo", "YAHOO!", "Yahoo Mobile", "Yahoo.com", "Yahoo! Broadcast", "Yahoo.con", "Yahoo Real Estate", "Yahoo!.com", "Yahoo Advertising", "Yahoo! Lifestyle", "Yahoo ceo", "Yahoo!, Inc.", "Yahoo1", "Yahoo.", "List of Yahoo! Services", "Yahoo Visa", "Yahoo Shine", "Yahoo! logo", "Yahoo! Hong Kong", "Yahoo! HK", "AS10310", "Yahoo! Advertising", "Yahoo! Homes", "Yahoo.net", "Yahoo!", "Yahoo! TV", "Yahoo! Local", "Yahoo.om", "Yahoo! Web Analytics", "Yahoo! Schweiz", "Yahoo.c", "Yahoo! Incorporated", "Y!", "Yahoo! logos", "Yahoo india.com", "YAHOO", "Yahooom", "Jerry's Guide to the World Wide Web", "Yahoo.org", "Yahoo! Shopping", "Net Controls", "Yahoo Store", "Maven Networks, Inc.", "Yahoo Gallery", "Yahoo! Europe", "Www yahoo com"], "response": "YAHOO"}
{"cache_time": 3.2624640464782715, "response_time": 1961.6071166992188, "answers": ["Fruiting", "Friut", "Fruiting Shrubs", "Prutas", "Bacca", "Nutritious fruits", "Simple fruit", "Culture of fruits", "Fruits", "Fleshy fruit", "Seed pod", "Pod types", "Fruit", "Fruity"], "response": "Barrow Boy"}
{"cache_time": 2.5866880416870117, "response_time": 5425.06184387207, "answers": ["Lemuroid", "Lemuriens", "LEMURS", "Lemur", "Lemuroidea", "Lemurs", "Lemurs of Madagascar"], "response": "\"Lemurs Morticia and Merlin say \"aye-aye\" to alcohol\""}
{"cache_time": 2.6148159503936768, "response_time": 4443.033554077148, "answers": ["The Last Great Tortoise Race", "Jasper Fforde"], "response": "Jasper Fforde\n\nbased on the given passage."}
{"cache_time": 4.580575942993164, "response_time": 2510.292022705078, "answers": ["Islands of Spain", "Espa\u00f1a", "Reino de Espa\u00f1a", "Name of Spain", "Espagna", "Espa\u0144a", "Reino de Espana", "Espana", "Kingdom of the Spains", "The Spanish Society", "Espainia", "Mountains of Spain", "Regne d'Espanya", "The kingdom of Spain", "SPAIN", "Regne d'Espanha", "Espanya", "Espainiako Erresuma", "Etymology of Spain", "Spane", "ISO 3166-1:ES", "Spain", "Spanish Kingdom", "Kingdom of Spain", "El Reino de Espa\u00f1a", "El Reino de Espana"], "response": "CATALONIA"}
{"cache_time": 2.7293760776519775, "response_time": 7299.681289672852, "answers": ["Whey powder", "Milk plasma", "Whey cream", "Acid whey", "Whey Allergy", "Whey allergy", "Lactoserum", "Whey", "Sweet whey", "Milk permeate", "Sour whey"], "response": "A character in a nursery rhyme.\n\nThe passage is discussing the character of Little Miss Muffet from a traditional nursery rh"}
{"cache_time": 3.2120959758758545, "response_time": 2695.5632934570312, "answers": ["Steel", "Steel workers", "Steel plate", "Steel truss", "Steelworker", "Steel (alloy)", "Steel industry", "STEEL", "Steel (metal)", "Steels", "Titanic steel", "Steelworkers", "Steel in Africa", "Steel sheeting", "Crude steel", "Steel worker", "Unwrapped steel", "Long steel products", "Steel Construction", "Steel manufacture"], "response": "Henry Bessemer"}
{"cache_time": 2.8248960971832275, "response_time": 6890.105804443359, "answers": ["Zhonghua Minguo", "Republic of China", "Taiwan country", "Tawian", "China, the Republic of", "China (Taiwan)", "Tai-Wan", "Ilha formosa", "Chung-hua Min-kuo", "Republic of China(Taiwan)", "\u81fa\u7063", "Ts'ai Tai-wan te Chung-hua Min-kuo", "Taioaan", "R.O.C", "T\u00e2i-o\u00e2n", "ISO 3166-1:TW", "Tiawan", "Taiwan, ROC", "Min Guo", "TAIWAN", "Taiwan (nation)", "Republic of CHina", "Free China (modern)", "Republic of China (R.O.C.)", "Taiwan (country)", "Jhong-hua Min-guo", "Taiwan Island", "\u53f0\u6e7e", "JhongHua MinGuo", "\u53f0\u7063", "Taioan", "Taiwan, Republic of China", "Ta\u00efwan", "Minguo", "Chung-Hua Min-Kuo", "Chuka Minkoku", "Republic Of China", "Jhonghua Minguo", "RoC", "Tai-oan", "China (Republic of)", "Republic of China/Taiwan", "Taiwan (ROC)", "Republic of China (1945\u201371)", "Chunghwa Minkuo", "Zh\u014dnghu\u00e1 M\u00edngu\u00f3", "Taiwan ROC", "Taiwan Country", "Chunghwa Republic", "Republic China", "R China", "R.o.China", "Republic of China, Taiwan", "Chunghwaminkuo", "Republic of china", "Republic of China on Taiwan", "Taiwan (state)", "China (ROC)", "Republic of China (ROC)", "Republic of China (Taiwan)", "T\u00e1iw\u0101n", "RO China", "The R.O.C.", "Ch\u016bka Minkoku", "Taiwan (Republic of China)", "China (Republic : 1949-)", "TPKM", "China, Republic of (Taiwan)", "ROC (China)", "Tawan", "Jhonghu\u00e1 M\u00edngu\u00f3", "Zhonghu\u00e1 M\u00edngu\u00f3", "\u4e2d\u534e\u6c11\u56fd", "R.O. China", "The Republic of China", "Chung Min Kuo", "Zh\u014dnghu\u00e1 M\u00edn'gu\u00f3", "JhongHu\u00e1 M\u00ednGu\u00f3", "Republic of China (1949\u2013present)", "\u4e2d\u83ef\u6c11\u570b", "T'aiwan", "T\u00e1iwan", "China, Republic of", "Taiwan", "Chunghua Minkuo"], "response": "209. Passage:\nPolitical Geography Now: World Cup 2014: Which Countries Are (and Aren'"}
{"cache_time": 3.1398720741271973, "response_time": 3134.5623168945312, "answers": ["Seven", "seven", "7"], "response": "1. Jean Sibelius."}
{"cache_time": 2.775360107421875, "response_time": 6986.894287109375, "answers": ["Sea bird", "Marine birds", "Sea-bird", "Marine bird", "Seabirds", "Sea birds", "Sea-birds", "Sea-fowl", "Seabird", "Seafowl"], "response": "Birds\n\nPassage:\n\nMurnaghan\nMurnaghan, (born 26 December 195"}
{"cache_time": 2.7631359100341797, "response_time": 3645.6253967285156, "answers": ["The owl and the pussycat", "The Owl And The Pussycat", "The Owl and the Pussy Cat", "Owl and the Pussy Cat", "Goatlyboatly", "Owl and the Pussycat", "Goatly boatly", "Owl and the pussycat", "The Owl and the Pussycat", "The Owl and the Pussy-Cat"], "response": "The Owl and the Pussy-Cat."}
{"cache_time": 3.2668159008026123, "response_time": 2331.056106567383, "answers": ["Marcus Rothkovich", "Rothko, Mark", "Marcus Rothkowitz", "Rothkowitz", "Rotko", "MARK ROTHKO", "Dedication to Rothko", "Marks Rotko", "Rothko", "Mark Rothkowitz", "Mark Rothko"], "response": "New York City"}
{"cache_time": 2.798784017562866, "response_time": 2128.6195678710938, "answers": ["Muriel Sarah Maud Spark", "Muriel Camberg", "Camberg", "Muriel Sarah Spark", "Muriel Sarah Camberg", "Dame Muriel Spark", "Muriel Spark"], "response": "Third."}
{"cache_time": 2.7089920043945312, "response_time": 2473.466842651367, "answers": ["Jake La Motta", "Jake LaMotta", "Jake Lamotta"], "response": "British Rail"}
{"cache_time": 2.788383960723877, "response_time": 5022.898178100586, "answers": ["Chief inspector of prisons", "Her Majesty's Inspectorate of Prisons", "Chief Inspector of Prisons", "HM Inspector of Prisons", "(CHIEF) INSPECTOR OF PRISONS", "Her Majesty's Chief Inspector of Prisons", "HM Inspectorate of Prisons"], "response": "Dame Anne Owers, DBE, Her Majesty's Chief Inspector of Prisons."}
{"cache_time": 1.7162879705429077, "response_time": 2223.631393432617, "answers": ["Oragami", "Paper folding art", "Paper Folding", "Paper-folding", "Paperfolding", "List of origami societies", "Origami-bonsai", "Origaming", "\u6298\u7d19", "Origami", "Origamy", "Paper folding", "\u6298\u308a\u7d19"], "response": "ORIGAMI."}
{"cache_time": 2.7358078956604004, "response_time": 6785.870910644531, "answers": ["Arthur Ashe, Jr.", "Arthur Robert Ashe, Jr.", "Ashe, Arthur Robert", "Arthur ash", "Arthur R. Ashe", "Arthur R. Ashe, Jr.", "Arthur ashe", "Arthur Ashe Jr.", "Arthur (Robert) Ashe", "Arthur Robert Ashe Jr.", "Arthur R Ashe", "Arthur Robert Ashe, Jr", "Arthur Robert Ashe", "Arthur Ashe", "Arthur R. Ashe Jr."], "response": "B. Arthur Ashe\n\nExplanation:\n\nThe passage states that Arthur Ashe became the first black man to win Wimble"}
{"cache_time": 2.7280960083007812, "response_time": 6542.65446472168, "answers": ["Continant", "7 continents", "Continents", "Continants", "Continental landform", "Continental Landform", "Seven Continents", "Five continents", "List of Continents", "5 continents", "Seven continents", "Six continents", "List of continents", "Sub-continent", "List of continents by area", "Subcontinents", "Continent", "6 continents"], "response": "Supercontinents\n\nPangaea and Gondwana were two supercontinents that existed on Earth during the Paleozo"}
{"cache_time": 2.8354239463806152, "response_time": 2532.559829711914, "answers": ["White House", "202.456.1111", "1600 Pennsylvania Ave.", "White House solar panels", "@WhiteHouse", "202-456-1111", "20500", "White house tours", "The Whitehouse", "+1.202.456.1111", "Whiskey Hotel", "White Home", "+1.202-456-1111", "1600 Pennsylvania Avenue", "The WhiteHouse", "United States White House", "US White House", "White house", "1600 Pennsylvania", "1600 Pennsylvania Avenue NW", "1600 Pennsylvania Ave", "The White House", "White House, District of Columbia", "White House Complex", "THE WHITE HOUSE", "202-456-1414"], "response": "Rubgy union footballer"}
{"cache_time": 2.63590407371521, "response_time": 2720.1207885742188, "answers": ["Alexander Dubcek", "Aleksandr Dubcek", "Alexander Dub\u010dek", "Dubcek", "Alexander Dubchek", "Alexander dubek", "Dub\u010dek", "Alexander Dubek"], "response": "EMMA THOMPSON"}
{"cache_time": 2.7819840908050537, "response_time": 6849.051666259766, "answers": ["Hattie jakes", "Hattie Jacques", "Josephine Edwina Jaques"], "response": "Tony Hancock Appreciation Society - Series 5\n\nBased on the provided passage, the question and answer are related to the Tony"}
{"cache_time": 2.717695951461792, "response_time": 6809.993209838867, "answers": ["Muhammad (teddy bear)", "Teddy muhammad", "Jillian Gibbons", "Gillian gibbons", "GILLIAN GIBBONS", "Gillian Gibbons", "Teddy bear case", "Sara Khawad", "Sudan teddy bear controversy", "Muhammad teddy", "Teddy bear controversy", "Sudanese teddy bear blasphemy case", "Muhammad teddy bear"], "response": "Gillian Gibbons\n\nBased on the information provided in the passage, it can be determined that the name of the British schoolte"}
{"cache_time": 4.420608043670654, "response_time": 2359.2735137939453, "answers": ["Manchester developments", "Manchester (borough)", "UN/LOCODE:GBMNC", "Manchester, Greater Manchester", "Manchester, UK", "Climate of Manchester", "City of Manchester", "The weather in Manchester", "Manchester (city, England)", "Machester", "Drizzlechester", "Mancs", "Manchester", "Manchester, United Kingdom", "Manchester (England)", "Metropolitan Borough of Manchester", "Manchester, U.K.", "Manchester (UK)", "England Manchester", "Manchester, England", "County Borough of Manchester"], "response": "Warney."}
{"cache_time": 2.7244479656219482, "response_time": 1751.5950317382812, "answers": ["Tittles", "Tittle", "A TITTLE", "Jot and tittle", "Jot or tittle"], "response": "Tittle."}
{"cache_time": 2.5518081188201904, "response_time": 3605.164016723633, "answers": ["Leeds, UK", "St Margaret's Primary School, Horsforth", "ST Margarets Primary School", "St Margarets Primary School", "St margarets school", "City of leeds transport area", "The weather in Leeds", "Leeds, Yorkshire", "Knightsbridge of the North", "Shakespeare Primary School", "Higher Education in Leeds", "Leeds, England", "Leeds, West Yorkshire", "Leeds", "Leodis", "LEEDS", "Leeds \u2013 Bradford, UK", "Leodensian", "UN/LOCODE:GBLBA"], "response": "Headingley and Kirkstall railway station."}
{"cache_time": 3.308799982070923, "response_time": 4090.9690704345703, "answers": ["Stanley (TV series)", "Stanley (company)", "Stanley (disambiguation)", "Stanley (TV Show)", "Stanley", "Stanley (film)"], "response": "B. Barack Obama's mother, Ann Dunham."}
{"cache_time": 3.3673601150512695, "response_time": 2918.4901275634766, "answers": ["John Gorman (disambiguation)", "JOHN GORMAN", "John Gorman", "Gorman, John"], "response": "GLENN HODDOLE"}
{"cache_time": 3.2709760665893555, "response_time": 3118.539810180664, "answers": ["Psychoactive mushroom", "Bacidocarp", "Macrofungi", "Mushroom", "Toadstools", "Mushroom Curry", "Mushrooms", "Psychoactive fungi", "Toadstool", "Psychoactive fungus", "Psychoactive mushrooms", "Mushroom curry", "\ud83c\udf44", "Fungophobia"], "response": "Wladziu Valentino Liberace"}
{"cache_time": 4.4470720291137695, "response_time": 2691.1958923339844, "answers": ["M61", "M61 (disambiguation)", "M-61"], "response": "Rivington services"}
{"cache_time": 3.0506880283355713, "response_time": 2160.5755615234375, "answers": ["Isosceles triangle", "Isoceles", "Isoceles triangle", "Isosceles triange", "Isosceles"], "response": "Rob Harris."}
{"cache_time": 2.676255941390991, "response_time": 6963.210296630859, "answers": ["Saddle", "Saddlemaker", "Cantle", "Pommel (saddle)", "Saddle tree", "Saddlery and Harness", "Knee roll"], "response": "Chris Gittins played the character of Walter Gabriel in the BBC Radio series \"The Archers\" for 35 years, from 19"}
{"cache_time": 2.7817599773406982, "response_time": 6739.8072509765625, "answers": ["Wilkin", "Wilkins (disambiguation)", "WILKINS", "Wilkins"], "response": "4. Peter Doherty\n\n2. Winslow High School\n\n3. Cannery Row\n\n4. Cloud C"}
{"cache_time": 2.2599360942840576, "response_time": 2742.555679321289, "answers": ["Kamal kahn", "List of Bond girls in Octopussy", "Magda (James Bond)", "List of James Bond allies in Octopussy", "Vijay (James Bond)", "Bond 13", "Octopussy (character)", "Penelope Smallbone", "Octopussy", "General Orlov", "Kamal Khan", "Octopussy (film)", "List of James Bond villains in Octopussy", "Jim Fanning (James Bond)"], "response": "OCTOPUSSY."}
{"cache_time": 2.539936065673828, "response_time": 2635.662353515625, "answers": ["Niagra Falls", "Niagara Falls (N.Y. and Ont.)", "Roger Woodward (Niagara Falls)", "Daredevils of Niagara Falls", "Over the Falls in a barrel", "Niagra falls", "Niagara Falls Power Generation", "Cataratas del Niagara", "Niagara falls", "NiagaraFalls", "Niagara Falls power generation", "The Hell of Waters", "Over Niagara Falls", "Cataratas del Ni\u00e1gara", "Niagara Falls"], "response": "Niagara Falls."}
{"cache_time": 2.6540160179138184, "response_time": 2866.842559814453, "answers": ["GEORGE BLAKE", "George Blake", "Max de Vries"], "response": "McNab, Andy."}
{"cache_time": 2.806528091430664, "response_time": 2161.0240478515625, "answers": ["'INDEPENDENCE DAY'", "Independence day", "Independence days", "\u0639\u064a\u062f \u0627\u0644\u0627\u0633\u062a\u0642\u0644\u0627\u0644", "Independance day", "Independance Day", "The Independence Day", "Independence Day", "Timeline of national foundings", "List of independence days", "List of nations by Independence Day", "List of countries by Independence Day", "List of national independence days", "Independents Day"], "response": "Kingfisher."}
{"cache_time": 2.551647901535034, "response_time": 2154.4376068115234, "answers": ["Hoverbarge", "Hovercrafts", "Air-cushion vehicle", "Ground-effect machine", "Ground effect machines", "Air cushion vehicle", "Air Cushion Vehicles", "Hovercraft", "Hover barge", "Ground effect machine", "Air-Cushion Machine", "Air-Cushion Vehicle"], "response": "Tarsus."}
{"cache_time": 2.8172481060028076, "response_time": 6977.399841308594, "answers": ["William F. Holden", "William Holden", "William Holden (actor)", "William holden (actor)"], "response": "Movie.\n\nHere are the questions and answers based on the given passage:\n\nQuestion: What is the scene of the movie Stalag 1"}
{"cache_time": 3.464063882827759, "response_time": 2342.346694946289, "answers": ["Haunted Hollow (Alton Towers)", "Henry hound", "The Blade (Alton Towers)", "Ug Land", "Alton towers", "Alton Towers", "Alton Towers Resort", "ATROL", "Nemesis, What Lies Beneath%3F", "The marmaliser", "Alton Towers Resort Operations Limited", "Alton Towers monorail"], "response": "Honolulu."}
{"cache_time": 3.4114880561828613, "response_time": 2387.4805297851562, "answers": ["UN/LOCODE:ITFLR", "Folrenz", "Firenze, Italy", "\u05e4\u05d9\u05e8\u05e0\u05e6\u05d4", "Montughi", "Firenze", "Gualfonda", "FLORENCE", "Florentine", "Frorence", "Florence (Italy)", "Florence", "Florence, Italy"], "response": "Bargello Palace"}
{"cache_time": 2.8239998817443848, "response_time": 2671.1705780029297, "answers": ["Pentecost Sunday", "Pentekoste", "Whitsun Tide", "The fiftieth day", "Pentecost", "Whit week", "Whitsun Week", "Feast of Pentecost", "Orthodox Pentecost", "Whit sunday", "Pentacost", "Whitsontide", "Kneeling Prayer", "Fiftieth day", "The Decent of the holy spirit", "White Sunday (holy day)", "Day of Pentecost", "PENTECOST", "Whitsonday", "%60Id-ul-%60Ansara", "\u03a0\u03b5\u03bd\u03c4\u03b7\u03ba\u03bf\u03c3\u03c4\u03ae", "Qhythsontyd", "Pentekost\u0113", "Descent of the Holy Spirit", "The Descent of the Holy Spirit"], "response": "John (gospel)"}
{"cache_time": 3.2119040489196777, "response_time": 5877.944366455078, "answers": ["Perfect storm (disambiguation)", "The Perfect Storm", "Perfect Storm"], "response": "B. Plants\n\nThe passage is describing \"tansy\" as a type of plant."}
{"cache_time": 2.7282559871673584, "response_time": 5833.486282348633, "answers": ["Christ Church", "Christ Church (disambiguation)"], "response": "Portree\n\nThe passage is describing the town of Portree on the Isle of Skye in Scotland."}
{"cache_time": 2.5999040603637695, "response_time": 2831.6343841552734, "answers": ["Curling sheet", "Curling", "Chess on ice", "Curling (sport)", "Button (curling)", "Curling rock", "Curling rink", "Curling shoes", "Roaring game", "The roaring game", "Curling stone", "Hammer (curling)", "Sweeping (sport)", "Curling broom", "Free guard zone", "History of curling"], "response": "Bradley Wiggins"}
{"cache_time": 2.7230401039123535, "response_time": 2881.028106689453, "answers": ["Arthur Michell Ransome", "Ransome, Arthur Michell", "Arthur Ransome", "ARTHUR RANSOME"], "response": "HMS VANGUARD."}
{"cache_time": 2.561471939086914, "response_time": 5532.58186340332, "answers": ["Maxwell", "Maxwell (disambiguation)", "MAXWELL"], "response": "Magnetic flux is measured in weber (Wb) or maxwell (in CGS units)."}
{"cache_time": 1.9063040018081665, "response_time": 1849.100341796875, "answers": ["\u0627\u0644\u062c\u0645\u0647\u0648\u0631\u064a\u0629 \u0627\u0644\u0639\u0631\u0628\u064a\u0629 \u0627\u0644\u0633\u0648\u0631\u064a\u0629", "Amorrhitis", "\u0633\u0648\u0631\u064a\u0627", "Sport in Syria", "Syrian Arab Republic", "Administrative divisions of Syria", "S\u016br\u012byah", "Arab Republic of Syria", "Assad government", "Assad regime", "Etymology of Syria", "Subdivisions of Syria", "\u0627\u0644\u062c\u0645\u0647\u0648\u0631\u064a\u0651\u0629 \u0627\u0644\u0639\u0631\u0628\u064a\u0651\u0629 \u0627\u0644\u0633\u0651\u0648\u0631\u064a\u0651\u0629", "S\u016briy\u0101", "ISO 3166-1:SY", "Assad Government", "Syria", "Northern Syria", "Syrie", "Syrien", "Souria", "Sourie", "Suriyah", "Syrian (language)"], "response": "Syria"}
{"cache_time": 2.755552053451538, "response_time": 2551.0655364990234, "answers": ["Adrian", "Adri\u00e1n"], "response": "Good Morning, Vietnam."}
{"cache_time": 2.6176960468292236, "response_time": 2810.4632720947266, "answers": ["List of the Knights of the Round Table", "List of knights of the Round Table", "The Round Table", "Round Table", "Knights of the round table", "The Knights of the Round Table", "Knight of the Round Table", "Round Table (Camelot)", "List of Knights of the Round Table", "Knights of the Round Table", "Winchester Round Table", "Knights of the Round table", "Sir lancelot and the knights around the table", "Twelve Knights of the Round Table", "Sir Mador de la Porte", "Round table", "Mador de la Porte", "Roundtable"], "response": "King Arthur's Round Table"}
{"cache_time": 3.386591911315918, "response_time": 2282.0904541015625, "answers": ["Kartoum", "Khartoum, SU", "Al Khar\u0163\u016bm", "Al-Khartoum, Sudan", "Khartoum (city)", "Al-Khar\u1e6d\u016bm", "Khartoum", "Capital of Sudan", "Chartum", "Al Khartum", "Khartum", "Al Khurtum", "Al-Khartum", "Khartoum, Sudan", "El Khartum", "Khartoum, The Sudan"], "response": "Blue."}
{"cache_time": 1.7084800004959106, "response_time": 2174.8408966064453, "answers": ["John Chilcot", "Sir John Chilcot"], "response": "John Chilcot."}
{"cache_time": 2.577888011932373, "response_time": 6590.522369384766, "answers": ["Lavoisierian", "Lavosier, Antoine", "LAVOISIER", "Laviosier", "Antoine de Lavoisier", "The republic has no need for genius", "Lavosier", "Antoine Lavoseir", "AntoineLavoisier", "Antoine Lavosier", "Antoine Laurent Lavoisier", "Antoine Lavoisier", "Antoine-Laurent de Lavoisier", "Antoine-Laurent Lavoisier", "Antoine-Laurent", "Lavoisier", "Lavoisier, Antoine-Laurent", "Antione Lavoisier", "Antoine Laviosier", "A. Lavoisier", "De Lavoisier", "A.-L. Lavoisier", "Antoine Laurent de Lavoisier", "The republic has no need for savants"], "response": "FRACTION.\n\nExplanation:\n\nThe passage is referring to Antoine Laurent Lavoisier, a prominent French scientist who made significant contributions"}
{"cache_time": 3.7828478813171387, "response_time": 6784.975860595703, "answers": ["ISO 3166-1:PG", "Papua Niu Gini", "New Guinea Papua", "Independent State of Papua New Guinea", "Health in Papua New Guinea", "Papa New Guinea", "Papouasie-Nouvelle-Guinee", "Papua-New-Guinea", "Independen Stet bilong Papua Niugini", "Papua New Guinea", "Papua-new guinea", "State of Papua New Guinea", "Papua Niugini", "Niugini", "Papa New Guinans", "Environment of Papua New Guinea", "PapuaNewGuineA", "Papua New Guinean", "Papau New Guinea", "Papa new guinea", "Niu Gini", "Paupa New Guinea", "East Papua", "Pappa New Guinans", "Pua pua new guniea", "Papua, New Guinea", "Pappa New Guinea", "The Papua New Guinea", "Papua new guinea", "Papua-New Guinea", "Papua New-Guinea", "Papua NG"], "response": "Kina\n\nExplanation:\nThe passage provides information about the monetary unit of Papua New Guinea, which is called \"k"}
{"cache_time": 4.042975902557373, "response_time": 6690.351089477539, "answers": ["Charlie Chan", "Number One Son", "Birmingham Brown", "Charley Chan"], "response": "BOOKS\n\nThe passage refers to Earl Derr Biggers, an American novelist and playwright, known for his novels featuring"}
{"cache_time": 2.6658880710601807, "response_time": 3877.359634399414, "answers": ["Huey, Dewey and Louie", "Huey, Louie and Dewey", "Huey , Dewey and Louie", "Huey, Dewey & Louie", "Huey Duck", "Huey, Duey and Louie", "Louie Duck", "Donald Duck's nephews", "Phooey Duck", "Ripp, Rapp og \u00deorfinnur", "Huey, Dewey, and Louie", "Huey dewey and louie", "Huey Dewey and Louie", "Dewey Duck", "Ripp, Rapp og Rupp", "Huey, Dewey, & Louie", "Huey, Duey, and Louie", "Huey, duey, and louie", "Louis Duck", "Huey, Dewey and Louie filmography", "Huey, Dewey, and Louie Duck", "Huey, Duey, and Louis", "Ripp, Rapp og THorfinnur", "Huey, Dewey", "Huebert Duck", "Deuteronomy Duck", "Huey dewie and louie", "Huey, Dewey and Louie Duck"], "response": "Grossularia nigra (blackcurrants)"}
{"cache_time": 2.645087957382202, "response_time": 2660.281295776367, "answers": ["Shetland lamb", "Burnside, Shetland", "Shetland Islands (council area)", "Shetlandshire", "County of Shetland", "Sand, Shetland Islands", "Shetland islands", "Shetland (Scotland)", "Shetland (islands council area of Scotland)", "Shetland, Scotland", "Shetland", "Shetland Islands", "County of Zetland", "Shetland Isles", "\u021cetland", "Hjaltland", "Shetland Islands council area", "Shetlanders", "Shetlands", "Shetland Island", "Shetland (council area)", "Yetland", "Shetland Isles council area", "Shetland\u2019s"], "response": "Mar de Hoces"}
{"cache_time": 2.613503932952881, "response_time": 2395.717575073242, "answers": ["PAULINE QUIRKE", "Pauline Quirke", "Pauline Quirk"], "response": "Olive Martin"}
{"cache_time": 3.1585280895233154, "response_time": 2925.168655395508, "answers": ["Rennet.", "Animal rennet", "Emporase", "Rennett", "Rennets", "Rennet"], "response": "My Family (BBC Comedy)"}
{"cache_time": 2.555999994277954, "response_time": 6775.025665283203, "answers": ["Bnefica", "Slbenfica", "Grupo sport lisboa", "Sport Lisboa", "S. L. Benfica", "S.L.Benfica", "Grupo sport benfica", "Benfica Lisbon", "Benfica Lisboa", "Benfica Lisbonne", "SL Benfica Lisbon", "S.L. Benfica Lisbon", "Sport Lisboa e Benfica", "S l benfica", "Benfiac", "Sport lisboa", "S.L. Benfica", "S L Benfica", "Sl benfica", "Grupo Sport Lisboa", "Benfica lisbon", "Encarnados", "S.l.benfica", "SLBenfica", "Benifca", "BENFICA", "Sport Lisboa Benfica", "S.L. Benfica - Futebol, S.A.D.", "Grupo Sport Benfica", "Sport lisboa e benfica", "Benfica Lissabon", "Benefica", "Benfica", "SL Benfica"], "response": "Manchester United\n\nBased on the given passage, the answer is Manchester United. The passage states that Manchester United want Jos\u00e9 Mourinho to stay beyond his"}
{"cache_time": 2.817919969558716, "response_time": 6818.022384643555, "answers": ["Harrisburg (PA)", "Harrisburg, PA", "Harrisburg, Pennsylvania", "Memorial Middle School for Girls", "2011 Harrisburg Pennsylvania bankruptcy", "List of FM stations in Harrisburg", "Harrisburg High School (Pennsylvania)", "Harrisburg FM Stations", "Harrisburg, Pennsylvania metropolitan area", "Harrisburg, pa", "Harrisburg", "Harrisburg,Pennsylvania", "Harrisburg TV Stations", "List of newspapers in Harrisburg", "List of TV stations in Harrisburg", "UN/LOCODE:USHAR", "Harrisburg Newspapers", "Harrisburg, Pa.", "Harrisburg, Penna.", "Capital of Pennsylvania", "List of AM stations in Harrisburg"], "response": "B. Pennsylvania State Capitol, Harrisburg.\n\nThe passage is describing the Pennsylvania State Capitol building in Harrisburg, Pennsylvania, and mention"}
{"cache_time": 3.478111982345581, "response_time": 6911.532043457031, "answers": ["Float like a butter fly sting like a bee", "Louisville lip", "Ali shuffle", "Float like a butterfly and sting like a bee", "Cassius Marcellus Clay Junior", "Muhummad Ali", "Maryum Ali", "Cassius X", "Cassius Marcellus Clay, Junior", "Louisville Lip", "Muhammad Ali", "Muhammud Ali", "Khalilah 'Belinda' Ali", "Cassius Clay Junior", "Float like a butterfly sting like a bee", "Muhammad Ali (boxer)", "Cassius Marcellus Clay, Jr.", "Sonji Roi", "Ale Muhammad", "Cassius Marcellus Clay, Jr", "Cassius Marcellus Clay Jr.", "Cassius Marcellus Clay (Muhammad Ali)", "Cassius Clay, Junior", "Mohammed Al\u00ec", "Cassius Marcellus Clay Jr", "Muhamad Ali", "Yolanda Williams", "I am the greatest!", "Ali, Muhammad", "Cassius Clay", "Muhammet ali", "Yolanda 'Lonnie' Ali", "I am the greatest", "Cassius Clay, Jr.", "Muhammed Ali", "Cassius Clay Jr", "Cassius clay", "Lonnie Ali", "Cassius Clay, Jr", "May May"], "response": "Muhammad Ali refuses to fight in Vietnam war\n\nThe passage is discussing Muhammad Ali's refusal to fight in the Vietnam War and the consequences"}
{"cache_time": 3.504607915878296, "response_time": 7298.139068603516, "answers": ["John le Carre", "John Le Carr", "John leCarr\u00e9", "John Le Carre", "John leCarre", "John lecarre", "Le Carre", "Le carre", "Le Carr\u00e9", "John LeCarr\u00e9", "John Lecarre", "David John Moore Cornwell", "John Le Carr\u00e9", "John le Carr\u00e9", "John LeCarre", "John Lecarr\u00e9"], "response": "Dahlesque\n\nThe passage is from the book \"The Spy Who Came in from the Cold: A George Smiley Novel\" by"}
{"cache_time": 2.648832082748413, "response_time": 7209.818115234375, "answers": ["Cambridge, United Kingdom", "Cambridge, UK", "Cantabrigiae", "The weather in Cambridge", "Christ's Piece", "Caergrawnt", "Cambridge, East Anglia", "England Cambridge", "UN/LOCODE:GBCMG", "Cambridge, Cambridgeshire", "Cambridge (England)", "Cambridge", "Park Street Church of England Primary School", "Cambridge, England", "Grantabridge"], "response": "Browningian\n\nPassage:\nNew 12-sided \u00a31 coins start being made by Royal Mint ..."}
{"cache_time": 4.162655830383301, "response_time": 2525.0345153808594, "answers": ["Roy Export Company Establishment", "Charlie Chaplain", "Charlie Chaplan", "Charlie Chaplin", "Charles chaplin", "Charles Chaplin", "Charles Spencer Chaplin", "CharlieChaplin", "Sir Charles Spencer Chaplin", "Sir Charlie Chaplin", "Sir Charles Chaplin", "Chaplinian", "Charile Chaplin", "Charlie chaplin"], "response": "United Artists."}
{"cache_time": 4.379871845245361, "response_time": 2641.8053588867188, "answers": ["Julian Fellowes, Baron Fellowes of West Stafford", "JULIAN FELLOWES", "Julian Fellowes", "The Lord Fellowes of West Stafford", "Baron Fellowes of West Stafford"], "response": "B) The left ear."}
{"cache_time": 2.5668160915374756, "response_time": 1764.0806884765625, "answers": ["K249DR", "KENT", "KAZZ (AM)"], "response": "Lydd."}
{"cache_time": 2.456576108932495, "response_time": 2269.0354766845703, "answers": ["National Underground Railroad Network to Freedom", "The Underground Railroad System", "Underground Railway", "Underground railroad", "The Underground Railroad", "Underground Railroad", "UGRR", "Conductor (underground railroad)"], "response": "Underground Railroad"}
{"cache_time": 2.7182400226593018, "response_time": 2785.3886108398438, "answers": ["Aldo Moro"], "response": "Idalgo Macchiarini"}
{"cache_time": 2.763871908187866, "response_time": 6805.5306396484375, "answers": ["South africa", "South Africa's", "Southafrica", "Third Republic (South Africa)", "Republiek van Suid-Afrika", "Sou'frica", "Zuid Afrika", "Zuid-Afrika", "ISO 3166-1:ZA", "South-African", "S Africa", "Zuid Africa", "Mzansi", "Afrique du sud", "Zuidafrika", "Ningizimu Afrika", "Capital of South Africa", "Suid-Afrika", "South-Africa", "Rep. of SOUTH AFRICA", "The Republic of South Africa", "Suid Africa", "Azania/South Africa", "S Afr", "Saffa", "South African", "Seth efrika", "South Africa", "Soufrica", "Republic of south africa", "South Africa\u00e0", "The Beloved Country", "S. Africa", "Rep. of South Africa", "South Africans", "Republic of South Africa"], "response": "Orchiectomy\n\nThe passage is:\n\n\"The most important thing in the Olympic Games is not to win but to take part"}
{"cache_time": 2.6731200218200684, "response_time": 2154.831817626953, "answers": ["President Regan", "Ronald Reagan's Alzheimer's letter", "Ronald W Reagan", "40th President of the United States", "Reagan", "Reaganian", "Ronald Reagon", "Reagen", "Ronnie Reagan", "Public image of Ronald Reagan", "Ronald Reagan presidential campaign, 1976", "Ronald Reagan", "Reagan, Ronald", "Reagan, Ronald Wilson", "President Reagan", "Reagan (president)", "Health of Ronald Reagan", "President Ronald Reagan", "Ronald Reagan Centennial Commission Act", "Ronald reagan", "Reaganesque", "Reaganite", "Ronald Raegen", "Ronald regean", "Ronald Wilson Reagan", "Ronald Regan", "Ronald Reagan Centennial Commission", "Dutch Reagan", "Ronaldus Magnus", "Ronald Reagen", "Cultural and political image of Ronald Reagan", "Ronal Reagan", "Reagan Ronald", "Ronald Raegan", "Ronald W. Reagan"], "response": "Reagan."}
{"cache_time": 2.7535359859466553, "response_time": 6844.549102783203, "answers": ["Beetroot", "Beet Root", "Beetroots", "Red beet", "Beets", "Beet root", "Beet (vegetable)", "Beet Juice", "Garden beet", "Beet", "Beet juice", "Table beet", "Beet leaves", "Beet greens"], "response": "\"Meow Mix\"\n\nThe correct answer is Meow Mix, which is a variety of dry and wet cat food known for its advertising"}
{"cache_time": 2.9074881076812744, "response_time": 6843.97868347168, "answers": ["Onion skins", "Allium angolense", "Onion", "Bulb onion", "Allium nigritanum", "Onion fruit", "Kaanda", "Allium salota", "Pyaz", "Dry onion", "Allium cepa", "Garden onion", "Bulb onions", "Allium aobanum", "Onions", "Onion set", "Spanish onion"], "response": "B. 1955.\n\nThe passage is discussing the history of luncheon vouchers in the UK, and the"}
{"cache_time": 2.0791680812835693, "response_time": 2348.184616088867, "answers": ["A week is a long time in politics", "Sir Harold Wilson", "Shadow Cabinet of Harold Wilson", "Harold Wilson, Baron Wilson of Rievaulx", "James Harold Wilson", "First Shadow Cabinet of Harold Wilson", "Harold Wilson's", "Wilson, Harold", "James Harold Wilson, Baron Wilson of Rievaulx", "Harold Wilson", "HAROLD WILSON", "Baron Wilson of Rievaulx Wilson Harold", "Baron Wilson of Rievaulx", "Shadow Cabinet of Harold Wilson I"], "response": "Harold Wilson."}
{"cache_time": 2.704063892364502, "response_time": 2322.9275970458984, "answers": ["Hartford.", "Hartford CT", "Hartford, Connecticut", "City of Hartford, Connecticut", "Hartford (Connecticut)", "Hartford Connecticut", "Hartford, Conn.", "Hartford, Ct.", "Hartford ct", "Hartford, USA", "Hartford, cn", "Hartford", "Hartford,CT", "Hartford, CT", "Capital of Connecticut", "Hartford, ct", "Hartford, Hartford County, Connecticut", "Hartford, Ct", "Hartford (CT)"], "response": "Lorne Greene"}
{"cache_time": 2.693567991256714, "response_time": 2551.588851928711, "answers": ["James Woods filmography", "James woods", "James Woods (actor)", "James Woods"], "response": "Bassam AL"}
{"cache_time": 2.7242560386657715, "response_time": 2842.1959075927734, "answers": ["Madrid, Madrid", "Madrilene", "Mayrit", "Madrile\u00f1a", "The weather in Madrid", "Madrile\u00f1o", "Madrid (Spain)", "Madrid", "Madrid, Spain", "Madrilenian", "Madrid (city)", "Capital of Spain", "Madrid capital", "Madrilena", "Madrid City", "Madrid (City)", "Madrid- Spain", "UN/LOCODE:ESMAD", "Madrileno", "Demographics of Madrid", "City of Madrid"], "response": "Cuatro Torres Business Area"}
{"cache_time": 2.704832077026367, "response_time": 7003.407363891602, "answers": ["My Fair Lady (2010 film)", "Enry Iggins", "Why Can't the English%3F", "My Fair Lady", "My Fair Lady (upcoming film)", "My Fair Lady (musical)", "My fair lady", "I'm an Ordinary Man", "My Fair Lady (2014 film)", "My Fair Lady (2012 film)", "My Fair Lady (2015 film)"], "response": "0.03 mph.\n\nBased on the passage, the maximum speed of a garden snail is 0.03 mph"}
{"cache_time": 2.6827199459075928, "response_time": 2732.0565490722656, "answers": ["Henry Mancini", "HENRY MANCINI", "Nothing to Lose (Henry Mancini song)"], "response": "\"Moon River\""}
{"cache_time": 2.6487679481506348, "response_time": 6554.260498046875, "answers": ["Sarrah Palin", "Governor Palin", "Trig Van Palin", "Sara palen", "Governor Sarah Palin", "Sarah paylin", "Piper Palin", "Sarah Palyn", "Sara palin", "Sarah Palin election", "Sarah palen", "Gov. Sarah Palin", "Sarah Palin", "Sarah palyn", "Sarah Louise Heath Palin", "Sara Palin", "Sara Pallin", "Serra paylin", "Willow Palin", "Sarah L. H. Palin", "Sarah palin", "Sara palyn", "Trig Paxson Van Palin", "Track Palin", "Sarah Louise Heath", "Sarah Heath", "Sarah Barracuda", "Gov. Palin", "Sarahpalin", "Sarah Heath Palin", "Sarah Louise Palin", "Palin 2012", "SARAH PALIN", "Trig Van Palen", "Trig Palin", "Sara Palyn", "Sarah H. Palin", "S Palin"], "response": "Alaska\n\nAs governor of Alaska, Sarah Palin is the subject of the passage. The passage provides information about her background, including her"}
{"cache_time": 2.5901761054992676, "response_time": 3916.51220703125, "answers": ["The Subway", "Subway (disambiguation)", "Subwya", "Subways", "Subway"], "response": "Bowman's Capsule: Kidney."}
{"cache_time": 2.6224958896636963, "response_time": 2897.5360107421875, "answers": ["Dame Anita Lucia Roddick", "Anita Roddick", "Anita Lucia Roddick", "Anita Rodick", "Gordon Roddick", "Anita Roddick Foundation"], "response": "Dame Anita Roddick."}
{"cache_time": 2.216480016708374, "response_time": 4935.418869018555, "answers": ["Peacherine", "Peach", "Prunus daemonifuga", "Nectarines", "Peach trees", "Peaches", "Nectarine", "Persica platycarpa", "Amygdalus potanini", "Peacherine tree", "Culture of peach", "White peach", "Clingstone peach", "Amygdalus persica", "Elegant Lady", "Persica nucipersica", "PEACH", "\ud83c\udf51", "Peacherines", "Freestone peach", "Amygdalus nucipersica", "A Peach", "Brugnon", "Prunus persica", "Persica potaninii", "Persica vulgaris"], "response": "Peach.\n\nIn Spain, peaches are commonly referred to as \"melocotones.\""}
{"cache_time": 1.8936320543289185, "response_time": 4577.984558105469, "answers": ["N Z", "Nouvelle-Zelande", "Kiwiland", "New Zealand's", "New Zealand.", "Nz", "New Zealand,", "NEW Z", "N Zealand", "NEW ZEALAND", "New Zealend", "Administrative divisions of new zealand", "New Zaeland", "N z", "Kiwistan", "Enzed", "NewZealand", "NZ", "Name of New Zealand", "Staten Landt", "New+Zealand", "NZL", "Nu Tirani", "Neo Zealand", "ISO 3166-1:NZ", "New Zealnd", "AoTeAroa", "Sheepland", "Aotearoa / New Zealand", "Subdivisions of New Zealand", "Its got that new zeal", "New Zealand", "Newzealand", "New Zeland", "New-Zealand", "New Zeeland", "Administrative divisions of New Zealand", "New Zealnad", "Staten Land", "N.Z.", "Staaten land", "New.Zealand", "Mew Zealand", "Maoriland", "N. Zealand", "Etymology of New Zealand", "New Xealand", "M\u0101oria", "New zelanad", "Niu Tireni", "New zealand", "New zeland", "Nova Zeelandia", "New zeeland"], "response": "b) New Zealand\n\nDylan Hartley was born in New Zealand."}
{"cache_time": 2.8908159732818604, "response_time": 6905.658279418945, "answers": ["Goldtrail"], "response": "2011. According to the passage, the 2011 London Marathon was sponsored by Virgin Money."}
{"cache_time": 3.044032096862793, "response_time": 5683.6240234375, "answers": ["one thousand, nine hundred and forty-eight", "1948"], "response": "NONE OF THE ABOVE. \n\nNone of the above passages mention any of the options provided."}
{"cache_time": 3.2561919689178467, "response_time": 2342.6222381591797, "answers": ["Archibald alec leach", "ArchibaldAlexanderLeach", "Archibald Alexander Leach", "Carygrant", "Cary Grant", "Archie Leach", "Carey Grant", "Cary Grant.", "Carry Grant", "Cary grant", "Cary grant filmography", "Cary Grant filmography"], "response": "Cary Grant."}
{"cache_time": 2.6426239013671875, "response_time": 3644.7283477783203, "answers": ["Cardigan", "Cardigan (disambiguation)"], "response": "James Brudenell, 7th Earl of Cardigan."}
{"cache_time": 2.7094080448150635, "response_time": 2744.821762084961, "answers": ["Melanins", "Brown eumelanin", "Melanization", "Catechol melanin", "Pheomelanin", "Phaeomelanic", "Catechol melanins", "Melanin synthesis", "Eumelanic", "Melanin", "Plant melanin", "Phaeomelanin", "Black melanin", "Eumelanin"], "response": "Neville Shute."}
{"cache_time": 2.5998079776763916, "response_time": 1952.9861450195312, "answers": ["Great daine", "Great Danes", "Deutsche Dogge", "Boarhound", "GREAT DANE", "German Mastiff", "Great dane", "Grand danois", "Great Dane"], "response": "Can opener."}
{"cache_time": 2.739583969116211, "response_time": 3510.8639068603516, "answers": ["ISO 3166-1:CL", "Cxilio", "Cile", "Etymology of Chile", "Republic of Chile", "Chilean Republic", "State of Chile", "Chile", "CHILE", "Name of Chile", "Rep\u00fablica de Chile", "Chil\u00e9"], "response": "Eleodoro Mayorga Alba"}
{"cache_time": 3.2759358882904053, "response_time": 6538.609649658203, "answers": ["MARTIN LUTHER KING", "The Reverend Doctor Martin Luther King, Junior", "Martin Luther King,Jr.", "MLK Jr.", "Luther king jr", "Rev. Martin Luther King, Jr.", "Michael luther king, jr.", "M. L. K., Junior", "Dr. Martin Luther King, Jr.", "M L K Jr", "Michael King II", "Mlkj", "M.L.K.", "M. L. K.", "M.L.K., Junior", "Martin Luther, Jr. King", "Martin Luther King Jr", "King, Martin Luther, Jr.", "Rev. Dr. Martin Luther King, Jr.", "Martin Luther King", "Michael King, Jr.", "M L K, Jr.", "Dr.martin luther king jr.", "M.L.K., Jr", "M. L. K., Jr", "Rev. Dr. Martin Luther King, Jr", "Martin Luther King, Jr", "Rev. Dr. Martin Luther King Jr.", "Martin Luther King, Junior", "Dr King", "Dr Martin Luther King", "M.L.K.,Jr.", "DMLKJ", "M L K Jr.", "Martin Luther King Junior", "M. L. King", "M.L.K. Jr.", "M. L. K. Jr.", "Why Jesus Called A Man A Fool", "Biography of Martin Luther King", "MLK,Jr.", "Martin Luther-King", "Martin Luther King Jr.", "Kingian", "M. L. K. Junior", "M.L.K. Junior", "Rev. Martin Luther King Jr.", "Dr. Martin L. King", "Doctor Martin Luther King", "Dr. King", "Martin King, Jr.", "Martain Luther King", "M.L.K.,Jr", "Martin Luther King, Jr.", "Martin Luther King, Jr,", "M L K, Junior", "MLK,Jr", "Doctor King", "Martin luther king", "Dr. Martin Luther King Jr.", "Martin Luther King, jr.", "Martin L. King", "MLK, Jr.", "Doctor Martin Luther King, Jr.", "M L K, Jr", "Martin L. King Jr.", "Mlk", "Martin Luther King, jr", "M L K Junior", "Martin luther ling", "MLK, Junior", "M L K", "Why Jesus Called Man a Fool", "Rev. Dr. Martin Luther King Jr", "MLK, Jr", "Mlk Jr.", "M. L. K., Jr.", "M.L.K., Jr.", "The Reverend Dr. Martin Luther King, Jr.", "Reverend Martin Luther King Jr.", "Reverend Martin Luther King, Jr.", "Martin Luther King,Jr", "Martin Luther King II", "Reverend Martin Luther King, Jr", "Dr. Martin Luther King", "Mlk jr", "Martin Luther king", "MLK", "Luther King", "Reverend King", "Martin luthur king jr", "Martin Luther King Jr. (redirects)", "Martin luther king changes the world", "MLK Jr", "Mlk junior", "Mlk jr.", "Dr. Martin Luther King, Jr", "M.L.K. Jr", "M. L. K. Jr", "Martin luther king jr"], "response": "Martin Luther King Jr.\n\nBased on the passage, the correct answer is Martin Luther King Jr., as the passage discusses his Nobel Peace Prize"}
{"cache_time": 3.126528024673462, "response_time": 7590.195220947266, "answers": ["Arturo toscanini", "Arturo Toscinini", "Arturo Toscannini", "Toscanini", "ARTURO TOSCANINI", "Arturo Toscanini", "Charles O'Connell (music producer)"], "response": "NBC Symphony Orchestra\n\nNote: There is no passage provided, but the name of the orchestra is mentioned in the text."}
{"cache_time": 2.9716479778289795, "response_time": 2879.178726196289, "answers": ["Roddy Doyle"], "response": "Virago Press."}
{"cache_time": 3.3701119422912598, "response_time": 1969.0865173339844, "answers": ["BLACKSTAR", "Blackstar (TV series)", "BlackStar", "Powerstar"], "response": "David Bowie"}
{"cache_time": 3.2203519344329834, "response_time": 1615.6283416748047, "answers": ["Chinese People's Republic", "China (Peking)", "The prc", "Socialist China", "Chinese PR", "PRoC", "PRC", "China's", "P. R. of China", "People's Republic Of China", "The People's Republic of China", "China", "Territorial disputes of China", "China PRC", "People's repuublic of china", "China (PRC)", "China (People's Republic)", "People's Republic of China (Mainland China)", "Zhonghua Renmin Gonghe Guo", "People' Republic of China", "Prc", "People's republic of china", "People' s Republic of China", "P.R. of China", "China, People's Republic of", "Chung-Kuo", "P.R.C.", "The people's republic of china", "Zhong Guo", "Peoples republic of China", "Red China (modern)", "Chung-kuo", "The PRC", "Zhonghuarenmingongheguo", "State of China", "Zhonghu\u00e1 r\u00e9nm\u00edn g\u00f2ngh\u00e9gu\u00f3", "\u4e2d\u56fd", "Peoples republic of china", "P.R.China", "People's Republic or China", "Zhonghua Renmin Gongheguo", "China, the People's Republic of", "Nation of China", "People\u2019s Republic of China", "China, PRC", "Zh\u014dnghu\u00e1 R\u00e9nm\u00edn G\u00f2ngh\u00e9gu\u00f3", "Modern day China", "Peoples Republic of China", "PROC", "\u4e2d\u534e", "Chaina", "Zhongguo", "Homes in china", "People's republic of China", "Zh\u014dnggu\u00f3", "Sinic", "China PR", "PRC (China)", "\u4e2d\u570b", "Jhonggu\u00f3", "Red Chinese", "(The People's Republic of) China", "The People\u2019s Republic of China", "China (Republic : 1949- )", "CHINA", "China People's Republic", "Pr china", "P.r. of china", "Chungkuo", "ISO 3166-1:CN", "Land of China", "Zhonghua renmin gongheguo", "P.R. China", "Zhonggu\u00f3", "\u4e2d\u534e\u4eba\u6c11\u5171\u548c\u56fd", "PRChina", "\u4e2d\u83ef", "PR of China", "\u4e2d\u83ef\u4eba\u6c11\u5171\u548c\u570b", "Pr of c", "Cihna", "Communist China (modern)", "P. R. China", "People's Republic of China (PRC)", "Peoples' Republic of China", "The Peoples Republic of China", "People's Republic of China", "Pr of china", "PR China", "P.R. of CHINA"], "response": "China."}
{"cache_time": 3.3364479541778564, "response_time": 2770.029541015625, "answers": ["Midtribulation rapture", "Midtribulationism", "Pre-tribulation", "Pre-tribulation rapture", "Rapture", "Pretribulation rapture", "Mid-tribulation rapture", "Rapture (Protestant belief)", "The Teaching of the rapture", "Pretribulationistism", "Pre Tribulation", "Pre-tribulational", "Pre-trib"], "response": "\"The Tide is High\""}
{"cache_time": 2.705280065536499, "response_time": 6778.4642333984375, "answers": ["Coalition of the radical left", "\u03a3\u03a5\u03a1\u0399\u0396\u0391", "SY.RIZ.A.", "Coalition of Radical Left", "Syriza coalition", "SYRIZA", "Radical Left Coalition", "SyRizA", "Syriza", "Coalition of the Radical Left-Ecologist Greens", "Coalition of the Radical Left"], "response": "Greece\n\nThe passage is providing information about the swearing-in of Alexis Tsipras as the new Prime Minister of Greece, specifically mentioning"}
{"cache_time": 2.6975998878479004, "response_time": 4369.517547607422, "answers": ["Respection", "Respecting", "Re\u017fpect", "Disrespect", "Respect", "Respectability"], "response": "George Galloway is the Respect party MP for Bradford West."}
{"cache_time": 2.638047933578491, "response_time": 6759.314437866211, "answers": ["Blustery", "Eolic", "Aeolian Action", "Wind Cycle", "Cyclostrophic Wind", "Wind (weather)", "Aeolian activity", "\ud83c\udf2c", "Winds", "Wind gust", "Gust (wind)", "Wind strength", "Land and sea breeze", "WInds", "WInds.", "Barometric gradient", "Wind", "Winds."], "response": "Coven.\n\nThe passage states that a coven is a gathering of witches, and the word \"coven\" is used in the"}
{"cache_time": 2.7289280891418457, "response_time": 5812.391998291016, "answers": ["FRIENDS REUNITED", "Friends Reunited", "FriendsReunited.co.uk", "Friendsreunited", "Friends reunited"], "response": "15 years.\n\nAccording to the passage, Friends Reunited was created 15 years ago."}
{"cache_time": 2.7016959190368652, "response_time": 2689.772491455078, "answers": ["Zambesi", "Zambezi river", "Zambezi basin", "Zambezi Valley", "Zambesi river", "Zambeze River", "Zambesi River", "Zambezian coastal flooded savanna", "Kabra Bassa rapids", "River Zambezi", "Sambesi", "Great Zambezi River", "Zambezi River", "Zambezi", "Zambezi valley", "Zambeze"], "response": "Victoria Falls"}
{"cache_time": 2.7540481090545654, "response_time": 2252.6412658691406, "answers": ["Aston Villa", "Aston Villa F.C", "Aston Villa FC", "Villa News and Record", "Aston villa", "AVFC", "Aston Villa F C", "Aston vil", "Aston Villa F. C.", "Aston Villa Football Club", "Villa football club", "Aston Villa Hall of Fame", "Aston Villa F.C."], "response": "KINGSTON."}
{"cache_time": 2.8687679767608643, "response_time": 2881.795120239258, "answers": ["Canada", "Canad\u00e1", "The Dominion of Canada", "Commonwealth of Canada", "Dominion of canada", "ISO 3166-1:CA", "Etymology of Canada", "CANADA", "Canadiophile", "Canada's", "\u1472\u14c7\u1455", "Canada/References", "America's top hat", "Canada.", "Cnada", "\u010canada", "Canadian Federation", "Kenadian", "Canadialand", "Xanada", "Dominion of Canada", "Canadaa"], "response": "A. Michael Schumacher."}
{"cache_time": 4.174784183502197, "response_time": 1613.1338348388672, "answers": ["Carsicky", "Simulation sickness", "Mal de mer", "Car sickness", "TRAVEL SICKNESS", "Carsick", "Travel sickness", "Motion sickness", "Gaming sickness", "Carsickness", "Benzylamine hydrochloride", "Kinesia", "Car-sickness", "Car sick", "Kinetosis"], "response": "Lemon"}
{"cache_time": 3.0897281169891357, "response_time": 3767.2898712158203, "answers": ["Foot fracture", "Human feet", "Foot muscles", "Pedis", "Dorsum of foot", "Joints of foot", "Plates of meat", "Muscles of the Feet", "Foot dorsum", "Foot", "Joints of the foot", "Articulatio pedis", "Broken foot", "Foot (anatomy)", "Articulationes pedis", "Foot type", "Insteps", "Articulations of foot", "Human foot", "Foot sweat", "Instep", "Feet", "Foot deformities", "Foot taboo", "Foot fractures"], "response": "Mexican sandal (Huarache)"}
{"cache_time": 2.7142720222473145, "response_time": 6751.753234863281, "answers": ["Dennis Waterman", "Denis Waterman", "Dennis waterman"], "response": "Ben Drew\n\nExplanation:\n\nThe passage is discussing the new film adaptation of the television series \"The Sweeney,\""}
{"cache_time": 3.354048013687134, "response_time": 3440.125961303711, "answers": ["House of Peers of the United Kingdom", "United Kingdom House of Peers", "House Of Lords", "The Right Honourable The Lords Spiritual and Temporal of the United Kingdom of Great Britain and Northern Ireland in Parliament Assembled", "Lords Spiritual and Temporal", "House of Lords of the United Kingdom", "Noble friend", "House of LORDS", "House of Lords, Parliament of the United Kingdom of Great Britain and Ireland", "House of Lords of the United Kingdom of Great Britain and Northern Ireland", "House of Lords (UK)", "The Right Honourable the Lords Spiritual and Temporal of the United Kingdom of Great Britain and Northern Ireland in Parliament assembled", "The House of Lords", "United Kingdom House of Lords", "English House of Lords", "House of Lords", "House of lords", "House of Lords, Parliament of the United Kingdom of Great Britain and Northern Ireland", "House of Peers of the United Kingdom of Great Britain and Northern Ireland", "House of Lords (United Kingdom)", "UKHL", "Gilded Chamber", "British House of Lords"], "response": "Barbara Castle, Baroness Castle of Blackburn."}
{"cache_time": 4.024991989135742, "response_time": 2477.5874633789062, "answers": ["Niagra Falls", "Niagara Falls (N.Y. and Ont.)", "Roger Woodward (Niagara Falls)", "Daredevils of Niagara Falls", "Over the Falls in a barrel", "Niagra falls", "Niagara Falls Power Generation", "Cataratas del Niagara", "Niagara falls", "NiagaraFalls", "Niagara Falls power generation", "The Hell of Waters", "Over Niagara Falls", "NIAGARA FALLS", "Cataratas del Ni\u00e1gara", "Niagara Falls"], "response": "Brickfielder"}
{"cache_time": 1.8423999547958374, "response_time": 1928.0845031738281, "answers": ["twelve", "12"], "response": "12."}
{"cache_time": 2.1890881061553955, "response_time": 2044.6770782470703, "answers": ["Pieman (disambiguation)", "Pie man", "The Pie man.", "Pieman", "Pie Man"], "response": "A pieman"}
{"cache_time": 3.263808012008667, "response_time": 2192.161834716797, "answers": ["Boston Braves (disambiguation)", "Boston Braves"], "response": "Z-Cars"}
{"cache_time": 3.438080072402954, "response_time": 2691.398635864258, "answers": ["Katheryn Perry", "Kathryn Elizabeth Hudson", "Katy Perry", "Katheryn Elizabeth Hudson", "Katy Perrie", "KatyCat", "Katy Hudson Perry", "Katy Cats", "Katty Perry", "Hudson (singer)", "David D. Hudson", "Katy Cat", "Katheryn Hudson", "(A) Katy Perry", "Katy pery", "Katheryn E. Hudson", "David Hudson (singer)", "Katy perry", "KatyCats", "Kate Perry", "David Daniel Hudson", "Katy Hudson"], "response": "Bill Tidy"}
{"cache_time": 3.1578879356384277, "response_time": 2285.4195404052734, "answers": ["Ian Robert Maxwell", "Maxwell, Robert", "Ian Robert Maxwell MC", "Maxwell, (Ian) Robert", "(Ian) Robert Maxwell", "J\u00e1n Ludv\u00edk Hoch", "J\u00e1n Ludwig Hoch", "Ian Ludwig Hoch", "Jan Ludwig Hoch", "Robert Maxwell (politician)", "Robert Ian Maxwell", "J\u00e1n Ludvik Hoch", "Robert Maxwell"], "response": "Mirror Group fund."}
{"cache_time": 3.075103998184204, "response_time": 3035.0223388671875, "answers": ["Gene Vincent & the Blue Caps", "Blue-caps", "Eugene Craddock", "Say Mama", "Vincent Eugene Craddock", "Blue Caps", "Bluecaps", "Gene Vincent and the Bluecaps", "Blue caps", "Gene Vincent", "Gene Vincent & His Blue Caps", "Gene Vincent and the Blue Caps", "Blue-cap", "Vincent Craddock", "The Blue Caps"], "response": "Be-Bop-A-Lula"}
{"cache_time": 2.7996480464935303, "response_time": 3414.5392150878906, "answers": ["Peacock", "Peahens", "Peacocks", "Peachick", "Pavo, Afropavo", "Pea fowl", "White peacock (bird)", "Peahen", "Pea cock", "Peacock feather", "Peacockery", "Peafowl", "Indian Blue Peacock"], "response": "Peacock - a male or female name."}
{"cache_time": 2.694783926010132, "response_time": 2403.1048126220703, "answers": ["Karl Marx", "Karl Heinrich Marx", "K. H. Marx", "Marx, Karl", "K Marx", "Carl Heinrich Marx", "Carl Marks", "K. Marx", "Karol Marks", "Carl Marx", "Father of Communism", "Karl Marks", "Karl marx", "Marx"], "response": "Zeppo Marx"}
{"cache_time": 2.885279893875122, "response_time": 2841.8785552978516, "answers": ["Almond tree", "Luz (nut)", "Amygdalus amara", "Almond oil", "Marcona almonds", "Mandel (nut)", "Badam", "Almond Bitter Oil", "Prunus dulcis", "Almond trees", "Amygdalus communis", "Almendrado", "Amygdalus dulcis", "Marcona Almonds", "Prunus amygdalus dulcis", "Druparia amygdalus", "Marcona almond", "Marcona Almond", "Prunus amygdalus", "Almond extract", "Amygdalus fragilis", "Amygdalus sativa", "Baadaam", "Oil of bitter almond", "Toasted Almond", "Oleum amygdalae", "Bitter almonds", "Sweet almond oil", "Almond", "\u0644\u0648\u0632", "Almonds", "Oil of Bitter Almonds", "Almond syrup", "Bitter almond"], "response": "Multi User Dungeon (MUD)"}
{"cache_time": 2.784735918045044, "response_time": 2675.704864501953, "answers": ["The Likes of Us"], "response": "Millicent Martin."}
{"cache_time": 3.227263927459717, "response_time": 6959.135681152344, "answers": ["Carberry", "Carberry (disambiguation)"], "response": "Colin Firth\n\nThe passage is:\n\nQuestion:\nWho won the 2011 Best Actor Oscar Award?"}
{"cache_time": 2.5707199573516846, "response_time": 6875.314208984375, "answers": ["Scratch sheet", "Race horse", "Pony racing", "Horse Racing", "Racing horse", "Racing industry", "Horse racing in Japan", "Horse-racing", "Keiba", "\ud83c\udfc7", "Horse racing", "Horse racing venue", "Racing on horseback", "Quarter-Horse Racing", "Horse race", "Horse races", "Racehorses", "Horse-race", "Racehorse", "Turf patron", "Horserace", "Horseracing"], "response": "Melbourne\n\nThe question asked for the location that is connected by the following list of names: Vikramshila Setu, Rajendra"}
{"cache_time": 2.7041919231414795, "response_time": 2360.527816772461, "answers": ["Kim Smith", "Smith, Kim", "Kimberley Smith", "Kimberly Smith", "Kimberley Smith (athlete)", "Kimberley Smith (disambiguation)", "Kim Smith (disambiguation)"], "response": "$8 million"}
{"cache_time": 2.6436800956726074, "response_time": 2349.691848754883, "answers": ["Seven Boar", "Severn river (great britain)", "Afon Hafren", "Severn Vale", "Severn River (Great Britain)", "River Severn", "Severn", "The Severn River"], "response": "Birmingham Canal"}
{"cache_time": 2.7797439098358154, "response_time": 4449.133529663086, "answers": ["\u2121", "Fixed telephony", "\u2706", "Telephone receiver", "Fone", "Telpehone", "Telephone and Telephone System", "Telephone", "\u260f", "\u260e", "Phone", "\ud83d\udcde", "\u2315", "Telephones", "A phone", "Phones", "Telephone set", "Telephone bell", "Station set", "Telephone cord", "Telephone communication"], "response": "NONE OF THESE. There is no passage or question related to the information provided."}
{"cache_time": 2.6225600242614746, "response_time": 6521.0029296875, "answers": ["Raffaello Sanzio", "RAPHAEL", "Raffaelo Santi", "Raphael Santi", "Raffael", "Raffaelo", "Raffaello da Urbino", "Rafael Sanzio", "Rafael Sancho", "Raphael", "Raffaello Santi", "Raphael Urbinas", "Raphaelesque", "Raffaello Sanzio da Urbino", "Raphael Sanzio", "Raphael (painter)", "Sanzio", "Raphael Sanzi", "Rapheal", "Rafael Sanzio da Urbino", "Raphaello Sanzio"], "response": "1. Pacific Ocean Island\n2. Brahma, Shiva, and Vishnu\n3. Centimetre\n4. Sticky"}
{"cache_time": 1.7622720003128052, "response_time": 2377.8959045410156, "answers": ["Jools oliver", "James Trevor 'Jamie' Oliver, MBE", "Juliette Norton", "James Trevor 'Jamie' Oliver", "Jamie Oliver", "Jools Oliver", "James Oliver (chef)", "James Trevor Oliver, MBE", "Naked Chef", "James Trevor Oliver", "Naked chef"], "response": "Jamie Oliver."}
{"cache_time": 3.0156478881835938, "response_time": 6778.175476074219, "answers": ["Marcel Marco", "Mime Marceau", "Le Troisi\u00e8me Oeil", "Marcel marseau", "Bip the clown", "Marcel Mangel", "Le Troisieme Oeil", "Marcel Marceau"], "response": "Marcel Marceau. \n\nHere are the questions and answers based on the given passages:\n\nQuestion: Who is the inspiration for"}
{"cache_time": 2.7311999797821045, "response_time": 6654.917694091797, "answers": ["Sweating", "Hidromeiosis", "Persperation", "\ud83d\udca6", "Dipahoresis", "Sudation", "Diaphoretic", "Diaphoretics", "Perspiration", "Perspire", "Sweat", "Flop sweat", "Human sweat", "Sweaty", "Diaphoresis", "Sudorific"], "response": "To regulate body temperature. Sweating is a natural process in which the body releases heat and cools down. When the body temperature rises, the"}
{"cache_time": 2.4832000732421875, "response_time": 2792.0496215820312, "answers": ["Almond tree", "Luz (nut)", "Amygdalus amara", "Almond oil", "Marcona almonds", "Mandel (nut)", "Badam", "Almond Bitter Oil", "Prunus dulcis", "Almond trees", "Amygdalus communis", "Almendrado", "Amygdalus dulcis", "Marcona Almonds", "Prunus amygdalus dulcis", "Druparia amygdalus", "Marcona almond", "Marcona Almond", "Prunus amygdalus", "Almond extract", "Amygdalus fragilis", "Amygdalus sativa", "Baadaam", "Oil of bitter almond", "Toasted Almond", "Oleum amygdalae", "Bitter almonds", "Sweet almond oil", "Almond", "\u0644\u0648\u0632", "Almonds", "Oil of Bitter Almonds", "Almond syrup", "Bitter almond"], "response": "Almond and apricot."}
{"cache_time": 2.72271990776062, "response_time": 6650.074035644531, "answers": ["Budimpe\u0161ta", "Budapest", "Veres P\u00e9ter Gimn\u00e1zium", "Budape\u0161\u0165", "Judapest", "Transport in Budapest", "Budapesth", "Uj-Pest", "Buda-Pest", "Buda-Pesth", "Budape\u0161t", "Boedapest", "Capital of Hungary", "Nepsziget", "City of Budapest", "Budapest (Hungary)", "N\u00e9psziget", "Buda-pesth", "UN/LOCODE:HUBUD", "Budapest, Hungary"], "response": "Budapest\n\nPassage:\n\nDanube Waltz River Cruise Videos - 2017 Passau to Budapest"}
