{"cache_time": 2181.1484375, "response_time": 979.800048828125, "answers": ["The United States of America", "United States Of Amerca", "Us of a", "U.\u2013S.\u2013A.", "Americaland", "United States (U.S.A.)", "Amurika", "Unite states of america", "United States of America (redirect)", "The U S A", "Unietd States", "EE UU", "The U.S.A.", "U.-S.-A.", "Usa", "United Staets of America", "Unites States", "\u00c9tats-Unis d'Am\u00e9rique", "Verenigde State", "U.\u2013S.", "The United States of America.", "The U-S-A", "EEUU", "U. S. A.", "Nagkaisang mga Estado", "The U. S. of America", "The USA", "America (United States)", "The U. S. A.", "U S of America", "UNITED STATES", "Estados Unidos", "The U\u2013S", "American United States", "US and A", "Unitd states", "The US of A", "EE.UU.", "U-S", "The U-S", "Etymology of the United States", "U.S.A.)", "EE. UU.", "United states of america", "US of america", "Verenigde State van Amerika", "Nited States", "United-States", "Unite States", "Estados Unidos de Am\u00e9rica", "UnitedStates", "Estaos Unios", "US of America", "The Usa", "United states of America", "Untied States of America", "The U S of America", "THE AMERICAN UNITED STATES", "The United-States", "U S A", "AmericA", "Estados Unidos de America", "United states", "The U.S. of America", "Amerka", "United\u2013States", "U.s.a.", "United States of America", "United State of America", "United States (US)", "The U.S. of A", "America", "Amercia", "Stati Uniti d'America", "Los Estados Unidos de America", "United Stated", "U.S.", "United States (of America)", "United States", "States of America", "America-class", "Los Estados Unidos", "U,S,", "United States (country)", "Federal United States", "ISO 3166-1:US", "Untied States", "The U.\u2013S.\u2013A.", "VS America", "Amurica", "Etats-Unis d'Amerique", "US", "U.S. OF A", "USofA", "Etats-Unis", "U.S. of A", "United States of America (U.S.A.)", "Amarica", "The United States", "U-S-A", "United States/Introduction", "The Us", "Unitesd states", "The U S of A", "America class", "America magazine", "\u0627\u0644\u0648\u0644\u0627\u064a\u0627\u062a \u0627\u0644\u0645\u062a\u062d\u062f\u0629 \u0627\u0644\u0623\u0645\u0631\u064a\u0643\u064a\u0629", "The U. S. of A", "U S", "(USA)", "The United\u2013States", "United States (U.S.)", "U.-S.", "United States of America (USA)", "'merica", "The US", "United States of America.", "UNited States", "The U.S.", "AMERICA", "United States of America/OldPage", "United+States", "The U S", "United Sates", "THE UNITED STATES OF AMERICA", "U\u2013S\u2013A", "United States Of America", "U.S. of America", "U\u2013S", "Los Estados Unidos de Am\u00e9rica", "The U.-S.", "United sates", "The United States Of America", "America (country)", "United States of American", "United state of america", "The U.\u2013S.", "Amurka", "U. S. of A", "The U. S.", "United States America", "US of A", "\u00c9tats-Unis", "USoA", "USA", "Estaos Un\u00edos", "America, United States of", "U. S. of America", "U.S.American", "(US)", "The U\u2013S\u2013A", "U. S.", "U.S. America", "U.S. A", "Yankee land", "America (US)", "U.S", "America (United States of)", "US (country)", "UNITED STATES OF AMERICA", "U.S.A", "Estados unidos", "Americia", "The US of america", "Vereinigte Staaten", "US America", "These United States of America", "VS Amerika", "Name of the United States", "The united states of america", "Estatos Unitos", "America (USA)", "The U.-S.-A.", "United States of America/Introduction", "The US of America", "Americophile", "V.S. America", "U.S.A.", "U S of A", "V.S. Amerika", "United+States+of+America", "The Unites States of America"], "response": "The United States."}
{"cache_time": 3370.06982421875, "response_time": 2386.5958557128906, "answers": ["The Black Eyed Peas", "Yesterday (The Black Eyed Peas song)", "Black Eyed Peas", "Instant def", "The Black-Eyed Peas", "The black eyed peas", "Black Eyed Peas (band)", "TBEP", "Roots to Fruits", "Black eyed peas (band)", "Black-Eyed Peas", "Black Eyed Peas, The", "Black Eyed peas (group)", "Black eyed pees", "BLACK EYED PEAS", "Black-eyed Peas", "Yesterday (The Black Eyed Peas)", "Black Eye Peas"], "response": "\u266b Bad Romance - Lady Gaga."}
{"cache_time": 2178.10400390625, "response_time": 1483.546615600586, "answers": ["55", "fifty-five"], "response": "B. Lake Placid."}
{"cache_time": 2923.57666015625, "response_time": 5694.27458190918, "answers": ["Vivaldi", "A.Vivaldi", "Antonio Lucio Vivaldi", "The Red Priest", "A. Vivaldi", "Prete Rosso", "Antonio Vivaldi", "Il Prete Rosso"], "response": "B) Antonio Vivaldi\n\nThe passage provides information about Antonio Vivaldi's life, including his birth, health issues, love life"}
{"cache_time": 2195.648681640625, "response_time": 1196.9075164794922, "answers": ["Dartmoor National Park", "DARTMOOR", "Dartmoor National park", "Dartmoor", "Okehayes Nursery", "Dartymoor"], "response": "High Willhays."}
{"cache_time": 2680.55029296875, "response_time": 1169.9384307861328, "answers": ["Chazer", "Piggeh", "Sus (genus)", "Pig", "Pigs", "\ud83d\udc37", "\ud83d\udc16", "\ud83d\udc3d"], "response": "Bodhr\u00e1n"}
{"cache_time": 2144.33740234375, "response_time": 1826.60302734375, "answers": ["Fonticulus", "Fontanel", "Soft spot", "Fonticuli cranii", "Fontanell", "Fontanelle", "Depressed fontanelle", "Fontanelles", "FONTANELLE", "Soft spots", "Fonticuli", "Fontanels"], "response": "* Posterior fontanelle"}
{"cache_time": 3214.252685546875, "response_time": 5799.378952026367, "answers": ["Berkshire, England", "Highway, Berkshire", "Royal Country of Berkshire", "Berkshire", "Royal Berkshire", "County of Berkshire", "Royal County of Berkshire", "County of Berks"], "response": "Wellington College \n\nBased on the given passages, the correct answer is Wellington College. Please note that the other options provided"}
{"cache_time": 2219.629638671875, "response_time": 1649.886215209961, "answers": ["Alysian fields", "Elysian Fields", "Elysian Fields (disambiguation)", "The Elysian Fields", "Elysiane fields", "Elysian fields"], "response": "2. Mysterious Girl"}
{"cache_time": 2205.59326171875, "response_time": 2018.8385162353516, "answers": ["Ben hur", "Ben-Hur (film)", "Ben hurr", "Ben-hur", "Ben-Hur (disambiguation)", "Ben Hurr", "Ben-Hur", "Ben Hur"], "response": "B. E. Housman."}
{"cache_time": 2711.709228515625, "response_time": 5545.103332519531, "answers": ["Crystal Gayle discography", "Crystal Gayle", "Crystal gale"], "response": "Crystal Gayle\n\nBased on the passage, Crystal Gayle is a musician who can be booked for speaking engagements"}
{"cache_time": 2211.418212890625, "response_time": 679.4332122802734, "answers": ["The End.", "The End (television)", "The End (book)", "The End", "The End (disambiguation)", "The END", "The End (album)", "The End(album)", "The End (Single)", "The End (band)", "The End (film)", "The End (song)", "The end"], "response": "Fine."}
{"cache_time": 2198.50830078125, "response_time": 5635.78059387207, "answers": ["Nadine Elizabeth Louise Coyle", "Outta My Mind", "Nadine Coyle discography", "NADINE COYLE", "Girl On the Loose", "Nadine Coyle"], "response": "British.\n\nPassage:\nJoe Kennedy Sr. was the American Ambassador to what country during World War II?"}
{"cache_time": 2187.7919921875, "response_time": 1357.8086395263672, "answers": ["TL;DR", "Tl;dr", "Too long, didn't read", "TL-DR", "Too long; didn't read"], "response": "Domestic dogs."}
{"cache_time": 2236.34814453125, "response_time": 1124.3171844482422, "answers": ["Smert' Shpionam", "SMERSH", "\u0421\u041c\u0415\u0420\u0428", "Smersh", "NKVD Special Section"], "response": "Jeff Bridges."}
{"cache_time": 2200.095703125, "response_time": 769.7377319335938, "answers": ["Baby Buggy", "Baby buggy"], "response": "Male issue."}
{"cache_time": 3943.454833984375, "response_time": 2413.745147705078, "answers": ["Brighthelmstone", "UN/LOCODE:GBBSH", "Brighton music", "Brighton Ferry", "Brighton, UK", "Brighton, Sussex", "Mayor of Brighton", "Brighton, East Sussex", "Brighton Borough Council", "County Borough of Brighton", "Brighton, England", "Brighton"], "response": "LORD FREDERICK NORTH"}
{"cache_time": 2278.996826171875, "response_time": 971.8354034423828, "answers": ["James bLUNT", "James blunt", "JAMES BLUNT", "Blunty", "James Blunt", "James Hillier Blount", "Blunt, James"], "response": "James Blunt."}
{"cache_time": 2200.0126953125, "response_time": 2050.044952392578, "answers": ["Court (volleyball)", "Volley ball", "Libero (volleyball)", "Serve (Volleyball)", "Spike (volleyball)", "Vollyball", "Spike (Volleyball)", "Outside hitter", "VolleyBall", "Volleyball dig", "Rally point system", "Indoor volleyball", "History of volleyball", "Volleyball", "\ud83c\udfd0", "V-ball", "Lebro", "High school volleyball", "Volley-Ball", "Volley Ball", "Setter (Volleyball)", "Mintonette", "Volleyball court", "VOLLEYBALL", "Serve (volleyball)", "Volleyball rules", "Volley-ball"], "response": "1. REDCURRANTS"}
{"cache_time": 2260.005615234375, "response_time": 641.8964538574219, "answers": ["Orange (album)", "Orangeishness", "Orange (film)", "Orangishness", "Orangeishly", "Orangishly", "Orange", "Oranfe", "Orange (disambiguation)"], "response": "Orange."}
{"cache_time": 2260.522216796875, "response_time": 3004.7457427978516, "answers": ["Notable sufferers of parkinson's disease", "Symptoms of parkinson's disease", "Signs of parkinson's disease", "Parkinsons", "Pakinson's Disease", "Parkinson's", "Parkinsonism, primary", "Parkinston's disease", "Shaking Palsy", "Hypokinetic rigid syndrome", "Motor symptoms of Parkinson's disease", "Parkinson's disease and Diet", "Morbus Parkinson", "Motor symptoms parkinson's disease", "Parkinsonians", "Antiparkinsonism", "Shaking palsy", "Parkinson\u2019s", "Neuropsychiatric symptoms of parkinson's disease", "Epidemiology of parkinson's disease", "History of parkinson's disease", "Parkinson\u2019s Disease", "Parkinsons' disease", "Diagnosis of parkinson's disease", "Prognosis of parkinson's disease", "Parkinson disease", "Parkinsons Disease", "Traumatic Parkinson's", "Parkinson's disease research directions", "Parkinson's Disease", "Causes of parkinson's disease", "Research directions in parkinson's disease", "Parkinston\u2019s disease", "Parkinson's disease", "Parkinson\u2019s disease", "Pathophysiology of parkinson's disease", "Parkinsons' Disease", "Classification of parkinson's disease", "Parkinsons disease", "Parkinsonian tremor", "Research directions of parkinson's disease", "Paralysis agitans", "Parkinsonian tremors", "Genetic causes of parkinson's disease", "Parkinson facies"], "response": "10 Things You Should Know About Parkinson\u2019s Disease"}
{"cache_time": 4079.122802734375, "response_time": 1528.136703491211, "answers": ["Birdman of Alcatrez", "Della Mae Jones", "The alcatraz bird man", "Robert Franklin Stroud", "Birdman Of Alcatraz", "Bird Man of Alcatraz", "Robert Stroud", "ROBERT STROUD", "The Birdman of Alcatraz", "Birdman of Alcatraz"], "response": "Birdman of Alcatraz."}
{"cache_time": 2199.72705078125, "response_time": 1138.5231323242188, "answers": ["Zadok The Priest", "Zadok the Priest", "\"\"\"Zadok the Priest\"\"\"", "Zadoc the Priest", "Zadok the priest"], "response": "Yuppy Love."}
{"cache_time": 3296.594482421875, "response_time": 5813.292037963867, "answers": ["Fedallah", "Timor Tim", "Dagoo", "Moby-Dick: Captain Ahab", "Moby Dick; or, The Whale", "Ahab's Wife, Or, The Star-Gazer", "Moby-dick", "Moby Dick: Captain Ahab", "Fast-Fish and Loose-Fish", "Tashtego", "Call me Ishmael", "Moby-Dick (character)", "Moby-Dick", "Moby-Dick; or, The White Whale", "Starbuck: Moby Dick", "Moby dick", "Moby-Dick; or, The Whale", "Moby Dick (Novel)", "Starbuck (Moby-Dick)", "Ahabian", "Moby Dick", "MobyDick", "Moby-Dick (novel)"], "response": "Question: What is the name of the director of the 1956 film adaptation of Moby Dick?\n\nAnswer:\n\nThe"}
{"cache_time": 2453.119384765625, "response_time": 1119.7849731445312, "answers": ["Childe Harold's"], "response": "Monday"}
{"cache_time": 2256.59765625, "response_time": 1918.3902435302734, "answers": ["Gordon Jackson (disambiguation)", "GORDON JACKSON", "Gordon Jackson", "Jackson, Gordon"], "response": "GORDON JACKSON."}
{"cache_time": 2477.31494140625, "response_time": 1586.6163024902344, "answers": ["Spiced Rum", "Spiced rum", "Rum", "Gunpowder Rum", "Rum (beverage)", "White rum", "Jamaica Spirits", "Ca\u00f1a blanca", "Dark rum", "White Rum", "Cuban rum", "Jamaica Spirit", "Gold rum", "Cane spirit", "Light rum", "Black rum", "Rude rum", "Hard rum", "Overproof rum", "Coconut rum"], "response": "A.P. Wells."}
{"cache_time": 2248.86474609375, "response_time": 1897.6204986572266, "answers": ["Trent", "Trent (disambiguation)", "TRENT"], "response": "Fyodor Dostoevsky"}
{"cache_time": 2232.046630859375, "response_time": 1079.2919006347656, "answers": ["Domestic dogs", "Female dogs", "Canis familiaris", "Canis Familaris", "Canis familiaris domesticus", "Dogs (Animals)", "\ud83d\udc15", "She dog", "She-dog", "Dogs", "Doggy", "Canis familiarus domesticus", "Domestic dog", "Dogs as pets", "Dog (pet)", "Dog (Domestic)", "Pet dog", "She dogs", "Canis lupus familiaris", "Canine lupus", "Dog hood", "Shedog", "\ud83d\udc36", "The domestic dog clade", "A dog", "Canis domesticus", "Dogs as our pets", "Canis Canis", "Domestic Dog", "Canis Lupus Familiaris", "Doggie", "Dog", "C.l. familiaris", "Doggies", "A man's best friend", "Doghood", "Shedogs", "Bitch (female dog)", "She-dogs", "Dogness", "Bitch (dog)", "Female dog", "C. l. familiaris", "Shelter dog"], "response": "B) Dog"}
{"cache_time": 3386.795654296875, "response_time": 3774.2787017822266, "answers": ["Dakota", "Dakota (disambiguation)", "DakotaS"], "response": "The song \"Dakota\" by the Welsh band Stereophonics."}
{"cache_time": 2188.978515625, "response_time": 1905.9671173095703, "answers": ["Chili Pepper", "Red Chili", "Hot peppers", "Red chile", "Red chili", "Chili (capsicum)", "Chili Peppers", "Chili pepper", "Chilli pepper", "Chillies", "Chilli (pepper)", "Chile peppers", "\ud83c\udf36", "Chili peppers", "Hot pepper", "Chilli", "Green chilies", "Dahon ng sili", "Red chillies", "Chilli peppers", "Chile pepper", "Chilly pepper", "Green chile", "Green chillies", "Red Chillies", "Gochoo", "Chile (capsicum)", "Green chili"], "response": "A type of chili pepper."}
{"cache_time": 2299.30078125, "response_time": 3356.3330688476562, "answers": ["Basketball", "Basketball gear", "Bball", "Boy's Basketball", "B Ball", "Shoot hoops", "Basketball parity worldwide", "Men's Basketball", "High school basketball", "Basketball Worldwide", "Basketball club", "B-ball", "Basket-ball", "Basketball team", "\ud83c\udfc0", "Basketball rim", "Basketballer", "Rim (basketball)", "Basket ball", "Basketball net", "Baksetball", "Basketball player", "Basket-Ball", "Women's hoops", "Men's basketball", "BasketBall", "Basketball Parity Worldwide", "Basket Ball", "Baketball", "Basketball Player", "B ball", "Unicycle basketball"], "response": "Fingal's Cave is located on the island of Staffa."}
{"cache_time": 3484.8935546875, "response_time": 1689.0931243896484, "answers": ["Holly Heston Rochell", "John Charles Carter", "Charleton Heston", "Charleston Heston", "Holly Rochell", "Chuck Heston", "Heston, Charlton", "Carlton Heston", "Holly Heston", "Charlton heston", "Charlton Heston"], "response": "B. The Athenians"}
{"cache_time": 2998.881591796875, "response_time": 860.3811798095703, "answers": ["Arlene Philips", "Arlene Phillips"], "response": "Brain."}
{"cache_time": 2202.738525390625, "response_time": 1656.469497680664, "answers": ["Denarius", "Dinarius", "Denarii", "\ud800\udd96"], "response": "B. Antoninianus"}
{"cache_time": 2231.042236328125, "response_time": 1269.9064331054688, "answers": ["The Wanderer", "Wanderer (disambiguation)", "The Wanderer (album)", "Wanderer", "Wanderer (album)", "The Wanderer (song)", "Wanderers", "The Wanderer (disambiguation)", "WANDERERS", "The wanderers", "The Wanderers", "The Wanderer (novel)", "The Wanderers (novel)"], "response": "Wembley Stadium"}
{"cache_time": 3863.81982421875, "response_time": 915.2000122070312, "answers": ["George III, King of Great Britain and Ireland", "King george the 3rd", "George iii", "George III, King of Great Britain", "Farmer George", "George III of Corsica", "GEORGE III", "King George 3", "King George III", "George III of England", "George iii of the united kingdom", "George III", "George III of Great Britain", "George III of Scotland", "King George III of the United Kingdom", "George III of Great Britain and Ireland", "George III of Hanover", "King George III of Great Britain", "George the Third", "George III of Britain", "George III of the United Kingdom", "George III of the UK", "George III Guelph", "Mad King George", "List of titles and honours of King George III", "George William Frederick", "George III %22the Mad%22 of the United Kingdom", "King George 3 of the United Kingdom", "George Iii"], "response": "King George III."}
{"cache_time": 2184.27734375, "response_time": 3480.216567993164, "answers": ["Paul Jackson Pollock", "Pollock, Jackson", "Number 1 (painting)", "Jack the Dripper", "Lavender Mist", "Jackson pollock", "Jackson Polluck", "Jackson Pollock", "Jackson Pollack", "One: Number 31", "Number 1 (Jackson Pollock)", "Pollockian"], "response": "1. LTCL\n2. ATCL\n3. FTCL"}
{"cache_time": 2618.371826171875, "response_time": 5617.602554321289, "answers": ["English inch", "Inch (unit)", "International inch", "Decimal inch", "U.S. survey inch", "Inches", "Ynch", "\u33cc", "Scottish inch", "Decimal Inch", "Inch (Scottish length)", "Inch", "Inch (length)", "Inch (Scots)", "Scots inch", "In (unit)"], "response": "Name the book and the author:\n\nCharlie and the Chocolate Factory by Roald Dahl\n\nWhat type of vehicle is a"}
{"cache_time": 2223.04541015625, "response_time": 1860.190185546875, "answers": ["Dubonnet", "DuBonnet", "Queen Elizabeth's favourite drink"], "response": "When You Wish upon a Star"}
{"cache_time": 3594.6767578125, "response_time": 1023.7214508056641, "answers": ["Vitamin k 2", "Vitamin-K", "Vitamin K4", "Vitamin k", "Vit K", "Vitamin K", "List of foods containing Vitamin K"], "response": "Calcium."}
{"cache_time": 2216.2841796875, "response_time": 5895.599075317383, "answers": ["Max Bygraves"], "response": "TV Presenters\n\nPassage:\n\nLes Dennis - TV Celebrities - ShareTV\n\nQuestion:\n\n\"Les"}
{"cache_time": 4068.539306640625, "response_time": 1273.8140258789062, "answers": ["Dr Finlay", "Dr. Finlay", "Dr Findlay's Casebook", "Dr Finlay's Casebook", "Dr. Finlay's Casebook"], "response": "Dr. Finlay"}
{"cache_time": 2355.339599609375, "response_time": 1200.0757904052734, "answers": ["four", "4"], "response": "Boris Becker."}
{"cache_time": 2179.7939453125, "response_time": 1156.9029235839844, "answers": ["GAIVS\u2022IVLIVS\u2022CAESAR\u2022OCTAVIANVS", "Julius Caesar Octavianus", "Gaius Julius Caesar Octavianus", "GAIVS*IVLIVS*CAESAR*OCTAVIANVS", "Ceasar Augustus", "Gaius Octavius Thurinus", "Augustus Octavian Caesar", "Octavious", "Agustus", "Augustus", "Octavian Caesar", "Caesar Octavian", "IMPERATOR\u2022CAESAR\u2022DIVI\u2022FILIVS\u2022AVGVSTVS", "Avgvstvs", "Octavianus", "Octavian Augustus", "Augustus Ceasar", "Augusts Caesar", "Coinage reform of Augustus", "Augustus Caesar", "Emperor Augustus", "Emperor Augustus of Rome", "Gaius Julius Caesar Augustus", "IMPERATOR*CAESAR*DIVI*FILIVS*AVGVSTVS", "Octavius Caesar", "Roman Emperor Augustus", "Augustus, Emperor of Rome", "Octavius", "Octavian", "Gaius Julius Caesar Octavanius Augustus", "Augustan reform", "Caesar Octavianus", "Gaius Octavius Augustus", "Octavianus Augustus", "C\u00e6sar Augustus", "Octavian Augustus Caesar", "Caesar Augustus"], "response": "Octavius."}
{"cache_time": 2176.521728515625, "response_time": 947.5440673828125, "answers": ["John Herschel Glenn", "John Glenn, Jr.", "John H. Glenn", "John H. Glenn Jr.", "John Glrnn", "John Glenn", "John Glenn Junior", "J H Glenn", "John Herschel Glenn Jr.", "John Herschel Glenn, Jr.", "Glenn, Jr., John Herschell", "John Herschell Glenn, Jr.", "John H. Glenn, Jr."], "response": "John Glenn."}
{"cache_time": 2213.33203125, "response_time": 5689.915374755859, "answers": ["Allmhaigh", "Alloway"], "response": "C. Ayrshire\n\nThe passage is discussing the Robert Burns Birthplace Museum in Alloway, Ayrshire, Scotland."}
{"cache_time": 3510.62890625, "response_time": 1274.8840942382812, "answers": ["Marnie Nixon", "Marni Nixon"], "response": "Deborah Kerr"}
{"cache_time": 2247.217529296875, "response_time": 5927.827438354492, "answers": ["Ettrick shepherd", "The ettrick shepherd", "The Ettrick Shepherd", "James Hogg"], "response": "Cairo.\n\nThe question is based on the information provided in the passage \"Ramses Station is the main railway station in which capital city?\" The"}
{"cache_time": 2216.13427734375, "response_time": 990.8838500976562, "answers": ["Albert Enstien", "A Tribute to Einstein", "ALBERT EINSTEIN", "Albert Einstien", "Einstein (physicist)", "Einsetein", "Albert Einstin", "Einstien", "Albert Eienstein", "Albert Einstein", "Einstein, Albert", "Albert Enstein", "Einsteinian", "Alber Enstien", "Albert Einstein's", "Einstein", "Einstien, Albert", "A. Einstein", "Al Einstein", "Albert einstein", "Alber Einstein"], "response": "Albert Einstein."}
{"cache_time": 2249.38720703125, "response_time": 1675.2404479980469, "answers": ["Chinese People's Republic", "China (Peking)", "The prc", "Socialist China", "Chinese PR", "PRoC", "PRC", "China's", "P. R. of China", "People's Republic Of China", "The People's Republic of China", "China", "Territorial disputes of China", "China PRC", "People's repuublic of china", "China (PRC)", "China (People's Republic)", "People's Republic of China (Mainland China)", "Zhonghua Renmin Gonghe Guo", "People' Republic of China", "Prc", "People's republic of china", "People' s Republic of China", "P.R. of China", "China, People's Republic of", "Chung-Kuo", "P.R.C.", "The people's republic of china", "Zhong Guo", "Peoples republic of China", "Red China (modern)", "Chung-kuo", "The PRC", "Zhonghuarenmingongheguo", "State of China", "Zhonghu\u00e1 r\u00e9nm\u00edn g\u00f2ngh\u00e9gu\u00f3", "\u4e2d\u56fd", "Peoples republic of china", "P.R.China", "People's Republic or China", "Zhonghua Renmin Gongheguo", "China, the People's Republic of", "Nation of China", "People\u2019s Republic of China", "China, PRC", "Zh\u014dnghu\u00e1 R\u00e9nm\u00edn G\u00f2ngh\u00e9gu\u00f3", "Modern day China", "Peoples Republic of China", "PROC", "\u4e2d\u534e", "Chaina", "Zhongguo", "Homes in china", "People's republic of China", "Zh\u014dnggu\u00f3", "Sinic", "China PR", "PRC (China)", "\u4e2d\u570b", "Jhonggu\u00f3", "Red Chinese", "(The People's Republic of) China", "The People\u2019s Republic of China", "China (Republic : 1949- )", "CHINA", "China People's Republic", "Pr china", "P.r. of china", "Chungkuo", "ISO 3166-1:CN", "Land of China", "Zhonghua renmin gongheguo", "P.R. China", "Zhonggu\u00f3", "\u4e2d\u534e\u4eba\u6c11\u5171\u548c\u56fd", "PRChina", "\u4e2d\u83ef", "PR of China", "\u4e2d\u83ef\u4eba\u6c11\u5171\u548c\u570b", "Pr of c", "Cihna", "Communist China (modern)", "P. R. China", "People's Republic of China (PRC)", "Peoples' Republic of China", "The Peoples Republic of China", "People's Republic of China", "Pr of china", "PR China", "P.R. of CHINA"], "response": "Cathay is China."}
{"cache_time": 3929.79296875, "response_time": 743.2785797119141, "answers": ["Synthetic emerald", "Emerald", "Emeralds", "Trapiche emerald", "Smaragdos", "The Emerald Streak"], "response": "Emerald."}
{"cache_time": 2178.623779296875, "response_time": 784.1587066650391, "answers": ["Breakfast At Tiffanys", "Breakfast at Tiffanies", "Breakfast at Tiffany\u2019s", "Breakfast at Tiffany", "Breakfast At Tiffany'S", "Breakfast at tiffany's", "Breakfast at Tiffany's (disambiguation)", "Breakfast at Tiffany's", "Breakfast At Tiffany's", "Breakfast at Tiffanys"], "response": "Andy Williams."}
{"cache_time": 2196.66162109375, "response_time": 1506.2364196777344, "answers": ["Hendrix", "Lithofayne Pridgeon", "Jimi hendrix", "Early life of jimi hendrix", "Villanova Junction", "James Marshall Hendrix", "Jimmi Hendrix", "Jimy Hendrix", "Johnny Allen Hendrix", "Jimmy hendrix", "Jimmy Hendricks", "Gypsy Sun and Rainbows", "Jimmy Hendrix", "Electric Church", "Janie Hendrix", "Early life of Jimi Hendrix", "Heaven Research", "Jim Hendrix", "Al Hendrix", "Gypsy Suns and Rainbows", "James Hendrix", "Jimi Hendrix"], "response": "Javaka Steptoe."}
{"cache_time": 5325.19921875, "response_time": 5733.0728759765625, "answers": ["ARCHERY", "Toxophilite", "National Archery in the Schools Program", "Primitive archery", "Endong", "Archer (comics)", "Toxopholite", "The Archer", "Paralympic archery", "Primitive Archery", "Archery", "Archers", "Archeress", "Bowmen", "Archer", "Bowmanship", "The archer", "The Archers (disambiguation)", "Archery range", "Anchor Point (archery)", "Para-archery", "Indoor archery", "Toxophily", "Archerie", "Butt shooting", "National archery in the schools program", "Paralympic Archery", "Villavar Tamils"], "response": "Question: What was the name given to the 'Missing Link' which Charles Dawson claimed to have discovered in a gravel pit in Sussex"}
{"cache_time": 3944.753662109375, "response_time": 771.5348358154297, "answers": ["Basoon", "Bassoonist", "Bassoon", "French bassoon", "Buffet system", "BASSOON", "Fagott", "Bassoons", "Fagotto", "Pancake key (bassoon)", "Heckel system", "Basoonist", "Ba\u00dfoon", "Fagotte"], "response": "Bassoon."}
{"cache_time": 2250.44091796875, "response_time": 788.6950378417969, "answers": ["Apple Blossom", "Appleblossom", "Green Apples", "Malus domesticus", "Appleblossoms", "Culture of apple", "Malus domestica", "Apple blossom", "Apple/Nutritional information", "Nutritional information about the apple", "Apple production", "Apple-blossoms", "Apple blossoms", "Apple peel", "An apple a day", "Apple (fruit)", "Apple trees", "Malus pumila", "Malus communis", "Pyrus malus", "Apple tree", "\ud83c\udf4f", "\ud83c\udf4e", "Apple Popularity", "Apples", "Dried apple", "\u0633\u06ce\u0648", "Apple (Fruit)", "Green Apple", "Apple-tree", "Green apples", "Apple", "Apples and teachers", "Aplle", "Apple-blossom", "Apple (tree)"], "response": "Marine floor."}
{"cache_time": 2199.259033203125, "response_time": 1334.5730590820312, "answers": ["Charles Hardin Holley", "Charles Holley", "Holly, Buddy", "Buddy Holly: A Rock and Roll Collection", "Buddy Holly & the Crickets", "Buddy holly", "Charles Hardin Helley", "Buddie Hollie", "Buddy Hollie", "Buddy Holly: A Rock & Roll Collection", "Holly Buddy", "Charles Hardin Holly", "Buddy Holly & The Crickets", "Buddy Holley", "Buddy holly (singer)", "Buddy Holly", "Charles Holly", "Charles H. Holley", "Charles Harden", "Buddie Holly", "Buddy Holly and the Crickets"], "response": "Buddy Holly"}
{"cache_time": 3173.208251953125, "response_time": 1145.8375854492188, "answers": ["'NOWHERE BOY'", "Nowhere Boy"], "response": "\"Nowhere Boy\""}
{"cache_time": 2209.642333984375, "response_time": 5639.78955078125, "answers": ["Loch Ness (wrestler)", "Martin Ruane", "Giant Haystacks", "Giant Haystack", "The Loch Ness Monster (wrestler)"], "response": "A) Wrestler\n\nThe passage is discussing the career and life of Martin Austin Ruane, a professional wrestler known by the ring name"}
{"cache_time": 2229.286376953125, "response_time": 1005.6529846191406, "answers": ["A Streetcar named Desire", "A streetcar called desire", "Streetcar Named Desire", "A Streetcar Named Desire", "A Street car named desire", "A Streetcar Named Desire (film)", "A Streetcar Named Desire (disambiguation)", "A STREETCAR NAMED DESIRE", "Street Car Named Desire"], "response": "Karl Malden."}
{"cache_time": 3330.27001953125, "response_time": 959.7777862548828, "answers": ["Richard Burton", "Richard Walter Jenkins", "Richard Burton (actor)"], "response": "Richard Burton."}
{"cache_time": 2225.552490234375, "response_time": 5465.063430786133, "answers": ["Joberg", "Johannesburg", "Johannasberg", "Johannesburg, Southafrica", "Johannes-burg", "Johannesb'g", "JOHANNESBURG", "Yohannesburg", "Johannesburg, South Africa", "EGoli", "Johannesbourg", "Jhb", "Johansberg", "Johannesburg, Gauteng", "Jo'Bourg", "Johannesburg Civic Theatre", "Jozi", "Johannesburg, Transvaal", "Johannesgurg", "Joburg", "Johanessburg", "Visitor attractions in Johannesburg", "Jo'burg", "UN/LOCODE:ZAJNB", "Johanesburg"], "response": "FOLKESTONE\n\nThe passage is:\n\nTagus\n\nThe Tagus (; ; ; Ancient Greek: \u03a4"}
{"cache_time": 3097.48486328125, "response_time": 1221.2971496582031, "answers": ["1984", "one thousand, nine hundred and eighty-four"], "response": "Bono."}
{"cache_time": 2216.326416015625, "response_time": 2252.591079711914, "answers": ["Lady Browning", "Daphne Du Maurier", "Daphne de Maurier", "Daphne du Maurier", "Du Maurier, Daphne", "Dame Daphne du Maurier", "Daphne du maurier", "DAPHNE DU MAURIER", "Daphne Dumaurier", "Dame Daphne Du Maurier", "Dame Daphne du Maurier, Lady Browning DBE", "Dame Daphne du Maurier, Lady Browning"], "response": "DAPHNE DU MAURIER"}
{"cache_time": 2221.615478515625, "response_time": 1720.6917114257812, "answers": ["Newbury", "Newbury (disambiguation)"], "response": "Isle of Mull, Scotland."}
{"cache_time": 3207.0712890625, "response_time": 1198.040054321289, "answers": ["Bankside Power Station", "Bankside Power station", "(Bankside) Power Station"], "response": "Tate Gallery."}
{"cache_time": 2232.137939453125, "response_time": 5742.868515014648, "answers": ["Tomato", "Solanum lycopersicum", "Tomat", "Lycopersicum esculentum", "Common tomato", "Tomato varieties", "Hot House tomato", "Tomatoes", "Poma amoris", "Tomatos", "Lycopersicum lycopersicum", "Tomatoe", "Gogonele", "Tomahto", "Lycopersicon lycopersicum", "Tomatto", "Domates", "Green tomatoes", "\ud83c\udf45", "Tomattoe", "Green tomato", "Tamatar", "Potato potato", "Lycopersicon esculentum", "Jitomate", "Tamator", "Hot House tomatoes", "Tomattoes", "Love-apple", "Tamato", "Tomato plant", "Love Apple", "Lycopersicum", "Tomattos"], "response": "B. Calcium.\n\nThe passage states that Blossom End Rot is caused by a lack of calcium in the plant, and"}
{"cache_time": 2184.28955078125, "response_time": 1660.1671600341797, "answers": ["Phoebe Sparrow", "Gary sparrow", "Donald Bamford", "Gary Sparrow", "Phoebe Bamford", "List of Goodnight Sweetheart characters", "Reg Deadman", "Ron Wheatcroft", "Yvonne Sparrow"], "response": "Balls of Steel."}
{"cache_time": 2204.433837890625, "response_time": 1558.3876953125, "answers": ["Muriel Sarah Maud Spark", "Muriel Camberg", "Camberg", "Muriel Sarah Spark", "Muriel Sarah Camberg", "Dame Muriel Spark", "MURIEL SPARK", "Muriel Spark"], "response": "Miss Jean Brodie."}
{"cache_time": 2256.221435546875, "response_time": 5512.717300415039, "answers": ["Kerepakupai-Mer\u00fa", "Kerepakupai Mer\u00fa", "Salto \u00c1ngel", "Kerepakupai-mer\u00fa", "Kerepakupai-Meru", "Churun Mer\u00fa", "Highest Waterfall", "Kerepakupai Meru", "Kerepakupai mer\u00fa", "Parakupa-vena", "Kerepakupai meru", "Devil's mouth", "Kerepakupai-meru", "The Angel Falls", "Angel falls", "Salto Angel", "Angel Falls"], "response": "3. Angel Falls, Venezuela\n\nAccording to the passage, Angel Falls is the highest waterfall in the world, located in Venezuela"}
{"cache_time": 2177.162841796875, "response_time": 1085.7185363769531, "answers": ["Yahoo! Education", "Yahoo Traffic Server", "Yahoo.cm", "Yahoo. com", "Yahoo Inc.", "Yahoo! Developer Network", "Yahoo logos", "Yahoo! Shine", "Yahoo inc", "Yahoo! Inc", "Yahooo", "Yahoo! UK & Ireland", "Yahho", "Myyahoo", "YHOO", "Yaoo", "Yahoo Local", "Yahoo, Inc.", "Yahoocom", "Yahoo Contributor Network", "Maven Networks", "Yahoo! board of directors", "Y !", "One Search", "Yahoo TV", "Yahoo! Inc.", "Www.yahoo.com", "Yahoo! Screens", "Yaho", "Yahoo Shopping", "Uk.yahoo.com", "Yahoo! services", "Yahoo", "Yahoo com", "Yahoo logo", "Yahoo! Canada", "OneSearch", "Yahoo! Real Estate", "Yhoo", "YAHOO!", "Yahoo Mobile", "Yahoo.com", "Yahoo! Broadcast", "Yahoo.con", "Yahoo Real Estate", "Yahoo!.com", "Yahoo Advertising", "Yahoo! Lifestyle", "Yahoo ceo", "Yahoo!, Inc.", "Yahoo1", "Yahoo.", "List of Yahoo! Services", "Yahoo Visa", "Yahoo Shine", "Yahoo! logo", "Yahoo! Hong Kong", "Yahoo! HK", "AS10310", "Yahoo! Advertising", "Yahoo! Homes", "Yahoo.net", "Yahoo!", "Yahoo! TV", "Yahoo! Local", "Yahoo.om", "Yahoo! Web Analytics", "Yahoo! Schweiz", "Yahoo.c", "Yahoo! Incorporated", "Y!", "Yahoo! logos", "Yahoo india.com", "YAHOO", "Yahooom", "Jerry's Guide to the World Wide Web", "Yahoo.org", "Yahoo! Shopping", "Net Controls", "Yahoo Store", "Maven Networks, Inc.", "Yahoo Gallery", "Yahoo! Europe", "Www yahoo com"], "response": "YAHOO."}
{"cache_time": 2216.883544921875, "response_time": 954.2420501708984, "answers": ["Fruiting", "Friut", "Fruiting Shrubs", "Prutas", "Bacca", "Nutritious fruits", "Simple fruit", "Culture of fruits", "Fruits", "Fleshy fruit", "Seed pod", "Pod types", "Fruit", "Fruity"], "response": "street seller."}
{"cache_time": 2562.4951171875, "response_time": 800.1781768798828, "answers": ["Lemuroid", "Lemuriens", "LEMURS", "Lemur", "Lemuroidea", "Lemurs", "Lemurs of Madagascar"], "response": "Lemur."}
{"cache_time": 2316.47216796875, "response_time": 5642.735595703125, "answers": ["The Last Great Tortoise Race", "Jasper Fforde"], "response": "Book\n\nAs you can see, all of the passages are related to a specific topic or theme, and each answer is a word or phrase"}
{"cache_time": 3389.286376953125, "response_time": 1372.4887084960938, "answers": ["Islands of Spain", "Espa\u00f1a", "Reino de Espa\u00f1a", "Name of Spain", "Espagna", "Espa\u0144a", "Reino de Espana", "Espana", "Kingdom of the Spains", "The Spanish Society", "Espainia", "Mountains of Spain", "Regne d'Espanya", "The kingdom of Spain", "SPAIN", "Regne d'Espanha", "Espanya", "Espainiako Erresuma", "Etymology of Spain", "Spane", "ISO 3166-1:ES", "Spain", "Spanish Kingdom", "Kingdom of Spain", "El Reino de Espa\u00f1a", "El Reino de Espana"], "response": "CATALONIA"}
{"cache_time": 2176.841796875, "response_time": 1281.9087219238281, "answers": ["Whey powder", "Milk plasma", "Whey cream", "Acid whey", "Whey Allergy", "Whey allergy", "Lactoserum", "Whey", "Sweet whey", "Milk permeate", "Sour whey"], "response": "Miss Muffet."}
{"cache_time": 2197.0888671875, "response_time": 1150.7998809814453, "answers": ["Steel", "Steel workers", "Steel plate", "Steel truss", "Steelworker", "Steel (alloy)", "Steel industry", "STEEL", "Steel (metal)", "Steels", "Titanic steel", "Steelworkers", "Steel in Africa", "Steel sheeting", "Crude steel", "Steel worker", "Unwrapped steel", "Long steel products", "Steel Construction", "Steel manufacture"], "response": "Henry Bessemer."}
{"cache_time": 3556.619384765625, "response_time": 5487.982620239258, "answers": ["Zhonghua Minguo", "Republic of China", "Taiwan country", "Tawian", "China, the Republic of", "China (Taiwan)", "Tai-Wan", "Ilha formosa", "Chung-hua Min-kuo", "Republic of China(Taiwan)", "\u81fa\u7063", "Ts'ai Tai-wan te Chung-hua Min-kuo", "Taioaan", "R.O.C", "T\u00e2i-o\u00e2n", "ISO 3166-1:TW", "Tiawan", "Taiwan, ROC", "Min Guo", "TAIWAN", "Taiwan (nation)", "Republic of CHina", "Free China (modern)", "Republic of China (R.O.C.)", "Taiwan (country)", "Jhong-hua Min-guo", "Taiwan Island", "\u53f0\u6e7e", "JhongHua MinGuo", "\u53f0\u7063", "Taioan", "Taiwan, Republic of China", "Ta\u00efwan", "Minguo", "Chung-Hua Min-Kuo", "Chuka Minkoku", "Republic Of China", "Jhonghua Minguo", "RoC", "Tai-oan", "China (Republic of)", "Republic of China/Taiwan", "Taiwan (ROC)", "Republic of China (1945\u201371)", "Chunghwa Minkuo", "Zh\u014dnghu\u00e1 M\u00edngu\u00f3", "Taiwan ROC", "Taiwan Country", "Chunghwa Republic", "Republic China", "R China", "R.o.China", "Republic of China, Taiwan", "Chunghwaminkuo", "Republic of china", "Republic of China on Taiwan", "Taiwan (state)", "China (ROC)", "Republic of China (ROC)", "Republic of China (Taiwan)", "T\u00e1iw\u0101n", "RO China", "The R.O.C.", "Ch\u016bka Minkoku", "Taiwan (Republic of China)", "China (Republic : 1949-)", "TPKM", "China, Republic of (Taiwan)", "ROC (China)", "Tawan", "Jhonghu\u00e1 M\u00edngu\u00f3", "Zhonghu\u00e1 M\u00edngu\u00f3", "\u4e2d\u534e\u6c11\u56fd", "R.O. China", "The Republic of China", "Chung Min Kuo", "Zh\u014dnghu\u00e1 M\u00edn'gu\u00f3", "JhongHu\u00e1 M\u00ednGu\u00f3", "Republic of China (1949\u2013present)", "\u4e2d\u83ef\u6c11\u570b", "T'aiwan", "T\u00e1iwan", "China, Republic of", "Taiwan", "Chunghua Minkuo"], "response": "209\n\nThe passage provides the following information:\n\n\"There are currently 209 national football teams with FIFA membership\""}
{"cache_time": 2136.968994140625, "response_time": 5639.739364624023, "answers": ["Seven", "seven", "7"], "response": "What is the longest word you can type with one hand on a QWERTY keyboard?\n\nAnswer: Cabin crew member"}
{"cache_time": 2199.93359375, "response_time": 4218.630126953125, "answers": ["Sea bird", "Marine birds", "Sea-bird", "Marine bird", "Seabirds", "Sea birds", "Sea-birds", "Sea-fowl", "Seabird", "Seafowl"], "response": "Birds\n\nThe passage is describing the different species of guillemots and their characteristics."}
{"cache_time": 2178.121826171875, "response_time": 1495.9216613769531, "answers": ["The owl and the pussycat", "The Owl And The Pussycat", "The Owl and the Pussy Cat", "Owl and the Pussy Cat", "Goatlyboatly", "Owl and the Pussycat", "Goatly boatly", "Owl and the pussycat", "The Owl and the Pussycat", "The Owl and the Pussy-Cat"], "response": "Bong-tree."}
{"cache_time": 2133.545166015625, "response_time": 1145.3050994873047, "answers": ["Marcus Rothkovich", "Rothko, Mark", "Marcus Rothkowitz", "Rothkowitz", "Rotko", "MARK ROTHKO", "Dedication to Rothko", "Marks Rotko", "Rothko", "Mark Rothkowitz", "Mark Rothko"], "response": "New York City"}
{"cache_time": 2779.157958984375, "response_time": 1025.0649719238281, "answers": ["Muriel Sarah Maud Spark", "Muriel Camberg", "Camberg", "Muriel Sarah Spark", "Muriel Sarah Camberg", "Dame Muriel Spark", "Muriel Spark"], "response": "THIRD."}
{"cache_time": 2962.7568359375, "response_time": 1467.7903289794922, "answers": ["Jake La Motta", "Jake LaMotta", "Jake Lamotta"], "response": "British Rail"}
{"cache_time": 2164.55810546875, "response_time": 4031.884292602539, "answers": ["Chief inspector of prisons", "Her Majesty's Inspectorate of Prisons", "Chief Inspector of Prisons", "HM Inspector of Prisons", "(CHIEF) INSPECTOR OF PRISONS", "Her Majesty's Chief Inspector of Prisons", "HM Inspectorate of Prisons"], "response": "Dame Anne Owers, DBE, Her Majesty's Chief Inspector of Prisons"}
{"cache_time": 2734.56201171875, "response_time": 905.9635314941406, "answers": ["Oragami", "Paper folding art", "Paper Folding", "Paper-folding", "Paperfolding", "List of origami societies", "Origami-bonsai", "Origaming", "\u6298\u7d19", "Origami", "Origamy", "Paper folding", "\u6298\u308a\u7d19"], "response": "ORIGAMI"}
{"cache_time": 2307.9267578125, "response_time": 1685.5193786621094, "answers": ["Arthur Ashe, Jr.", "Arthur Robert Ashe, Jr.", "Ashe, Arthur Robert", "Arthur ash", "Arthur R. Ashe", "Arthur R. Ashe, Jr.", "Arthur ashe", "Arthur Ashe Jr.", "Arthur (Robert) Ashe", "Arthur Robert Ashe Jr.", "Arthur R Ashe", "Arthur Robert Ashe, Jr", "Arthur Robert Ashe", "Arthur Ashe", "Arthur R. Ashe Jr."], "response": "B. Arthur Ashe."}
{"cache_time": 3261.921875, "response_time": 5312.374771118164, "answers": ["Continant", "7 continents", "Continents", "Continants", "Continental landform", "Continental Landform", "Seven Continents", "Five continents", "List of Continents", "5 continents", "Seven continents", "Six continents", "List of continents", "Sub-continent", "List of continents by area", "Subcontinents", "Continent", "6 continents"], "response": "Pangaea: A supercontinent that existed during the Paleozoic and Mesozoic eras, formed by the convergence of"}
{"cache_time": 2216.460693359375, "response_time": 5960.948760986328, "answers": ["White House", "202.456.1111", "1600 Pennsylvania Ave.", "White House solar panels", "@WhiteHouse", "202-456-1111", "20500", "White house tours", "The Whitehouse", "+1.202.456.1111", "Whiskey Hotel", "White Home", "+1.202-456-1111", "1600 Pennsylvania Avenue", "The WhiteHouse", "United States White House", "US White House", "White house", "1600 Pennsylvania", "1600 Pennsylvania Avenue NW", "1600 Pennsylvania Ave", "The White House", "White House, District of Columbia", "White House Complex", "THE WHITE HOUSE", "202-456-1414"], "response": "B. Politics\n\nPassage:\n\nWillie John McBride is a name associated with which sport?\n\nAnswer:"}
{"cache_time": 2191.80810546875, "response_time": 1538.212875366211, "answers": ["Alexander Dubcek", "Aleksandr Dubcek", "Alexander Dub\u010dek", "Dubcek", "Alexander Dubchek", "Alexander dubek", "Dub\u010dek", "Alexander Dubek"], "response": "EMMA THOMPSON"}
{"cache_time": 2303.640380859375, "response_time": 5866.788864135742, "answers": ["Hattie jakes", "Hattie Jacques", "Josephine Edwina Jaques"], "response": "\"The Tony Hancock Appreciation Society - Series 5\"\n\nPassage:\n\n\"HHH Collectibles Sleeve Notes"}
{"cache_time": 2187.283935546875, "response_time": 998.5290374755859, "answers": ["Muhammad (teddy bear)", "Teddy muhammad", "Jillian Gibbons", "Gillian gibbons", "GILLIAN GIBBONS", "Gillian Gibbons", "Teddy bear case", "Sara Khawad", "Sudan teddy bear controversy", "Muhammad teddy", "Teddy bear controversy", "Sudanese teddy bear blasphemy case", "Muhammad teddy bear"], "response": "BBC"}
{"cache_time": 2158.038818359375, "response_time": 1506.4852294921875, "answers": ["Manchester developments", "Manchester (borough)", "UN/LOCODE:GBMNC", "Manchester, Greater Manchester", "Manchester, UK", "Climate of Manchester", "City of Manchester", "The weather in Manchester", "Manchester (city, England)", "Machester", "Drizzlechester", "Mancs", "Manchester", "Manchester, United Kingdom", "Manchester (England)", "Metropolitan Borough of Manchester", "Manchester, U.K.", "Manchester (UK)", "England Manchester", "Manchester, England", "County Borough of Manchester"], "response": "Mary Perkins."}
{"cache_time": 2180.753662109375, "response_time": 1283.53076171875, "answers": ["Tittles", "Tittle", "A TITTLE", "Jot and tittle", "Jot or tittle"], "response": "TITTLE."}
{"cache_time": 2154.077880859375, "response_time": 1279.0804443359375, "answers": ["Leeds, UK", "St Margaret's Primary School, Horsforth", "ST Margarets Primary School", "St Margarets Primary School", "St margarets school", "City of leeds transport area", "The weather in Leeds", "Leeds, Yorkshire", "Knightsbridge of the North", "Shakespeare Primary School", "Higher Education in Leeds", "Leeds, England", "Leeds, West Yorkshire", "Leeds", "Leodis", "LEEDS", "Leeds \u2013 Bradford, UK", "Leodensian", "UN/LOCODE:GBLBA"], "response": "Headingley railway station."}
{"cache_time": 3476.175048828125, "response_time": 1878.7266540527344, "answers": ["Stanley (TV series)", "Stanley (company)", "Stanley (disambiguation)", "Stanley (TV Show)", "Stanley", "Stanley (film)"], "response": "Stanley Ann Dunham."}
{"cache_time": 2169.776611328125, "response_time": 1731.1917877197266, "answers": ["John Gorman (disambiguation)", "JOHN GORMAN", "John Gorman", "Gorman, John"], "response": "Glenn Hoddle"}
{"cache_time": 2299.519775390625, "response_time": 1357.4256439208984, "answers": ["Psychoactive mushroom", "Bacidocarp", "Macrofungi", "Mushroom", "Toadstools", "Mushroom Curry", "Mushrooms", "Psychoactive fungi", "Toadstool", "Psychoactive fungus", "Psychoactive mushrooms", "Mushroom curry", "\ud83c\udf44", "Fungophobia"], "response": "Liberace."}
{"cache_time": 2740.2294921875, "response_time": 1346.577392578125, "answers": ["M61", "M61 (disambiguation)", "M-61"], "response": "Rivington services"}
{"cache_time": 2407.994384765625, "response_time": 4339.439605712891, "answers": ["Isosceles triangle", "Isoceles", "Isoceles triangle", "Isosceles triange", "Isosceles"], "response": "Robert Harris.\n\nHere is the answer based on the given passage:\n\nAnswer: Robert Harris."}
{"cache_time": 2192.4619140625, "response_time": 1353.1658020019531, "answers": ["Saddle", "Saddlemaker", "Cantle", "Pommel (saddle)", "Saddle tree", "Saddlery and Harness", "Knee roll"], "response": "Walter Gabriel."}
{"cache_time": 3850.6572265625, "response_time": 5590.638626098633, "answers": ["Wilkin", "Wilkins (disambiguation)", "WILKINS", "Wilkins"], "response": "Peter Doherty\n\nThe passage is:\n\n\"For Pete's Sake\"\n\nThe artist is:"}
{"cache_time": 2233.696044921875, "response_time": 1477.4640655517578, "answers": ["Kamal kahn", "List of Bond girls in Octopussy", "Magda (James Bond)", "List of James Bond allies in Octopussy", "Vijay (James Bond)", "Bond 13", "Octopussy (character)", "Penelope Smallbone", "Octopussy", "General Orlov", "Kamal Khan", "Octopussy (film)", "List of James Bond villains in Octopussy", "Jim Fanning (James Bond)"], "response": "Octopussy."}
{"cache_time": 2978.630126953125, "response_time": 1626.5256805419922, "answers": ["Niagra Falls", "Niagara Falls (N.Y. and Ont.)", "Roger Woodward (Niagara Falls)", "Daredevils of Niagara Falls", "Over the Falls in a barrel", "Niagra falls", "Niagara Falls Power Generation", "Cataratas del Niagara", "Niagara falls", "NiagaraFalls", "Niagara Falls power generation", "The Hell of Waters", "Over Niagara Falls", "Cataratas del Ni\u00e1gara", "Niagara Falls"], "response": "Niagara Falls"}
{"cache_time": 2235.73388671875, "response_time": 1742.0462188720703, "answers": ["GEORGE BLAKE", "George Blake", "Max de Vries"], "response": "McNab, Andy."}
{"cache_time": 2236.675537109375, "response_time": 5742.1116943359375, "answers": ["'INDEPENDENCE DAY'", "Independence day", "Independence days", "\u0639\u064a\u062f \u0627\u0644\u0627\u0633\u062a\u0642\u0644\u0627\u0644", "Independance day", "Independance Day", "The Independence Day", "Independence Day", "Timeline of national foundings", "List of independence days", "List of nations by Independence Day", "List of countries by Independence Day", "List of national independence days", "Independents Day"], "response": "Kookaburra.\n\nAccording to the passage, the Kookaburra is a bird that belongs to the kingfisher family."}
{"cache_time": 2190.1962890625, "response_time": 990.6390991210938, "answers": ["Hoverbarge", "Hovercrafts", "Air-cushion vehicle", "Ground-effect machine", "Ground effect machines", "Air cushion vehicle", "Air Cushion Vehicles", "Hovercraft", "Hover barge", "Ground effect machine", "Air-Cushion Machine", "Air-Cushion Vehicle"], "response": "Tarsus"}
{"cache_time": 2236.61279296875, "response_time": 5904.3287353515625, "answers": ["William F. Holden", "William Holden", "William Holden (actor)", "William holden (actor)"], "response": "Movie.\n\nHere are the passages and questions:\n\nPassage:\nStalag 17 (1953) -"}
{"cache_time": 2213.2666015625, "response_time": 5919.165420532227, "answers": ["Haunted Hollow (Alton Towers)", "Henry hound", "The Blade (Alton Towers)", "Ug Land", "Alton towers", "Alton Towers", "Alton Towers Resort", "ATROL", "Nemesis, What Lies Beneath%3F", "The marmaliser", "Alton Towers Resort Operations Limited", "Alton Towers monorail"], "response": "Honolulu, Hawaii, USA\n\nThe question is: What is the southernmost state capital?\n\nThe answer is based on the"}
{"cache_time": 2197.615478515625, "response_time": 1105.570816040039, "answers": ["UN/LOCODE:ITFLR", "Folrenz", "Firenze, Italy", "\u05e4\u05d9\u05e8\u05e0\u05e6\u05d4", "Montughi", "Firenze", "Gualfonda", "FLORENCE", "Florentine", "Frorence", "Florence (Italy)", "Florence", "Florence, Italy"], "response": "Bargello Palace."}
{"cache_time": 2180.9375, "response_time": 937.7638702392578, "answers": ["Pentecost Sunday", "Pentekoste", "Whitsun Tide", "The fiftieth day", "Pentecost", "Whit week", "Whitsun Week", "Feast of Pentecost", "Orthodox Pentecost", "Whit sunday", "Pentacost", "Whitsontide", "Kneeling Prayer", "Fiftieth day", "The Decent of the holy spirit", "White Sunday (holy day)", "Day of Pentecost", "PENTECOST", "Whitsonday", "%60Id-ul-%60Ansara", "\u03a0\u03b5\u03bd\u03c4\u03b7\u03ba\u03bf\u03c3\u03c4\u03ae", "Qhythsontyd", "Pentekost\u0113", "Descent of the Holy Spirit", "The Descent of the Holy Spirit"], "response": "Christ."}
{"cache_time": 2216.02587890625, "response_time": 5697.417236328125, "answers": ["Perfect storm (disambiguation)", "The Perfect Storm", "Perfect Storm"], "response": "B. Passage\n\nThe question asks for the name of the object mentioned in the passage. The passage describes the F/V Andrea Gail"}
{"cache_time": 2200.232177734375, "response_time": 1181.3027954101562, "answers": ["Christ Church", "Christ Church (disambiguation)"], "response": "Portree."}
{"cache_time": 3119.4794921875, "response_time": 1769.1473846435547, "answers": ["Curling sheet", "Curling", "Chess on ice", "Curling (sport)", "Button (curling)", "Curling rock", "Curling rink", "Curling shoes", "Roaring game", "The roaring game", "Curling stone", "Hammer (curling)", "Sweeping (sport)", "Curling broom", "Free guard zone", "History of curling"], "response": "Bradley Wiggins"}
{"cache_time": 2145.791748046875, "response_time": 1301.0739135742188, "answers": ["Arthur Michell Ransome", "Ransome, Arthur Michell", "Arthur Ransome", "ARTHUR RANSOME"], "response": "Armadillo."}
{"cache_time": 3587.375, "response_time": 2852.622329711914, "answers": ["Maxwell", "Maxwell (disambiguation)", "MAXWELL"], "response": "Magnetic flux\n\nbased on the given passage."}
{"cache_time": 3242.82470703125, "response_time": 774.6119537353516, "answers": ["\u0627\u0644\u062c\u0645\u0647\u0648\u0631\u064a\u0629 \u0627\u0644\u0639\u0631\u0628\u064a\u0629 \u0627\u0644\u0633\u0648\u0631\u064a\u0629", "Amorrhitis", "\u0633\u0648\u0631\u064a\u0627", "Sport in Syria", "Syrian Arab Republic", "Administrative divisions of Syria", "S\u016br\u012byah", "Arab Republic of Syria", "Assad government", "Assad regime", "Etymology of Syria", "Subdivisions of Syria", "\u0627\u0644\u062c\u0645\u0647\u0648\u0631\u064a\u0651\u0629 \u0627\u0644\u0639\u0631\u0628\u064a\u0651\u0629 \u0627\u0644\u0633\u0651\u0648\u0631\u064a\u0651\u0629", "S\u016briy\u0101", "ISO 3166-1:SY", "Assad Government", "Syria", "Northern Syria", "Syrie", "Syrien", "Souria", "Sourie", "Suriyah", "Syrian (language)"], "response": "Syria."}
{"cache_time": 3003.347900390625, "response_time": 1446.5853271484375, "answers": ["Adrian", "Adri\u00e1n"], "response": "Good Morning, Vietnam."}
{"cache_time": 2217.459228515625, "response_time": 1439.1500854492188, "answers": ["List of the Knights of the Round Table", "List of knights of the Round Table", "The Round Table", "Round Table", "Knights of the round table", "The Knights of the Round Table", "Knight of the Round Table", "Round Table (Camelot)", "List of Knights of the Round Table", "Knights of the Round Table", "Winchester Round Table", "Knights of the Round table", "Sir lancelot and the knights around the table", "Twelve Knights of the Round Table", "Sir Mador de la Porte", "Round table", "Mador de la Porte", "Roundtable"], "response": "King Arthur's Round Table."}
{"cache_time": 4161.8388671875, "response_time": 980.7052917480469, "answers": ["Kartoum", "Khartoum, SU", "Al Khar\u0163\u016bm", "Al-Khartoum, Sudan", "Khartoum (city)", "Al-Khar\u1e6d\u016bm", "Khartoum", "Capital of Sudan", "Chartum", "Al Khartum", "Khartum", "Al Khurtum", "Al-Khartum", "Khartoum, Sudan", "El Khartum", "Khartoum, The Sudan"], "response": "Blue."}
{"cache_time": 2243.26220703125, "response_time": 1077.4159545898438, "answers": ["John Chilcot", "Sir John Chilcot"], "response": "John Chilcot"}
{"cache_time": 2239.742431640625, "response_time": 5465.733154296875, "answers": ["Lavoisierian", "Lavosier, Antoine", "LAVOISIER", "Laviosier", "Antoine de Lavoisier", "The republic has no need for genius", "Lavosier", "Antoine Lavoseir", "AntoineLavoisier", "Antoine Lavosier", "Antoine Laurent Lavoisier", "Antoine Lavoisier", "Antoine-Laurent de Lavoisier", "Antoine-Laurent Lavoisier", "Antoine-Laurent", "Lavoisier", "Lavoisier, Antoine-Laurent", "Antione Lavoisier", "Antoine Laviosier", "A. Lavoisier", "De Lavoisier", "A.-L. Lavoisier", "Antoine Laurent de Lavoisier", "The republic has no need for savants"], "response": "fraction.\n\nThe passage mentions Antoine Lavoisier, a French scientist who made significant contributions to chemistry and biology. He is credited with"}
{"cache_time": 2201.901611328125, "response_time": 5124.410400390625, "answers": ["ISO 3166-1:PG", "Papua Niu Gini", "New Guinea Papua", "Independent State of Papua New Guinea", "Health in Papua New Guinea", "Papa New Guinea", "Papouasie-Nouvelle-Guinee", "Papua-New-Guinea", "Independen Stet bilong Papua Niugini", "Papua New Guinea", "Papua-new guinea", "State of Papua New Guinea", "Papua Niugini", "Niugini", "Papa New Guinans", "Environment of Papua New Guinea", "PapuaNewGuineA", "Papua New Guinean", "Papau New Guinea", "Papa new guinea", "Niu Gini", "Paupa New Guinea", "East Papua", "Pappa New Guinans", "Pua pua new guniea", "Papua, New Guinea", "Pappa New Guinea", "The Papua New Guinea", "Papua new guinea", "Papua-New Guinea", "Papua New-Guinea", "Papua NG"], "response": "Kina\n\nThe passage is describing the monetary unit of Papua New Guinea, which is called the kina."}
{"cache_time": 2246.92529296875, "response_time": 5751.017501831055, "answers": ["Charlie Chan", "Number One Son", "Birmingham Brown", "Charley Chan"], "response": "Earl Derr Biggers\n\nThe passage is providing information about Earl Derr Biggers, an American novelist and playwright, known for his works"}
{"cache_time": 2192.950439453125, "response_time": 5468.303405761719, "answers": ["Huey, Dewey and Louie", "Huey, Louie and Dewey", "Huey , Dewey and Louie", "Huey, Dewey & Louie", "Huey Duck", "Huey, Duey and Louie", "Louie Duck", "Donald Duck's nephews", "Phooey Duck", "Ripp, Rapp og \u00deorfinnur", "Huey, Dewey, and Louie", "Huey dewey and louie", "Huey Dewey and Louie", "Dewey Duck", "Ripp, Rapp og Rupp", "Huey, Dewey, & Louie", "Huey, Duey, and Louie", "Huey, duey, and louie", "Louis Duck", "Huey, Dewey and Louie filmography", "Huey, Dewey, and Louie Duck", "Huey, Duey, and Louis", "Ripp, Rapp og THorfinnur", "Huey, Dewey", "Huebert Duck", "Deuteronomy Duck", "Huey dewie and louie", "Huey, Dewey and Louie Duck"], "response": "Grossularia nigra. The text states that the fruit used to make Cr\u00e8me de Cassis is blackcurrants, which is another name for"}
{"cache_time": 2168.986083984375, "response_time": 1471.7890625, "answers": ["Shetland lamb", "Burnside, Shetland", "Shetland Islands (council area)", "Shetlandshire", "County of Shetland", "Sand, Shetland Islands", "Shetland islands", "Shetland (Scotland)", "Shetland (islands council area of Scotland)", "Shetland, Scotland", "Shetland", "Shetland Islands", "County of Zetland", "Shetland Isles", "\u021cetland", "Hjaltland", "Shetland Islands council area", "Shetlanders", "Shetlands", "Shetland Island", "Shetland (council area)", "Yetland", "Shetland Isles council area", "Shetland\u2019s"], "response": "Mar de Hoces"}
{"cache_time": 2530.289794921875, "response_time": 5698.383880615234, "answers": ["PAULINE QUIRKE", "Pauline Quirke", "Pauline Quirk"], "response": "MINETTE WALTERS\n\nHere is the answer based on the given passage:\n\nThe passage is about a book titled \"The"}
{"cache_time": 2226.67431640625, "response_time": 5526.202377319336, "answers": ["Rennet.", "Animal rennet", "Emporase", "Rennett", "Rennets", "Rennet"], "response": "My Family.\n\nQuestion: Well, nobody's perfect is the last line of which film?\n\nAnswer: Some like it hot."}
{"cache_time": 2198.10986328125, "response_time": 5708.752868652344, "answers": ["Bnefica", "Slbenfica", "Grupo sport lisboa", "Sport Lisboa", "S. L. Benfica", "S.L.Benfica", "Grupo sport benfica", "Benfica Lisbon", "Benfica Lisboa", "Benfica Lisbonne", "SL Benfica Lisbon", "S.L. Benfica Lisbon", "Sport Lisboa e Benfica", "S l benfica", "Benfiac", "Sport lisboa", "S.L. Benfica", "S L Benfica", "Sl benfica", "Grupo Sport Lisboa", "Benfica lisbon", "Encarnados", "S.l.benfica", "SLBenfica", "Benifca", "BENFICA", "Sport Lisboa Benfica", "S.L. Benfica - Futebol, S.A.D.", "Grupo Sport Benfica", "Sport lisboa e benfica", "Benfica Lissabon", "Benefica", "Benfica", "SL Benfica"], "response": "3 years\n\nBased on the passage, Manchester United wants Jos\u00e9 Mourinho to stay beyond his three-year contract, indicating that they want"}
{"cache_time": 2164.885009765625, "response_time": 5929.5262451171875, "answers": ["Harrisburg (PA)", "Harrisburg, PA", "Harrisburg, Pennsylvania", "Memorial Middle School for Girls", "2011 Harrisburg Pennsylvania bankruptcy", "List of FM stations in Harrisburg", "Harrisburg High School (Pennsylvania)", "Harrisburg FM Stations", "Harrisburg, Pennsylvania metropolitan area", "Harrisburg, pa", "Harrisburg", "Harrisburg,Pennsylvania", "Harrisburg TV Stations", "List of newspapers in Harrisburg", "List of TV stations in Harrisburg", "UN/LOCODE:USHAR", "Harrisburg Newspapers", "Harrisburg, Pa.", "Harrisburg, Penna.", "Capital of Pennsylvania", "List of AM stations in Harrisburg"], "response": "Pennsylvania State Capitol, Harrisburg\n\nPlease note that the questions and answers are based on the provided passage and may not be applicable to"}
{"cache_time": 2139.869873046875, "response_time": 5738.319915771484, "answers": ["Float like a butter fly sting like a bee", "Louisville lip", "Ali shuffle", "Float like a butterfly and sting like a bee", "Cassius Marcellus Clay Junior", "Muhummad Ali", "Maryum Ali", "Cassius X", "Cassius Marcellus Clay, Junior", "Louisville Lip", "Muhammad Ali", "Muhammud Ali", "Khalilah 'Belinda' Ali", "Cassius Clay Junior", "Float like a butterfly sting like a bee", "Muhammad Ali (boxer)", "Cassius Marcellus Clay, Jr.", "Sonji Roi", "Ale Muhammad", "Cassius Marcellus Clay, Jr", "Cassius Marcellus Clay Jr.", "Cassius Marcellus Clay (Muhammad Ali)", "Cassius Clay, Junior", "Mohammed Al\u00ec", "Cassius Marcellus Clay Jr", "Muhamad Ali", "Yolanda Williams", "I am the greatest!", "Ali, Muhammad", "Cassius Clay", "Muhammet ali", "Yolanda 'Lonnie' Ali", "I am the greatest", "Cassius Clay, Jr.", "Muhammed Ali", "Cassius Clay Jr", "Cassius clay", "Lonnie Ali", "Cassius Clay, Jr", "May May"], "response": "B) Muhammad Ali refuses to fight in Vietnam war\n\nThe passage is discussing the event where Muhammad Ali refused to be inducted into the"}
{"cache_time": 2424.633544921875, "response_time": 5668.866058349609, "answers": ["John le Carre", "John Le Carr", "John leCarr\u00e9", "John Le Carre", "John leCarre", "John lecarre", "Le Carre", "Le carre", "Le Carr\u00e9", "John LeCarr\u00e9", "John Lecarre", "David John Moore Cornwell", "John Le Carr\u00e9", "John le Carr\u00e9", "John LeCarre", "John Lecarr\u00e9"], "response": "Stock character.\n\nThe passage is describing different types of characters in fiction, and the term \"stock character\" refers to a character who has"}
{"cache_time": 2189.52392578125, "response_time": 5424.816146850586, "answers": ["Cambridge, United Kingdom", "Cambridge, UK", "Cantabrigiae", "The weather in Cambridge", "Christ's Piece", "Caergrawnt", "Cambridge, East Anglia", "England Cambridge", "UN/LOCODE:GBCMG", "Cambridge, Cambridgeshire", "Cambridge (England)", "Cambridge", "Park Street Church of England Primary School", "Cambridge, England", "Grantabridge"], "response": "Browningian.\n\nThe passage is from the poem \"Home Thoughts from Abroad\" by Robert Browning."}
{"cache_time": 3960.900634765625, "response_time": 1862.5484619140625, "answers": ["Roy Export Company Establishment", "Charlie Chaplain", "Charlie Chaplan", "Charlie Chaplin", "Charles chaplin", "Charles Chaplin", "Charles Spencer Chaplin", "CharlieChaplin", "Sir Charles Spencer Chaplin", "Sir Charlie Chaplin", "Sir Charles Chaplin", "Chaplinian", "Charile Chaplin", "Charlie chaplin"], "response": "B. MGM Holdings."}
{"cache_time": 2311.548583984375, "response_time": 5860.683822631836, "answers": ["Julian Fellowes, Baron Fellowes of West Stafford", "JULIAN FELLOWES", "Julian Fellowes", "The Lord Fellowes of West Stafford", "Baron Fellowes of West Stafford"], "response": "39\n\nThe passage is from the \"Question\" section of a trivia game or quiz, and the answer is provided for the question"}
{"cache_time": 2172.005126953125, "response_time": 975.7665252685547, "answers": ["K249DR", "KENT", "KAZZ (AM)"], "response": "July"}
{"cache_time": 2411.7353515625, "response_time": 4209.701873779297, "answers": ["National Underground Railroad Network to Freedom", "The Underground Railroad System", "Underground Railway", "Underground railroad", "The Underground Railroad", "Underground Railroad", "UGRR", "Conductor (underground railroad)"], "response": "Underground Railroad.\n\nBased on the provided passage, the answer is: Underground Railroad."}
{"cache_time": 3495.6591796875, "response_time": 2773.6258697509766, "answers": ["Aldo Moro"], "response": "April 18, 1974."}
{"cache_time": 3532.822998046875, "response_time": 5666.064376831055, "answers": ["South africa", "South Africa's", "Southafrica", "Third Republic (South Africa)", "Republiek van Suid-Afrika", "Sou'frica", "Zuid Afrika", "Zuid-Afrika", "ISO 3166-1:ZA", "South-African", "S Africa", "Zuid Africa", "Mzansi", "Afrique du sud", "Zuidafrika", "Ningizimu Afrika", "Capital of South Africa", "Suid-Afrika", "South-Africa", "Rep. of SOUTH AFRICA", "The Republic of South Africa", "Suid Africa", "Azania/South Africa", "S Afr", "Saffa", "South African", "Seth efrika", "South Africa", "Soufrica", "Republic of south africa", "South Africa\u00e0", "The Beloved Country", "S. Africa", "Rep. of South Africa", "South Africans", "Republic of South Africa"], "response": "BORDER\n\nPassage:\n\nThe Limpopo River rises in central southern Africa, and flows generally eastwards to the Indian Ocean"}
{"cache_time": 3347.584228515625, "response_time": 1024.6512603759766, "answers": ["President Regan", "Ronald Reagan's Alzheimer's letter", "Ronald W Reagan", "40th President of the United States", "Reagan", "Reaganian", "Ronald Reagon", "Reagen", "Ronnie Reagan", "Public image of Ronald Reagan", "Ronald Reagan presidential campaign, 1976", "Ronald Reagan", "Reagan, Ronald", "Reagan, Ronald Wilson", "President Reagan", "Reagan (president)", "Health of Ronald Reagan", "President Ronald Reagan", "Ronald Reagan Centennial Commission Act", "Ronald reagan", "Reaganesque", "Reaganite", "Ronald Raegen", "Ronald regean", "Ronald Wilson Reagan", "Ronald Regan", "Ronald Reagan Centennial Commission", "Dutch Reagan", "Ronaldus Magnus", "Ronald Reagen", "Cultural and political image of Ronald Reagan", "Ronal Reagan", "Reagan Ronald", "Ronald Raegan", "Ronald W. Reagan"], "response": "Monkey"}
{"cache_time": 2238.387451171875, "response_time": 2044.7928161621094, "answers": ["Beetroot", "Beet Root", "Beetroots", "Red beet", "Beets", "Beet root", "Beet (vegetable)", "Beet Juice", "Garden beet", "Beet", "Beet juice", "Table beet", "Beet leaves", "Beet greens"], "response": "Borscht (soup)"}
{"cache_time": 3009.09521484375, "response_time": 5789.838348388672, "answers": ["Onion skins", "Allium angolense", "Onion", "Bulb onion", "Allium nigritanum", "Onion fruit", "Kaanda", "Allium salota", "Pyaz", "Dry onion", "Allium cepa", "Garden onion", "Bulb onions", "Allium aobanum", "Onions", "Onion set", "Spanish onion"], "response": "A garnish makes food or drink items more visually appealing. They may, for example, enhance their color, such as when papri"}
{"cache_time": 3224.243896484375, "response_time": 974.0390472412109, "answers": ["A week is a long time in politics", "Sir Harold Wilson", "Shadow Cabinet of Harold Wilson", "Harold Wilson, Baron Wilson of Rievaulx", "James Harold Wilson", "First Shadow Cabinet of Harold Wilson", "Harold Wilson's", "Wilson, Harold", "James Harold Wilson, Baron Wilson of Rievaulx", "Harold Wilson", "HAROLD WILSON", "Baron Wilson of Rievaulx Wilson Harold", "Baron Wilson of Rievaulx", "Shadow Cabinet of Harold Wilson I"], "response": "Harold Wilson"}
{"cache_time": 2330.298828125, "response_time": 5711.975433349609, "answers": ["Hartford.", "Hartford CT", "Hartford, Connecticut", "City of Hartford, Connecticut", "Hartford (Connecticut)", "Hartford Connecticut", "Hartford, Conn.", "Hartford, Ct.", "Hartford ct", "Hartford, USA", "Hartford, cn", "Hartford", "Hartford,CT", "Hartford, CT", "Capital of Connecticut", "Hartford, ct", "Hartford, Hartford County, Connecticut", "Hartford, Ct", "Hartford (CT)"], "response": "Lorne Greene.\n\nAccording to the passage, Lorne Greene had a hit record in 1964 with the song"}
{"cache_time": 3173.488037109375, "response_time": 5573.098526000977, "answers": ["James Woods filmography", "James woods", "James Woods (actor)", "James Woods"], "response": "Boss Hogg\n\nThe passage is asking which character from the TV series \"The Dukes of Hazzard\" is the name of"}
{"cache_time": 2645.2373046875, "response_time": 4910.647277832031, "answers": ["Madrid, Madrid", "Madrilene", "Mayrit", "Madrile\u00f1a", "The weather in Madrid", "Madrile\u00f1o", "Madrid (Spain)", "Madrid", "Madrid, Spain", "Madrilenian", "Madrid (city)", "Capital of Spain", "Madrid capital", "Madrilena", "Madrid City", "Madrid (City)", "Madrid- Spain", "UN/LOCODE:ESMAD", "Madrileno", "Demographics of Madrid", "City of Madrid"], "response": "Cuatro Torres Business Area\n\nBased on the provided passage, the correct answer is Cuatro Torres Business Area."}
{"cache_time": 3179.40673828125, "response_time": 5797.779479980469, "answers": ["My Fair Lady (2010 film)", "Enry Iggins", "Why Can't the English%3F", "My Fair Lady", "My Fair Lady (upcoming film)", "My Fair Lady (musical)", "My fair lady", "I'm an Ordinary Man", "My Fair Lady (2014 film)", "My Fair Lady (2012 film)", "My Fair Lady (2015 film)"], "response": "0.03 mph.\n\nThe passage states that the maximum speed of a garden snail is 0.03 mph."}
{"cache_time": 2248.87744140625, "response_time": 3262.9002227783203, "answers": ["Henry Mancini", "HENRY MANCINI", "Nothing to Lose (Henry Mancini song)"], "response": "\"Moon River\"\n\nbased on the lyrics provided."}
{"cache_time": 2175.5732421875, "response_time": 1173.3944396972656, "answers": ["Sarrah Palin", "Governor Palin", "Trig Van Palin", "Sara palen", "Governor Sarah Palin", "Sarah paylin", "Piper Palin", "Sarah Palyn", "Sara palin", "Sarah Palin election", "Sarah palen", "Gov. Sarah Palin", "Sarah Palin", "Sarah palyn", "Sarah Louise Heath Palin", "Sara Palin", "Sara Pallin", "Serra paylin", "Willow Palin", "Sarah L. H. Palin", "Sarah palin", "Sara palyn", "Trig Paxson Van Palin", "Track Palin", "Sarah Louise Heath", "Sarah Heath", "Sarah Barracuda", "Gov. Palin", "Sarahpalin", "Sarah Heath Palin", "Sarah Louise Palin", "Palin 2012", "SARAH PALIN", "Trig Van Palen", "Trig Palin", "Sara Palyn", "Sarah H. Palin", "S Palin"], "response": "Alaska."}
{"cache_time": 3723.35498046875, "response_time": 1284.3591613769531, "answers": ["The Subway", "Subway (disambiguation)", "Subwya", "Subways", "Subway"], "response": "Footlong sandwiches."}
{"cache_time": 2233.91650390625, "response_time": 1986.03466796875, "answers": ["Dame Anita Lucia Roddick", "Anita Roddick", "Anita Lucia Roddick", "Anita Rodick", "Gordon Roddick", "Anita Roddick Foundation"], "response": "\ud83d\udc2f The tiger."}
{"cache_time": 2422.8037109375, "response_time": 4424.414215087891, "answers": ["Peacherine", "Peach", "Prunus daemonifuga", "Nectarines", "Peach trees", "Peaches", "Nectarine", "Persica platycarpa", "Amygdalus potanini", "Peacherine tree", "Culture of peach", "White peach", "Clingstone peach", "Amygdalus persica", "Elegant Lady", "Persica nucipersica", "PEACH", "\ud83c\udf51", "Peacherines", "Freestone peach", "Amygdalus nucipersica", "A Peach", "Brugnon", "Prunus persica", "Persica potaninii", "Persica vulgaris"], "response": "Peach. The passage states that the word \"melocot\u00f3n\" is used in Spain to refer to peaches."}
{"cache_time": 2166.912109375, "response_time": 4470.854644775391, "answers": ["N Z", "Nouvelle-Zelande", "Kiwiland", "New Zealand's", "New Zealand.", "Nz", "New Zealand,", "NEW Z", "N Zealand", "NEW ZEALAND", "New Zealend", "Administrative divisions of new zealand", "New Zaeland", "N z", "Kiwistan", "Enzed", "NewZealand", "NZ", "Name of New Zealand", "Staten Landt", "New+Zealand", "NZL", "Nu Tirani", "Neo Zealand", "ISO 3166-1:NZ", "New Zealnd", "AoTeAroa", "Sheepland", "Aotearoa / New Zealand", "Subdivisions of New Zealand", "Its got that new zeal", "New Zealand", "Newzealand", "New Zeland", "New-Zealand", "New Zeeland", "Administrative divisions of New Zealand", "New Zealnad", "Staten Land", "N.Z.", "Staaten land", "New.Zealand", "Mew Zealand", "Maoriland", "N. Zealand", "Etymology of New Zealand", "New Xealand", "M\u0101oria", "New zelanad", "Niu Tireni", "New zealand", "New zeland", "Nova Zeelandia", "New zeeland"], "response": "New Zealand.\n\nAccording to the passage, Dylan Hartley was born in New Zealand."}
{"cache_time": 2719.1591796875, "response_time": 983.0768585205078, "answers": ["Goldtrail"], "response": "London Marathon."}
{"cache_time": 2367.28369140625, "response_time": 1299.2450714111328, "answers": ["one thousand, nine hundred and forty-eight", "1948"], "response": "Graceland."}
{"cache_time": 2199.920166015625, "response_time": 5886.370834350586, "answers": ["Archibald alec leach", "ArchibaldAlexanderLeach", "Archibald Alexander Leach", "Carygrant", "Cary Grant", "Archie Leach", "Carey Grant", "Cary Grant.", "Carry Grant", "Cary grant", "Cary grant filmography", "Cary Grant filmography"], "response": "Medusa (fictional ship)\n\nThe question is based on the passage provided and the answer can be found in the last sentence of the passage"}
{"cache_time": 2157.730224609375, "response_time": 2657.528839111328, "answers": ["Cardigan", "Cardigan (disambiguation)"], "response": "James Brudenell, 7th Earl of Cardigan."}
{"cache_time": 2152.84765625, "response_time": 1183.1347045898438, "answers": ["Melanins", "Brown eumelanin", "Melanization", "Catechol melanin", "Pheomelanin", "Phaeomelanic", "Catechol melanins", "Melanin synthesis", "Eumelanic", "Melanin", "Plant melanin", "Phaeomelanin", "Black melanin", "Eumelanin"], "response": "Neville Shute."}
{"cache_time": 2558.44873046875, "response_time": 751.2074127197266, "answers": ["Great daine", "Great Danes", "Deutsche Dogge", "Boarhound", "GREAT DANE", "German Mastiff", "Great dane", "Grand danois", "Great Dane"], "response": "Can opener"}
{"cache_time": 2313.25244140625, "response_time": 1023.0302734375, "answers": ["ISO 3166-1:CL", "Cxilio", "Cile", "Etymology of Chile", "Republic of Chile", "Chilean Republic", "State of Chile", "Chile", "CHILE", "Name of Chile", "Rep\u00fablica de Chile", "Chil\u00e9"], "response": "The passage."}
{"cache_time": 2195.513671875, "response_time": 1478.024169921875, "answers": ["MARTIN LUTHER KING", "The Reverend Doctor Martin Luther King, Junior", "Martin Luther King,Jr.", "MLK Jr.", "Luther king jr", "Rev. Martin Luther King, Jr.", "Michael luther king, jr.", "M. L. K., Junior", "Dr. Martin Luther King, Jr.", "M L K Jr", "Michael King II", "Mlkj", "M.L.K.", "M. L. K.", "M.L.K., Junior", "Martin Luther, Jr. King", "Martin Luther King Jr", "King, Martin Luther, Jr.", "Rev. Dr. Martin Luther King, Jr.", "Martin Luther King", "Michael King, Jr.", "M L K, Jr.", "Dr.martin luther king jr.", "M.L.K., Jr", "M. L. K., Jr", "Rev. Dr. Martin Luther King, Jr", "Martin Luther King, Jr", "Rev. Dr. Martin Luther King Jr.", "Martin Luther King, Junior", "Dr King", "Dr Martin Luther King", "M.L.K.,Jr.", "DMLKJ", "M L K Jr.", "Martin Luther King Junior", "M. L. King", "M.L.K. Jr.", "M. L. K. Jr.", "Why Jesus Called A Man A Fool", "Biography of Martin Luther King", "MLK,Jr.", "Martin Luther-King", "Martin Luther King Jr.", "Kingian", "M. L. K. Junior", "M.L.K. Junior", "Rev. Martin Luther King Jr.", "Dr. Martin L. King", "Doctor Martin Luther King", "Dr. King", "Martin King, Jr.", "Martain Luther King", "M.L.K.,Jr", "Martin Luther King, Jr.", "Martin Luther King, Jr,", "M L K, Junior", "MLK,Jr", "Doctor King", "Martin luther king", "Dr. Martin Luther King Jr.", "Martin Luther King, jr.", "Martin L. King", "MLK, Jr.", "Doctor Martin Luther King, Jr.", "M L K, Jr", "Martin L. King Jr.", "Mlk", "Martin Luther King, jr", "M L K Junior", "Martin luther ling", "MLK, Junior", "M L K", "Why Jesus Called Man a Fool", "Rev. Dr. Martin Luther King Jr", "MLK, Jr", "Mlk Jr.", "M. L. K., Jr.", "M.L.K., Jr.", "The Reverend Dr. Martin Luther King, Jr.", "Reverend Martin Luther King Jr.", "Reverend Martin Luther King, Jr.", "Martin Luther King,Jr", "Martin Luther King II", "Reverend Martin Luther King, Jr", "Dr. Martin Luther King", "Mlk jr", "Martin Luther king", "MLK", "Luther King", "Reverend King", "Martin luthur king jr", "Martin Luther King Jr. (redirects)", "Martin luther king changes the world", "MLK Jr", "Mlk junior", "Mlk jr.", "Dr. Martin Luther King, Jr", "M.L.K. Jr", "M. L. K. Jr", "Martin luther king jr"], "response": "Martin Luther King, Jr."}
{"cache_time": 2682.95947265625, "response_time": 1597.4891357421875, "answers": ["Arturo toscanini", "Arturo Toscinini", "Arturo Toscannini", "Toscanini", "ARTURO TOSCANINI", "Arturo Toscanini", "Charles O'Connell (music producer)"], "response": "NBC Symphony Orchestra."}
{"cache_time": 2710.447021484375, "response_time": 5759.386611938477, "answers": ["Roddy Doyle"], "response": "Carmen Callil.\n\nBased on the passage, the answer is: Carmen Callil. The passage states that Carmen Callil founded Vi"}
{"cache_time": 3515.09521484375, "response_time": 1197.6724395751953, "answers": ["BLACKSTAR", "Blackstar (TV series)", "BlackStar", "Powerstar"], "response": "Boyscouts"}
{"cache_time": 3461.146484375, "response_time": 1310.2008361816406, "answers": ["Chinese People's Republic", "China (Peking)", "The prc", "Socialist China", "Chinese PR", "PRoC", "PRC", "China's", "P. R. of China", "People's Republic Of China", "The People's Republic of China", "China", "Territorial disputes of China", "China PRC", "People's repuublic of china", "China (PRC)", "China (People's Republic)", "People's Republic of China (Mainland China)", "Zhonghua Renmin Gonghe Guo", "People' Republic of China", "Prc", "People's republic of china", "People' s Republic of China", "P.R. of China", "China, People's Republic of", "Chung-Kuo", "P.R.C.", "The people's republic of china", "Zhong Guo", "Peoples republic of China", "Red China (modern)", "Chung-kuo", "The PRC", "Zhonghuarenmingongheguo", "State of China", "Zhonghu\u00e1 r\u00e9nm\u00edn g\u00f2ngh\u00e9gu\u00f3", "\u4e2d\u56fd", "Peoples republic of china", "P.R.China", "People's Republic or China", "Zhonghua Renmin Gongheguo", "China, the People's Republic of", "Nation of China", "People\u2019s Republic of China", "China, PRC", "Zh\u014dnghu\u00e1 R\u00e9nm\u00edn G\u00f2ngh\u00e9gu\u00f3", "Modern day China", "Peoples Republic of China", "PROC", "\u4e2d\u534e", "Chaina", "Zhongguo", "Homes in china", "People's republic of China", "Zh\u014dnggu\u00f3", "Sinic", "China PR", "PRC (China)", "\u4e2d\u570b", "Jhonggu\u00f3", "Red Chinese", "(The People's Republic of) China", "The People\u2019s Republic of China", "China (Republic : 1949- )", "CHINA", "China People's Republic", "Pr china", "P.r. of china", "Chungkuo", "ISO 3166-1:CN", "Land of China", "Zhonghua renmin gongheguo", "P.R. China", "Zhonggu\u00f3", "\u4e2d\u534e\u4eba\u6c11\u5171\u548c\u56fd", "PRChina", "\u4e2d\u83ef", "PR of China", "\u4e2d\u83ef\u4eba\u6c11\u5171\u548c\u570b", "Pr of c", "Cihna", "Communist China (modern)", "P. R. China", "People's Republic of China (PRC)", "Peoples' Republic of China", "The Peoples Republic of China", "People's Republic of China", "Pr of china", "PR China", "P.R. of CHINA"], "response": "B. China."}
{"cache_time": 3487.98291015625, "response_time": 1799.2273864746094, "answers": ["Midtribulation rapture", "Midtribulationism", "Pre-tribulation", "Pre-tribulation rapture", "Rapture", "Pretribulation rapture", "Mid-tribulation rapture", "Rapture (Protestant belief)", "The Teaching of the rapture", "Pretribulationistism", "Pre Tribulation", "Pre-tribulational", "Pre-trib"], "response": "\"The Tide Is High\""}
{"cache_time": 2166.6826171875, "response_time": 1193.3511657714844, "answers": ["Coalition of the radical left", "\u03a3\u03a5\u03a1\u0399\u0396\u0391", "SY.RIZ.A.", "Coalition of Radical Left", "Syriza coalition", "SYRIZA", "Radical Left Coalition", "SyRizA", "Syriza", "Coalition of the Radical Left-Ecologist Greens", "Coalition of the Radical Left"], "response": "Greece."}
{"cache_time": 2272.104248046875, "response_time": 2897.5462341308594, "answers": ["Respection", "Respecting", "Re\u017fpect", "Disrespect", "Respect", "Respectability"], "response": "George Galloway of the Respect party - bio."}
{"cache_time": 3123.615966796875, "response_time": 910.5162200927734, "answers": ["Blustery", "Eolic", "Aeolian Action", "Wind Cycle", "Cyclostrophic Wind", "Wind (weather)", "Aeolian activity", "\ud83c\udf2c", "Winds", "Wind gust", "Gust (wind)", "Wind strength", "Land and sea breeze", "WInds", "WInds.", "Barometric gradient", "Wind", "Winds."], "response": "Coven."}
{"cache_time": 2241.43408203125, "response_time": 5594.917877197266, "answers": ["FRIENDS REUNITED", "Friends Reunited", "FriendsReunited.co.uk", "Friendsreunited", "Friends reunited"], "response": "* 20 faces.\n\nThe passage states that \"the regular icosahedron has twenty equilateral triangle faces.\""}
{"cache_time": 2169.016845703125, "response_time": 5764.405288696289, "answers": ["Zambesi", "Zambezi river", "Zambezi basin", "Zambezi Valley", "Zambesi river", "Zambeze River", "Zambesi River", "Zambezian coastal flooded savanna", "Kabra Bassa rapids", "River Zambezi", "Sambesi", "Great Zambezi River", "Zambezi River", "Zambezi", "Zambezi valley", "Zambeze"], "response": "3. Basildon Bond\n\nThe passage is discussing the history and features of Victoria Falls, a popular tourist destination in Zamb"}
{"cache_time": 3783.361083984375, "response_time": 4818.600982666016, "answers": ["Aston Villa", "Aston Villa F.C", "Aston Villa FC", "Villa News and Record", "Aston villa", "AVFC", "Aston Villa F C", "Aston vil", "Aston Villa F. C.", "Aston Villa Football Club", "Villa football club", "Aston Villa Hall of Fame", "Aston Villa F.C."], "response": "KINGSTON\n\nBased on the provided passage, the answer is Kingston, Jamaica."}
{"cache_time": 2975.457763671875, "response_time": 3033.8037872314453, "answers": ["Canada", "Canad\u00e1", "The Dominion of Canada", "Commonwealth of Canada", "Dominion of canada", "ISO 3166-1:CA", "Etymology of Canada", "CANADA", "Canadiophile", "Canada's", "\u1472\u14c7\u1455", "Canada/References", "America's top hat", "Canada.", "Cnada", "\u010canada", "Canadian Federation", "Kenadian", "Canadialand", "Xanada", "Dominion of Canada", "Canadaa"], "response": "Michael Schumacher (GER) Ferrari F300."}
{"cache_time": 2801.641845703125, "response_time": 641.0065765380859, "answers": ["Carsicky", "Simulation sickness", "Mal de mer", "Car sickness", "TRAVEL SICKNESS", "Carsick", "Travel sickness", "Motion sickness", "Gaming sickness", "Carsickness", "Benzylamine hydrochloride", "Kinesia", "Car-sickness", "Car sick", "Kinetosis"], "response": "Lemon"}
{"cache_time": 2235.19091796875, "response_time": 478.24998474121094, "answers": ["Foot fracture", "Human feet", "Foot muscles", "Pedis", "Dorsum of foot", "Joints of foot", "Plates of meat", "Muscles of the Feet", "Foot dorsum", "Foot", "Joints of the foot", "Articulatio pedis", "Broken foot", "Foot (anatomy)", "Articulationes pedis", "Foot type", "Insteps", "Articulations of foot", "Human foot", "Foot sweat", "Instep", "Feet", "Foot deformities", "Foot taboo", "Foot fractures"], "response": "Mexico"}
{"cache_time": 2409.79052734375, "response_time": 5740.085220336914, "answers": ["Dennis Waterman", "Denis Waterman", "Dennis waterman"], "response": "George Carter\n\nAccording to the passage, Plan B (Ben Drew) will star as George Carter in the film version of The S"}
{"cache_time": 2713.52685546875, "response_time": 3194.2020874023438, "answers": ["House of Peers of the United Kingdom", "United Kingdom House of Peers", "House Of Lords", "The Right Honourable The Lords Spiritual and Temporal of the United Kingdom of Great Britain and Northern Ireland in Parliament Assembled", "Lords Spiritual and Temporal", "House of Lords of the United Kingdom", "Noble friend", "House of LORDS", "House of Lords, Parliament of the United Kingdom of Great Britain and Ireland", "House of Lords of the United Kingdom of Great Britain and Northern Ireland", "House of Lords (UK)", "The Right Honourable the Lords Spiritual and Temporal of the United Kingdom of Great Britain and Northern Ireland in Parliament assembled", "The House of Lords", "United Kingdom House of Lords", "English House of Lords", "House of Lords", "House of lords", "House of Lords, Parliament of the United Kingdom of Great Britain and Northern Ireland", "House of Peers of the United Kingdom of Great Britain and Northern Ireland", "House of Lords (United Kingdom)", "UKHL", "Gilded Chamber", "British House of Lords"], "response": "Janet Royall, Baroness Royall of Blaisdon."}
{"cache_time": 2171.2666015625, "response_time": 1727.705078125, "answers": ["Niagra Falls", "Niagara Falls (N.Y. and Ont.)", "Roger Woodward (Niagara Falls)", "Daredevils of Niagara Falls", "Over the Falls in a barrel", "Niagra falls", "Niagara Falls Power Generation", "Cataratas del Niagara", "Niagara falls", "NiagaraFalls", "Niagara Falls power generation", "The Hell of Waters", "Over Niagara Falls", "NIAGARA FALLS", "Cataratas del Ni\u00e1gara", "Niagara Falls"], "response": "Brickfielder."}
{"cache_time": 2481.609375, "response_time": 767.9375305175781, "answers": ["twelve", "12"], "response": "12"}
{"cache_time": 2229.58154296875, "response_time": 1045.8419189453125, "answers": ["Pieman (disambiguation)", "Pie man", "The Pie man.", "Pieman", "Pie Man"], "response": "A pieman."}
{"cache_time": 2230.839599609375, "response_time": 1193.3235168457031, "answers": ["Boston Braves (disambiguation)", "Boston Braves"], "response": "Z Cars"}
{"cache_time": 3136.91845703125, "response_time": 1509.0053253173828, "answers": ["Katheryn Perry", "Kathryn Elizabeth Hudson", "Katy Perry", "Katheryn Elizabeth Hudson", "Katy Perrie", "KatyCat", "Katy Hudson Perry", "Katy Cats", "Katty Perry", "Hudson (singer)", "David D. Hudson", "Katy Cat", "Katheryn Hudson", "(A) Katy Perry", "Katy pery", "Katheryn E. Hudson", "David Hudson (singer)", "Katy perry", "KatyCats", "Kate Perry", "David Daniel Hudson", "Katy Hudson"], "response": "Bill Tidy"}
{"cache_time": 2985.503173828125, "response_time": 1558.9683227539062, "answers": ["Ian Robert Maxwell", "Maxwell, Robert", "Ian Robert Maxwell MC", "Maxwell, (Ian) Robert", "(Ian) Robert Maxwell", "J\u00e1n Ludv\u00edk Hoch", "J\u00e1n Ludwig Hoch", "Ian Ludwig Hoch", "Jan Ludwig Hoch", "Robert Maxwell (politician)", "Robert Ian Maxwell", "J\u00e1n Ludvik Hoch", "Robert Maxwell"], "response": "MIRROR GROUP FUND."}
{"cache_time": 2176.261474609375, "response_time": 824.2391052246094, "answers": ["Gene Vincent & the Blue Caps", "Blue-caps", "Eugene Craddock", "Say Mama", "Vincent Eugene Craddock", "Blue Caps", "Bluecaps", "Gene Vincent and the Bluecaps", "Blue caps", "Gene Vincent", "Gene Vincent & His Blue Caps", "Gene Vincent and the Blue Caps", "Blue-cap", "Vincent Craddock", "The Blue Caps"], "response": "Gene Vincent."}
{"cache_time": 3610.42724609375, "response_time": 5680.194580078125, "answers": ["Peacock", "Peahens", "Peacocks", "Peachick", "Pavo, Afropavo", "Pea fowl", "White peacock (bird)", "Peahen", "Pea cock", "Peacock feather", "Peacockery", "Peafowl", "Indian Blue Peacock"], "response": "Name Peacock - The Meaning Of The Name\n\nThe passage is providing information about the name Peacock, including its gender, origin, popular"}
{"cache_time": 2266.293701171875, "response_time": 1166.1322174072266, "answers": ["Karl Marx", "Karl Heinrich Marx", "K. H. Marx", "Marx, Karl", "K Marx", "Carl Heinrich Marx", "Carl Marks", "K. Marx", "Karol Marks", "Carl Marx", "Father of Communism", "Karl Marks", "Karl marx", "Marx"], "response": "Zeppo Marx"}
{"cache_time": 3183.898681640625, "response_time": 1978.5236358642578, "answers": ["Almond tree", "Luz (nut)", "Amygdalus amara", "Almond oil", "Marcona almonds", "Mandel (nut)", "Badam", "Almond Bitter Oil", "Prunus dulcis", "Almond trees", "Amygdalus communis", "Almendrado", "Amygdalus dulcis", "Marcona Almonds", "Prunus amygdalus dulcis", "Druparia amygdalus", "Marcona almond", "Marcona Almond", "Prunus amygdalus", "Almond extract", "Amygdalus fragilis", "Amygdalus sativa", "Baadaam", "Oil of bitter almond", "Toasted Almond", "Oleum amygdalae", "Bitter almonds", "Sweet almond oil", "Almond", "\u0644\u0648\u0632", "Almonds", "Oil of Bitter Almonds", "Almond syrup", "Bitter almond"], "response": "Psychoactive mushroom"}
{"cache_time": 2199.5732421875, "response_time": 1355.826171875, "answers": ["The Likes of Us"], "response": "Millicent Martin"}
{"cache_time": 2986.349365234375, "response_time": 5786.260498046875, "answers": ["Carberry", "Carberry (disambiguation)"], "response": "Colin Firth\n\nThe question is:\n\nWho won the 2011 Best Actor Oscar Award?\n\nThe passage"}
{"cache_time": 2716.10693359375, "response_time": 4459.43505859375, "answers": ["Scratch sheet", "Race horse", "Pony racing", "Horse Racing", "Racing horse", "Racing industry", "Horse racing in Japan", "Horse-racing", "Keiba", "\ud83c\udfc7", "Horse racing", "Horse racing venue", "Racing on horseback", "Quarter-Horse Racing", "Horse race", "Horse races", "Racehorses", "Horse-race", "Racehorse", "Turf patron", "Horserace", "Horseracing"], "response": "Swedish\n\nThe passage is about Mora-Siljan Airport, which is located in Sweden."}
{"cache_time": 3648.518798828125, "response_time": 1372.9966125488281, "answers": ["Kim Smith", "Smith, Kim", "Kimberley Smith", "Kimberly Smith", "Kimberley Smith (athlete)", "Kimberley Smith (disambiguation)", "Kim Smith (disambiguation)"], "response": "$8 million."}
{"cache_time": 4355.8896484375, "response_time": 1180.9546203613281, "answers": ["Seven Boar", "Severn river (great britain)", "Afon Hafren", "Severn Vale", "Severn River (Great Britain)", "River Severn", "Severn", "The Severn River"], "response": "Birmingham Canal"}
{"cache_time": 2424.715087890625, "response_time": 4876.141555786133, "answers": ["\u2121", "Fixed telephony", "\u2706", "Telephone receiver", "Fone", "Telpehone", "Telephone and Telephone System", "Telephone", "\u260f", "\u260e", "Phone", "\ud83d\udcde", "\u2315", "Telephones", "A phone", "Phones", "Telephone set", "Telephone bell", "Station set", "Telephone cord", "Telephone communication"], "response": "NIGGEPARTER Graham Seed played the role of Nigel Pargetter in The Archers for almost thirty years."}
{"cache_time": 2190.330322265625, "response_time": 5449.880584716797, "answers": ["Raffaello Sanzio", "RAPHAEL", "Raffaelo Santi", "Raphael Santi", "Raffael", "Raffaelo", "Raffaello da Urbino", "Rafael Sanzio", "Rafael Sancho", "Raphael", "Raffaello Santi", "Raphael Urbinas", "Raphaelesque", "Raffaello Sanzio da Urbino", "Raphael Sanzio", "Raphael (painter)", "Sanzio", "Raphael Sanzi", "Rapheal", "Rafael Sanzio da Urbino", "Raphaello Sanzio"], "response": "1. Pacific Ocean island\n2. Midway\n3. Brahma, Shiva, and Vishnu\n4. Centimeter"}
{"cache_time": 2250.672607421875, "response_time": 927.5105285644531, "answers": ["Jools oliver", "James Trevor 'Jamie' Oliver, MBE", "Juliette Norton", "James Trevor 'Jamie' Oliver", "Jamie Oliver", "Jools Oliver", "James Oliver (chef)", "James Trevor Oliver, MBE", "Naked Chef", "James Trevor Oliver", "Naked chef"], "response": "Jamie Oliver."}
{"cache_time": 2234.427001953125, "response_time": 1718.1746978759766, "answers": ["Marcel Marco", "Mime Marceau", "Le Troisi\u00e8me Oeil", "Marcel marseau", "Bip the clown", "Marcel Mangel", "Le Troisieme Oeil", "Marcel Marceau"], "response": "Bip the Clown"}
{"cache_time": 2234.376708984375, "response_time": 1480.8146057128906, "answers": ["Sweating", "Hidromeiosis", "Persperation", "\ud83d\udca6", "Dipahoresis", "Sudation", "Diaphoretic", "Diaphoretics", "Perspiration", "Perspire", "Sweat", "Flop sweat", "Human sweat", "Sweaty", "Diaphoresis", "Sudorific"], "response": "...the lazy dog."}
{"cache_time": 2289.861328125, "response_time": 5719.132171630859, "answers": ["Almond tree", "Luz (nut)", "Amygdalus amara", "Almond oil", "Marcona almonds", "Mandel (nut)", "Badam", "Almond Bitter Oil", "Prunus dulcis", "Almond trees", "Amygdalus communis", "Almendrado", "Amygdalus dulcis", "Marcona Almonds", "Prunus amygdalus dulcis", "Druparia amygdalus", "Marcona almond", "Marcona Almond", "Prunus amygdalus", "Almond extract", "Amygdalus fragilis", "Amygdalus sativa", "Baadaam", "Oil of bitter almond", "Toasted Almond", "Oleum amygdalae", "Bitter almonds", "Sweet almond oil", "Almond", "\u0644\u0648\u0632", "Almonds", "Oil of Bitter Almonds", "Almond syrup", "Bitter almond"], "response": "Amaretto is commonly made from the pits of almonds and apricots, lending a distinct almond flavor with subtle cher"}
{"cache_time": 2148.028564453125, "response_time": 639.0384826660156, "answers": ["Budimpe\u0161ta", "Budapest", "Veres P\u00e9ter Gimn\u00e1zium", "Budape\u0161\u0165", "Judapest", "Transport in Budapest", "Budapesth", "Uj-Pest", "Buda-Pest", "Buda-Pesth", "Budape\u0161t", "Boedapest", "Capital of Hungary", "Nepsziget", "City of Budapest", "Budapest (Hungary)", "N\u00e9psziget", "Buda-pesth", "UN/LOCODE:HUBUD", "Budapest, Hungary"], "response": "Budapest."}
