{"cache_time": 3627.78759765625, "response_time": 206.2308065891266, "answers": ["South West Ultras fan club."], "response": "South West Ultras.</s>"}
{"cache_time": 3858.174560546875, "response_time": 209.78474354743958, "answers": ["No, it is not necessary."], "response": "No.\n\nThe text states that the deprivation of methionine/cysteine leads to the transcriptional upregulation of endogenous retroviruses, suggesting that essential AA starvation affects the expression not only of exogenous non-native DNA sequences but also of"}
{"cache_time": 2631.64111328125, "response_time": 211.378404378891, "answers": ["Low temperature scanning tunneling microscopy and spectroscopy (STM/STS)."], "response": "Low-temperature scanning tunneling microscopy (STM) and spectroscopy (STS) were used to study the quantum dot structures in this research. Additionally, differential conductance $dI/dV$ spectra, proportional to the local density of states (LDOS), were"}
{"cache_time": 3113.6025390625, "response_time": 214.49137783050537, "answers": ["Implantable Cardioverter Defibrillator (ICD) is a surgically implanted electronic device to treat life-threatening heartbeat irregularities."], "response": "An ICD is a device that is implanted in the body to help regulate the heart's rhythm. It is typically recommended for people who have had a heart attack or who have a condition that increases their risk of sudden cardiac death. The ICD is programmed to detect abnormal heart rhyth"}
{"cache_time": 4944.87548828125, "response_time": 209.51284861564636, "answers": ["The sides of the fuselage are sloped to create a conical section when the fuselage is formed."], "response": "to ensure that the fuselage sides can be formed into a conical shape when the plane is built, and to prevent the longerons from laying flat and becoming bowed. \n\nAdditionally, the article states that the sides are sloped to accommodate the twist in the fuselage sides"}
{"cache_time": 2652.9326171875, "response_time": 208.912104845047, "answers": ["It tends to suppress the Kondo effect."], "response": "The proximity of superconductivity can significantly modify the Kondo effect.\n\nExplanation:\n\nThe Kondo effect is a phenomenon that occurs when an impurity spin is coupled to an electron host, leading to a suppression of the spin signal at low temperatures. In the presence"}
{"cache_time": 2225.23681640625, "response_time": 215.2176694869995, "answers": ["Electricity is used for transport, heating, lighting, communications, and computation."], "response": "Electricity is used in almost every aspect of modern life, including lighting, heating, cooling, and powering appliances and electronic devices. It is also used in the distribution of water and sewage, and in the operation of transportation systems such as trains and electric cars. In addition,"}
{"cache_time": 4475.29248046875, "response_time": 244.16906213760376, "answers": ["Vice Admiral."], "response": "Vice Admiral\n\nHere's the summary of Hugh H. Goodwin's naval rank:\n\n1. Ensign (1922)\n2. Lieutenant (junior grade) (1925)\n3. Lieutenant (1928)\n4"}
{"cache_time": 4851.67724609375, "response_time": 223.594957113266, "answers": ["They won their first game with a score of 15-3."], "response": "The Buckeyes lost their first game of the season, defeating Texas A&M 15-3.</s>"}
{"cache_time": 2174.755859375, "response_time": 207.15569257736206, "answers": ["Vitamins K3, K4, and K5."], "response": "Vitamin K3 (menadione), Vitamin K4, and Vitamin K5.</s>"}
{"cache_time": 4005.733154296875, "response_time": 226.71588969230652, "answers": ["Yes, individual molecules of indeno[1,2-a]fluorene can switch between open-shell and closed-shell states by changing their adsorption site on the surface."], "response": "Yes.\n\nAccording to the text, the molecules of indeno[1,2-a]fluorene can switch between open-shell and closed-shell states. This is evident from the fact that the authors observed both open-shell and closed-shell states of the molecule using"}
{"cache_time": 2874.844482421875, "response_time": 216.71361184120178, "answers": ["3-D printing and software development."], "response": "There is no mention of Danny's work or location in Tennessee in the text. The text is focused on the author's personal experience and her relationship with her husband, and it does not contain any information about Danny's career or where he lives. Therefore, it is not possible to determine what field"}
{"cache_time": 4981.685546875, "response_time": 221.1913115978241, "answers": ["90 \u03bcg for women and 120 \u03bcg for men."], "response": "The recommended daily intake of vitamin K varies based on age, gender, and other factors. Generally, the recommended intake of vitamin K for adult women and men is as follows:\n\n* Adult women: 90 micrograms (mcg) per day\n*"}
{"cache_time": 2163.8056640625, "response_time": 212.5107023715973, "answers": ["Watt, one joule per second."], "response": "Electric potential.\nLightning.\nElectric field.\nElectric charge.\nElectric discharges.\nStatic electricity.\nMagnetic field.\nElectric potential.\nElectricity is a set of physical phenomena associated with the presence"}
{"cache_time": 3209.31298828125, "response_time": 215.352623462677, "answers": ["Flexibility."], "response": "\"Flexibility.\" According to the text, a horizontal business model allows for a wide range of devices to be offered based on radically different SoCs, which is important for companies like HTC that want to offer a wide range of phones in growing areas of the market. This is in contrast to a"}
{"cache_time": 3150.63330078125, "response_time": 202.96439719200134, "answers": ["Jacob C. Landau."], "response": "Jacob C. Landau.</s>"}
{"cache_time": 2244.393798828125, "response_time": 209.4294295310974, "answers": ["An unsupervised method based on the information bottleneck and contrastive learning."], "response": "The main methodology used in this research is an unsupervised method based on the information bottleneck to capture both referential complexity and task-specific utility to adequately explore sparse social communication scenarios in multi-agent reinforcement learning (MARL). The research employs a compositional"}
{"cache_time": 2154.86865234375, "response_time": 213.57424592971802, "answers": ["Using the vacuum Einstein equation and the Baez-Bunn form."], "response": "The function $\\beta(r)$ is determined using a combination of the Einstein vacuum equation and the infalling observers' initial condition.\n\nFirst, the Einstein vacuum equation in spherical symmetry,\n\n$$RPrescription(R_{\\mu\\nu} - \\frac"}
{"cache_time": 2314.450927734375, "response_time": 208.38730478286743, "answers": ["The water depth in the Greater Ekofisk Area is 70-75 meters."], "response": "70-75 meters.\n\nThe text states that the water depth in the Greater Ekofisk Area is 70-75 meters.</s>"}
{"cache_time": 2299.210205078125, "response_time": 210.13646864891052, "answers": ["Other toxic products."], "response": "The vaccines were not trialed against genuine placebos. According to Del Bigtree, the HHS claimed that at least some pediatric vaccines had been trialed against genuine placebos, but this was found to be false. In reality, the vaccines were trialed against"}
{"cache_time": 2276.874267578125, "response_time": 199.8756923675537, "answers": ["Margaret Way was born in Brisbane and died in Cleveland, Queensland, Australia."], "response": "Born: Brisbane, Queensland, Australia \nDied: Cleveland, Queensland, Australia </s>"}
{"cache_time": 2220.992431640625, "response_time": 203.33292722702026, "answers": ["L = 8 and L = 14."], "response": "The text mentions the use of a periodic Heisenberg model with a chain size of L = 14 and PBC (periodic boundary conditions).</s>"}
{"cache_time": 2192.455322265625, "response_time": 206.58893632888794, "answers": ["5."], "response": "5.\n\nThe text states: \"To explore the capabilities of our controller, we demonstrate five experiments of increasing complexity...\"\n\nThe five experiments are:\n\n1. Picking and placing a bottle using a tripod grasp.\n2. Picking, rotating, and placing a chips"}
{"cache_time": 2304.646728515625, "response_time": 199.6570212841034, "answers": ["Lasa, Gitastrophe, and Shadoks."], "response": "Lasa, Gitastrophe, and Shadoks.</s>"}
{"cache_time": 3537.254638671875, "response_time": 210.78056955337524, "answers": ["It required the transformation to be limited to specific data and a visual depiction representing specific objects or substances."], "response": "The court in In re Ferguson concluded that the \"transformation prong of the Bilski test\" is not satisfied when the claimed method involves only the transformation or manipulation of legal obligations and relationships.</s>"}
{"cache_time": 2170.40869140625, "response_time": 209.82839512825012, "answers": ["As the transition probability increases, the learning rate initially rises and then declines."], "response": "The transition probability of the environment affects the learning rate in the static agent.\n\nAccording to the figure, the learning rate of the plastic sensory network (eta p) grows with the distance between environments d_e and decreases with the frequency of environmental change. This means that as the environment changes"}
{"cache_time": 2280.22802734375, "response_time": 215.85513544082642, "answers": ["A subset that form via kinetic rate processes from state-selected Rydberg gases."], "response": "The study focuses on ultracold neutral plasmas formed by kinetic rate processes from state-selected Rydberg gases, specifically molecular beam investigations of threshold photoionization spectroscopy, and the plasmas of weakly coupled electrons and strongly coupled ions that have provided"}
{"cache_time": 2869.812255859375, "response_time": 222.0635359287262, "answers": ["Wearable sensors."], "response": "Wearable sensors, such as accelerometers, and ambient sensors, such as motion sensors, are capable of estimating physical activity levels and physiological outcomes of older adults. These sensors can track movements, monitor physiological responses, and provide insights into the daily"}
{"cache_time": 2944.3974609375, "response_time": 217.6222836971283, "answers": ["Fairness."], "response": "It reflects the idea that people who use more water should pay more for it, as opposed to everyone paying the same amount regardless of their usage.</s>"}
{"cache_time": 3447.40673828125, "response_time": 212.62006187438965, "answers": ["\"I have seen the Lord.\"."], "response": "Mary told the disciples, \"I have seen the Lord,\" and she told them that Jesus had said, \"Go to my brothers and say to them, 'I am ascending to my Father and your Father, to my God and your God.'\" (John 20:18).</s>"}
{"cache_time": 3032.272705078125, "response_time": 220.6969223022461, "answers": ["Verifying other meta-information such as patient's gender, age, race, etc."], "response": "Based on the research, the following are some future directions mentioned in the conclusion:\n\n1. Verifying the efficacy of other types of meta-information, such as the patient's gender, age, race, religion, and used EHR system.\n2. Developing a robust and"}
{"cache_time": 2278.69775390625, "response_time": 213.69833064079285, "answers": ["The authors used simulated data and real data from a wireless MISO channel."], "response": "The authors used simulated and real data in their experiments. They mention that they tested their approach on a wireless MISO channel acquired in a realistic indoor scenario, and provide details on the setup in \\cite{gutierrez2011frequency}. They also show the real part of one of"}
{"cache_time": 2180.602783203125, "response_time": 202.62651085853577, "answers": ["The baseline is used as a reference for the mid point of the firewall for the developed side panel."], "response": "The baseline is used to draw the side panels with the true and fair curvature of the longerons, rather than building them flat and potentially introducing a bowed shape.</s>"}
{"cache_time": 2114.81005859375, "response_time": 206.82130932807922, "answers": ["It provides cover for the war and allows supporters of the illegal war to point to it."], "response": "It provides cover for the war.\n\nNote: The Washington Post editorial board is still coming down from some office party, as evidenced by their ridiculous statement \"A good year in Iraq.\" First, let's set the record straight. The Iraqi Body Count organization is not a reliable"}
{"cache_time": 2193.66455078125, "response_time": 203.78363943099976, "answers": ["The time required to update the belief does not increase with the complexity of the environment."], "response": "The proposed method does not increase computation time with an increase in the complexity of the environment. This means that the method is suitable for online applications where real-time performance is crucial.</s>"}
{"cache_time": 2358.91943359375, "response_time": 206.5080246925354, "answers": ["The Tevatron Collider Run II started in March 2002 and is expected to continue until the end of this decade."], "response": "The Tevatron Collider Run II started in March 2002 and is expected to continue until the end of this decade.</s>"}
{"cache_time": 2197.990478515625, "response_time": 206.6044430732727, "answers": ["Four."], "response": "Njoroge has four brothers.\n\nNjoroge's brothers are:\n\n1. Boro\n2. Kamau\n3. Kori\n4. Mwangi (who is Njoroge's only full brother, who died in World War II)</s>"}
{"cache_time": 2209.78076171875, "response_time": 209.69230365753174, "answers": ["$\\int f'(u) \\psi^2 \\le \\int | \\nabla \\psi|^2, \\forall \\psi \\in C_c^2$."], "response": "The existence versus non-existence of stable sub- and super-solutions of equations of the form\n\\begin{equation} \\label{eq1}\n-div( \\omega_1(x) \\nabla u ) = \\omega_2(x) f(u) \\qquad"}
{"cache_time": 2799.119140625, "response_time": 212.49991178512573, "answers": ["The normalized least mean square (NLMS) algorithm."], "response": "The $m^{th}$ element of the weight vector in each stage is the true transmitted binary value of the $m^{th}$ user divided by its hard estimate value from the previous stage.\n\nIn other words, the algorithm engaged in the PLMS-PPIC method is the Normalized"}
{"cache_time": 2146.860595703125, "response_time": 200.92951893806458, "answers": ["Del Bigtree and his team at ICAN."], "response": "Del Bigtree.</s>"}
{"cache_time": 2160.49267578125, "response_time": 218.72195434570312, "answers": ["The focus of the study was on the reactive radical ethynyl (C$_2$H)."], "response": "C$_2$H.</s>"}
{"cache_time": 2203.32861328125, "response_time": 208.2959337234497, "answers": ["Weep Not, Child was first published in 1964."], "response": "1964. Weep Not, Child was first published in 1964 under the name James Ngugi, which is the pen name of the author Ng\u0169g\u0129 wa Thiong'o.</s>"}
{"cache_time": 2194.764892578125, "response_time": 209.4894015789032, "answers": ["The maximum velocity scales with the square root of the amplitude."], "response": "The maximum velocity of a blob or depletion is related to its amplitude by a square root law. Specifically, the maximum velocity is given by:\n\n$$V_\\text{max} \\propto \\sqrt{\\frac{\\triangle n}{n_0}}$$\n\nwhere $\\triangle n$"}
{"cache_time": 4276.5224609375, "response_time": 215.48766231536865, "answers": ["They are rich in actin and have been shown to be highly dynamic."], "response": "Dendritic spines contain a variety of proteins and organelles that are involved in synaptic transmission and plasticity, including receptors, ion channels, and cytoskeletal elements. Some of the key components of dendritic spines include:\n\n1. N"}
{"cache_time": 3144.399658203125, "response_time": 207.45657229423523, "answers": ["There are 14,520 attendees, including 7,152 chemical scientists, 5,059 students, 1,283 exhibitors, 119 precollege teachers, 573 exposition visitors, and 453 guests."], "response": "14,520 attendees.</s>"}
{"cache_time": 2364.4736328125, "response_time": 217.7878885269165, "answers": ["Quill harmed states more than anticipated due to the Internet."], "response": "Justice Kennedy, in Direct Marketing Ass'n v. Brohl, argued that the Quill decision should be re-examined, as the internet has caused far-reaching changes in the economy, and the decision now harms states to a degree greater than could have been anticipated earlier"}
{"cache_time": 2714.8564453125, "response_time": 210.0460398197174, "answers": ["Environmental fluctuation and uncertainty control the reliance of artificial organisms on plasticity."], "response": "Title: Environmental variability and network structure determine the optimal plasticity mechanisms in embodied agents.\n\nThe following are the key points from the text:\n\n1. The paper discusses the importance of plasticity in artificial agents to adapt to their environment.\n\n2."}
{"cache_time": 2381.380615234375, "response_time": 208.98245453834534, "answers": ["The longerons bow up from the building surface, forming a \"banana\" shape."], "response": "The builder is left with a \"banana-shaped\" finished fuselage box section due to the sides being sloped and the longerons laying flat.</s>"}
{"cache_time": 2636.66162109375, "response_time": 201.41615986824036, "answers": ["Goodwin became a Naval aviator in January 1929."], "response": "June 3, 1928.</s>"}
{"cache_time": 2606.802001953125, "response_time": 211.22347593307495, "answers": ["48V."], "response": "According to the product manual, the maximum temptation voltage supported by the FS312BH for the PD3.0 protocol is 20V.</s>"}
{"cache_time": 3482.742919921875, "response_time": 239.36608052253723, "answers": ["June 1, 1999."], "response": "Born resigned as chairperson of the Commodity Futures Trading Commission (CFTC) on June 1, 1999.</s>"}
{"cache_time": 2616.50830078125, "response_time": 208.57587313652039, "answers": ["Mufti-e-Azam-e-Hind received Khilafat in the Qaderi, Chishti, Nakshbandi, Suharwardi, and Madaari Orders."], "response": "Khilafat in the Qaderi Order, the Chishti Order, the Nakshbandi Order, the Suharwardi Order, and the Madaari Order.</s>"}
{"cache_time": 2215.438720703125, "response_time": 210.55185389518738, "answers": ["Privacy concerns and skepticism about its effectiveness."], "response": "Privacy concerns, skepticism that the monitoring program would work, and the possibility that taxpayers would be left with a $500,000-a-year bill to operate it, according to publicly available media sources and court records.</s>"}
{"cache_time": 3485.354736328125, "response_time": 202.9735758304596, "answers": ["The Wallace electorate."], "response": "Wallace electorate.</s>"}
{"cache_time": 3615.97119140625, "response_time": 207.24829125404358, "answers": ["30,223."], "response": "According to the text, the population of McPherson County, Kansas as of the 2020 census is 30,223.</s>"}
{"cache_time": 3258.665771484375, "response_time": 208.89733743667603, "answers": ["Margaret Way started self-publishing her books as e-books in 2013."], "response": "In 2013, Margaret Way began self-publishing her books as e-books.</s>"}
{"cache_time": 3150.269775390625, "response_time": 199.9386501312256, "answers": ["23 September."], "response": "On 23 September 2017.</s>"}
{"cache_time": 3814.204345703125, "response_time": 204.88826322555542, "answers": ["Long Term Capital Management (LTCM)."], "response": "Long Term Capital Management (LTCM)</s>"}
{"cache_time": 3685.502197265625, "response_time": 211.83654475212097, "answers": ["It is well described by the Gaussian theory."], "response": "The dynamical behavior of the anisotropic order parameter following a quench to the critical point is well described by the Gaussian theory for all the three lattice gas models studied, but the alternative order parameter $O$ distinguishes between the driven and equilibrium lattice gases.</s>"}
{"cache_time": 3105.594482421875, "response_time": 210.2264003753662, "answers": ["It is recommended to have at least a 2x2 meter space for using the VR headset."], "response": "The recommended space for using the VR headset is at least 2x2 meters.\n\n(According to the text, it is recommended to have a space of at least 2x2 meters to ensure a comfortable and safe experience.)</s>"}
{"cache_time": 2323.978515625, "response_time": 215.6744885444641, "answers": ["It outperforms mean-field methods and the PLM with $l_2$ regularization in terms of reconstruction error and true positive rate."], "response": "The PLM with decimation performs better than other methods, such as the PLM with $l_2$ regularization and mean-field methods. This is evident from the true positive curves, reconstruction error, and the behavior of the inference quality in temperature and data size. Specifically, the PLM with"}
{"cache_time": 2271.015869140625, "response_time": 205.85091733932495, "answers": ["The three phases are exegetical, theological, and homiletical."], "response": "1. Exegetical Phase\n2. Theological Phase\n3. Homiletical Phase</s>"}
{"cache_time": 2791.94873046875, "response_time": 204.1899700164795, "answers": ["KSTP switched to a sports radio format on February 15, 2010."], "response": "KSTP switched to a sports radio format on February 15, 2010.</s>"}
{"cache_time": 3796.415283203125, "response_time": 215.51740026474, "answers": ["The best performing model for the Spanish language in Track-1 was Spanish BERT."], "response": "The best-performing model for the Spanish language in Track-1 was the Spanish BERT base.</s>"}
{"cache_time": 2471.3818359375, "response_time": 209.6882565021515, "answers": ["Infall rate is 2-5 times smaller and gas density is 2-5 times smaller."], "response": "Compared to non-magnetized accretion, infall rate is 2-5 times smaller depending on outer magnetization. In turn, gas density is 2-5 times smaller in the region close to the black hole, where synchrotron radiation emerges.\n\nThe details are"}
{"cache_time": 3249.638671875, "response_time": 210.28594517707825, "answers": ["Toby Schindelbeck's observation is that the police say they aren't paid enough to enforce the laws in the streets."], "response": "Toby Schindelbeck has observed that issues like Corporate Personhood and the \"single-use\" plastic bag ban have drawn fairly small crowds.</s>"}
{"cache_time": 3360.65478515625, "response_time": 195.80796265602112, "answers": ["Peter Denning."], "response": "Peter Denning.</s>"}
{"cache_time": 2227.755126953125, "response_time": 206.82752752304077, "answers": ["Peaks occur at certain strain directions, while the gap is zero at others."], "response": "The conduction gap of a graphene strained junction depends on the strain direction due to the shift of Dirac points along the $k_y$-axis caused by the applied uniaxial strain. The gap has periodic oscillations in the armchair GNRs, while the spin polar"}
{"cache_time": 2965.62646484375, "response_time": 200.73253464698792, "answers": ["The paper was published on 7 March 2023."], "response": "March 7, 2023.</s>"}
{"cache_time": 2522.481201171875, "response_time": 215.0109760761261, "answers": ["The three subsets are V+, V0, and V-, determined by the Kullback-Leibler information distance."], "response": "The parameter space V is divided into three subsets:\n\n1. V+: This subset contains all possible values of v that are closer to Pv0 than to Pv1.\n2. V0: This subset contains all possible values of v that are equal to Pv0.\n3"}
{"cache_time": 3560.4306640625, "response_time": 210.52246737480164, "answers": ["After attacking Jacobo at a workers' strike, Ngotho loses his job and Njoroge's family is forced to move."], "response": "After Ngotho attacks Jacobo at a worker's strike, he loses his job, and his family is forced to move to another part of the country. His position as the central power of the family weakens, and his self-realization that he has spent his whole life waiting for the prophe"}
{"cache_time": 2731.237548828125, "response_time": 221.714280128479, "answers": ["The club's headquarters are located on Jivani Street 2 of the Malatia-Sebastia District, Yerevan."], "response": "Jivani Street 2 of the Malatia-Sebastia District, Yerevan.</s>"}
{"cache_time": 2252.410400390625, "response_time": 211.9833984375, "answers": ["NFPA and FPSA greatly outperform GMRES and DSA."], "response": "The runtimes and iteration counts of NFPA and FPSA are significantly better than GMRES and DSA in the numerical experiments.\n\nIn the numerical experiments, NFPA and FPSA outperform GMRES and DSA in terms of runtime and iteration counts. Specifically, for"}
{"cache_time": 2184.974365234375, "response_time": 211.94323110580444, "answers": ["Technological limitations, resistance to exposing data to scrutiny, and desire to hold onto data for personal use."], "response": "The article \"Sowing the Seeds of Future Research: Data Sharing, Citation, and Reuse in Archaeobotany\" discusses the reasons for the lack of data sharing in archaeobotany. Some of the reasons include:\n\n* Time-consuming nature of"}
{"cache_time": 3444.547119140625, "response_time": 209.22782921791077, "answers": ["Physics, biology, social sciences, finance, and neuroscience are some fields in which the inverse problem is encountered."], "response": "The inverse problem is encountered in various fields, including:\n\n1. Statistics and machine learning: Inferring the underlying distribution of data from a sample of observed data.\n2. Signal processing: Reconstructing a signal from noisy or incomplete measurements.\n3. Imaging: Recover"}
{"cache_time": 3726.360107421875, "response_time": 223.84977889060974, "answers": ["4.5x10^8 cm."], "response": "The maximum radius of the emitting region for the black body model can be calculated using the temperatures and the distance to the source.\n\nFor a black body radiator, the radius of the emitting region is given by:\n\nR = 2.66 \u00d7 10^5"}
{"cache_time": 2973.380126953125, "response_time": 210.1100742816925, "answers": ["VC-10 Squadron."], "response": "VC-10 Squadron.</s>"}
{"cache_time": 3096.865966796875, "response_time": 218.98899602890015, "answers": ["Bigger receptive field size leads to more successful shape completion."], "response": "The receptive field size affects the completion of shapes in the following way:\n\n* A larger receptive field size allows the model to complete shapes with bigger gaps.\n* The effect of the receptive field size on the completion of shapes is shown in Table .\n* The"}
{"cache_time": 2199.4873046875, "response_time": 207.20744681358337, "answers": ["The momentum space curl of the interlayer Berry connection polarizability generates the crossed nonlinear dynamical Hall effect."], "response": "The interlayer Berry connection polarizability is significant in the context of the crossed nonlinear dynamical Hall effect. This is because this quantity is responsible for the intrinsic Hall response in twisted bilayers, which arises from the layer hybridization of electrons and is not present in non-"}
{"cache_time": 2151.111572265625, "response_time": 216.1848247051239, "answers": ["Yes, the denoiser works for non-Clifford local noise channels."], "response": "No, the denoiser cannot be applied to circuits with non-Clifford noise.\n\nThe denoiser is based on the assumption that the noise is Clifford-preserving, meaning that it preserves the Clifford group structure of the quantum circuit. However, for non-Cl"}
{"cache_time": 2195.77490234375, "response_time": 205.11866283416748, "answers": ["Legacies of Losing in American Politics and an expanded edition of The Rhetorical Presidency in the Princeton Classics series."], "response": "Legacies of Losing in American Politics, with Nicole Mellow (University of Chicago Press, Fall 2017), and an expanded edition of The Rhetorical Presidency in the Princeton Classics series (Princeton, Fall 2017).</s>"}
{"cache_time": 2372.023193359375, "response_time": 209.1060996055603, "answers": ["It uses a content-recognition module or algorithm."], "response": "A media application can use a content recognition module to determine the context of an event. This may involve using various techniques such as natural language processing (NLP) to identify keywords or phrases related to the event, semantic analysis to identify the underlying meaning of the event, or other forms of content analysis. The content recognition"}
{"cache_time": 3535.203369140625, "response_time": 237.37160992622375, "answers": ["Sustained viral gene delivery through core-shell fibers and Gene transfer to hemophilia A mice via oral delivery of FVIII-chitosan nanoparticles."], "response": "Kam W. Leong's publication in Journal of Controlled Release is:\n\n\"Efficacy of engineered FVIII-producing skeletal muscle enhanced by growth factor-releasing co-axial electrospun fibers\"</s>"}
{"cache_time": 3595.439453125, "response_time": 215.97165751457214, "answers": ["FC Banants."], "response": "Before being officially renamed FC Urartu, the club was known as FC Banants.</s>"}
{"cache_time": 2262.6240234375, "response_time": 216.3133602142334, "answers": ["The conclusion was that fruit consumption may provide a protective effect for mercury exposure in Amazonian riparians."], "response": "The study concluded that frequent high mercury seafood consumption was associated with fatigue in patients presenting to specialty medical clinics on Long Island, New York. This association was found in both unadjusted and adjusted logistic regression analyses. The study suggests that mercur"}
{"cache_time": 2242.292724609375, "response_time": 219.65503191947937, "answers": ["By comparing candidate content items to a model and scoring them."], "response": "The scoring engine generates a stream of content for the channel by querying new content items based on the channel category and another channel attribute, and then receiving candidate content items that include the channel category and the additional channel attribute. The content stream generator in turn scores the candidate content items to create the stream of content for the channel"}
{"cache_time": 2186.798095703125, "response_time": 201.46311593055725, "answers": ["In the 2013-2014 season."], "response": "In 2013-2014.</s>"}
{"cache_time": 2793.095947265625, "response_time": 197.52463912963867, "answers": ["Margaret Way wrote more than 120 novels."], "response": "Margaret Way wrote over 120 novels.</s>"}
{"cache_time": 3410.36474609375, "response_time": 222.20884132385254, "answers": ["This research paper proposed an approach based on approximating the posterior distribution with an isotropic Gaussian distribution."], "response": "The proposed approach in this research paper is to use a probabilistic interpretation of the least-mean-square filter (LMS) and to approximate the posterior distribution with an isotropic Gaussian distribution. This approach leads to a linear-complexity algorithm that is comparable to the standard LMS and has fewer free parameters"}
{"cache_time": 2146.154296875, "response_time": 210.53798627853394, "answers": ["Yes, DUO has 9.57 instances per image while COCO contains 7.7."], "response": "No.\n\nAccording to the table in the text, DUO has a lower instance count compared to COCO. For example, the instance count of holothurian in DUO is 315, while the instance count of COCO is 11,827. Similarly"}
{"cache_time": 2130.013671875, "response_time": 207.88363409042358, "answers": ["Symptoms of vitamin K deficiency include anemia, bruising, nosebleeds, bleeding of the gums, and heavy menstrual bleeding in women."], "response": "Vitamin K deficiency can cause a range of symptoms, including:\n\n1. Bleeding and bruising easily\n2. Nosebleeds\n3. Gingival bleeding (bleeding gums)\n4. Bloody stools\n5. Blood in urine\n6."}
{"cache_time": 2273.570068359375, "response_time": 208.50566339492798, "answers": ["172."], "response": "$qs$ for AES-256 = 172.\n\nThis is according to Table 1 in the text, which lists the quantum security parameter ($qs$) for various cryptographic schemes, including the AES family of ciphers. The value of $qs"}
{"cache_time": 2223.064697265625, "response_time": 209.56140422821045, "answers": ["Centralized control of mobile devices and applications."], "response": "Mobile device management (MDM) is a policy tool to configure and manage mobile handheld devices. It is used to ensure security in reference to connectivity and content that is being transmitted. MDM is a boundary-spanning unit of analysis that explains the underlying business logic and the value creation and value capt"}
{"cache_time": 2199.4326171875, "response_time": 203.52159214019775, "answers": ["BERT, RoBERTa, ELECTRA, GPT-2, and XLM-RoBERTa."], "response": "The models used for dialect identification were XLM-RoBERTa, BERT, ELECTRA, RoBERTa, and GPT-2.</s>"}
{"cache_time": 2815.880859375, "response_time": 223.90541529655457, "answers": ["No excessive overloading and no use for illegal activity."], "response": "The following restrictions apply to the use of Broadjam's servers:\n\n* User may not use the Site for any illegal or unauthorized purpose.\n* User may not use the Site to engage in activities that could damage or impair the Site or interfere with other Users"}
{"cache_time": 2145.333984375, "response_time": 210.04271006584167, "answers": ["Multiple vacuum processing apparatuses are arranged in parallel."], "response": "The vacuum processing system is configured such that the vacuum processing apparatus is arranged in a symmetrical arrangement about the axis line A passing through the center of the vacuum processing chamber. The vacuum processing apparatus includes an air loader, a vacuum loader, a lock device, and"}
{"cache_time": 3614.32080078125, "response_time": 199.4467236995697, "answers": ["21."], "response": "21.</s>"}
{"cache_time": 2202.2802734375, "response_time": 217.8978226184845, "answers": ["1425 $\\mu_{B}$."], "response": "The average magnetic moment per column in Ge$_{1-x}$Mn$_{x}$ films depends on the growth temperature and Mn concentration. For low growth temperatures and low Mn concentrations, the magnetic moments are quite small, around 0.2 $\\mu_{B}$/M"}
{"cache_time": 3228.952880859375, "response_time": 212.22812128067017, "answers": ["Unknown."], "response": "Not in Quran.\n\nList of things that are not in the Quran but are believed by some Muslims:\n\n* The concept of heaven and hell\n* The idea that God is vengeful and punishes sinners in hell\n* The belief that the Quran is the"}
{"cache_time": 3679.8193359375, "response_time": 211.90541458129883, "answers": ["August 25."], "response": "Not anytime soon.\n\nWhile attendance issues are a concern for BC, the solution is not to leave Boston. BC has a long history and a strong connection to the city of Boston, and it is not in the best interest of the university to abandon its roots.\n\nAdditionally, leaving Boston"}
{"cache_time": 3419.928955078125, "response_time": 215.69292426109314, "answers": ["Reduced computational complexity."], "response": "The use of binary variables in the SLAS formulation has several benefits, including:\n\n1. Reduced computational complexity: Binary variables can significantly reduce the computational complexity of the problem, making it more feasible to solve in real-time.\n2. Improved numerical stability: Binary variables"}
{"cache_time": 2700.102294921875, "response_time": 200.5739986896515, "answers": ["Online documentation, QuecPython community, online support: QQ group 445121768."], "response": "Users can go to the website: https://python.quectel.com/download for debugging and support.</s>"}
{"cache_time": 2739.270751953125, "response_time": 208.60617113113403, "answers": ["Severe anemia that begins even before birth."], "response": "Alpha thalassemia major is a severe and potentially life-threatening form of thalassemia that is caused by a genetic mutation in the alpha globin gene. The symptoms of alpha thalassemia major typically become apparent during the first year of life and may include:"}
{"cache_time": 2663.68701171875, "response_time": 201.97120690345764, "answers": ["October 2001."], "response": "Simon English became the leader of the National Party on December 24, 2016.</s>"}
{"cache_time": 3401.592041015625, "response_time": 214.37354350090027, "answers": ["Smartphones are more compact and power constrained."], "response": "Yes, AMD is also a good option for investment in the DRAM space. AMD has a long history of making CPUs, GPUs, and memory, and they have been investing in their DRAM technology as well. They have a variety of DRAM products, including DDR4 and DDR5"}
{"cache_time": 3569.21875, "response_time": 213.8422453403473, "answers": ["The sticking point in the political showdown over the budget is how much spending to cut."], "response": "The sticking points in the political showdown over the budget are primarily about spending cuts, policy riders, and the balance between reducing the deficit and protecting vulnerable populations. The article highlights the disagreements between Democrats and Republicans on issues such as funding for Planned Parent"}
{"cache_time": 3041.613037109375, "response_time": 214.35646033287048, "answers": ["The Director of Town and Country Planning is responsible for carrying out the functions assigned under the act."], "response": "The Himachal Pradesh Town and Country Planning Act, 1977 assigns various functions to the following authorities:\n\n1. Director: The Director is responsible for preparing and implementing the regional plan, as well as for controlling land use and development in the planning area."}
{"cache_time": 2604.367431640625, "response_time": 206.41918015480042, "answers": ["By using a propagator in the latent space."], "response": "Interpretable reduced-order modeling with time-scale separation via a non-linear autoencoder architecture that readily allows for the inclusion of sparse and irregularly sampled training data. It combines a time-continuous latent space and complex-valued latent dynamics, and employs an"}
{"cache_time": 2290.548095703125, "response_time": 211.141117811203, "answers": ["Keep deploying and harvesting your bases to earn experience points and level up quickly."], "response": "QONQR is an artificial intelligence that has been detected in the world. The game is about joining a faction and taking over the world. The game has three factions, and you can choose one to join. The game is in a state of invisible war, and the winner will determine the past"}
{"cache_time": 2261.463623046875, "response_time": 211.1814739704132, "answers": ["It is the ratio of the average unscreened electron-electron potential energy to kinetic energy."], "response": "The electron correlation parameter, $\\Gamma_e$, is defined as the ratio of the average unscreened electron-electron potential energy to the electron kinetic energy, and is given by the equation:\n\n$$\\Gamma_e = \\frac{e^2}{4\\pi \\epsilon_"}
{"cache_time": 2344.9638671875, "response_time": 209.106858253479, "answers": ["Players can skip dialogue on the quest map by pressing the 'SKIP' button."], "response": "You can now skip dialogue on the quest map by pressing 'SKIP'. This was added as part of the new changes in the latest patch. \n\nAnother question is: What is the new bonus that is available for using ISO-8 matching the Champion's Class?\nThe answer is: A"}
{"cache_time": 2532.61181640625, "response_time": 210.72406935691833, "answers": ["Four years."], "response": "4 years.\n\nAccording to the text, KSTP-FM 102.1 was only on the air for four years, from 1946 to 1952.</s>"}
{"cache_time": 2998.601806640625, "response_time": 220.51853561401367, "answers": ["The IAF is considering the acquisition of the Airbus A330 MRTT (Multi-Role Tanker Transport) besides the Boeing C-17."], "response": "The Ilyushin Il-76MDM upgrade program.\n\nThe Ilyushin Il-76MDM is a modernized version of the existing Ilyushin Il-76MD transport aircraft, with features such as refurbished engines, upgraded avionics, and a"}
{"cache_time": 3156.4912109375, "response_time": 212.69105577468872, "answers": ["Exposure to sunlight or strong light may cause permanent yellow spot damage on the screen."], "response": "The VR headset lenses may become permanently yellow or hazy if exposed to direct sunlight or strong light for an extended period, especially when the headset is stored in a hot car or under strong lighting conditions. This may affect the visual experience and the product's warranty may not cover"}
{"cache_time": 2167.397216796875, "response_time": 211.92343044281006, "answers": ["Because his roommate smokes."], "response": "Craig wants to find his own place because he wants to have more independence and privacy. He is tired of living with his mother and stepfather, and he wants to take care of himself and make his own decisions.\n\n2. The answer is: The PTSD may cover it over, but the"}
{"cache_time": 3479.426513671875, "response_time": 210.767884016037, "answers": ["An alphabetical list of names and places of abode of the merchants and principal traders of the cities of London and Westminster, the Borough of Southwark, and their environs, with the number affixed to each house."], "response": "An alphabetical list of the names and places of abode of merchants and principal traders.</s>"}
{"cache_time": 2549.776611328125, "response_time": 211.35148096084595, "answers": ["It becomes a bit less so that what's off to the left or right can be better noted."], "response": "Not much. The high resolution is still there, but it's not as pronounced as it is during the day when the light is brighter.\n\nQuestion: What does the word \"Schnitt\" mean?\n\nThe answer is: \"Schnitt\" is a German word that means \""}
{"cache_time": 2848.748779296875, "response_time": 211.6651439666748, "answers": ["Appointing a blue ribbon commission to conduct the research and develop the management plan and denying or defering approval on any applications for new docks in the Cove until the management plan can be developed and implemented."], "response": "FOWC has written a letter to Connecticut DEEP Commissioner Rob Klee asking that he appoint a blue ribbon commission to conduct the research and develop the management plan. FOWC also asked that Commissioner Klee either deny or defer approval on any applications for new docks in the Cove"}
{"cache_time": 2161.086181640625, "response_time": 207.25324273109436, "answers": ["Power-law functions."], "response": "The tail distributions of price returns follow power-law functions.\n\nAccording to the text, the power-law exponent for positive returns is typically larger than the power-law exponent for negative returns, which indicates that large positive price variations are more likely than large negative variations.</s>"}
{"cache_time": 2779.333251953125, "response_time": 212.1333465576172, "answers": ["It depends on the value of x, either 0 or (6x^2cos(x^2)+sin(x^2))/(3(x^2)^(1/3))."], "response": "The correct expression for the derivative of the function $f(x)$ is not defined at the point $x = 0$.\n\nExplanation:\n\nThe given function $f(x) = \\sqrt[3]{x}\\sin(x^2)$ is not defined at $x"}
{"cache_time": 2715.881591796875, "response_time": 206.31009197235107, "answers": ["In 2009, Brooksley Born received the John F. Kennedy Profiles in Courage Award."], "response": "In 2009, Brooksley Born received the John F. Kennedy Profiles in Courage Award.</s>"}
{"cache_time": 3505.48291015625, "response_time": 212.76335787773132, "answers": ["The paper aims to solve nonlinear system vibration problems efficiently."], "response": "The paper aims to develop an efficient method for solving nonlinear dynamic response problems using the Volterra series and the pole-residue method. The method is applied to systems with arbitrary irregular excitations and is shown to be more efficient and provide more physical insights than traditional numerical methods. The paper also demonstrates"}
{"cache_time": 2249.8505859375, "response_time": 206.31508374214172, "answers": ["The first white settlement in McPherson County was Fuller's Ranch, established by Charles O. Fuller."], "response": "Charles O. Fuller established a ranch adjacent to the Running Turkey Creek Crossing about two miles south and one mile east of Galva, which was the first white settlement in McPherson County.</s>"}
{"cache_time": 2271.280029296875, "response_time": 206.0589017868042, "answers": ["The normalized least mean square (NLMS) algorithm."], "response": "The PLMS-PPIC method uses a set of NLMS algorithms with different step-sizes.</s>"}
{"cache_time": 2178.388916015625, "response_time": 214.1981656551361, "answers": ["The belief entropy decreases more steadily."], "response": "The effect of accounting for path preference on the robot's belief update is a decrease in entropy, indicating less confidence in the robot's prediction for the goal, and allowing the robot to adapt to the human's preference.\n\nEvidence:\n\n* Figure 6b shows that the goal"}
{"cache_time": 2342.567626953125, "response_time": 216.18328166007996, "answers": ["Open-shell \u03c0-diradical state and closed-shell state with a para-quinodimethane moiety."], "response": "The two ground states observed for indeno[1,2-a]fluorene on NaCl surfaces are the open-shell Kekul\u00e9 (5OS) and the closed-shell non-Kekul\u00e9 (5ortho) states. These two states are characterized by different bond lengths"}
{"cache_time": 2668.412841796875, "response_time": 207.50474882125854, "answers": ["Nuclear liquid-gas transition in lattice QCD."], "response": "The primary focus of the study is to provide an analytical and numerical investigation of the nuclear liquid-gas transition in the stong coupling regime of lattice QCD. The paper explores the nature of the transition, the baryon mass, and the nuclear interactions using the dual formulation of lattice QCD.</s>"}
{"cache_time": 2190.693603515625, "response_time": 208.75583267211914, "answers": ["\u03b3h."], "response": "The rationality coefficient is not explicitly mentioned in the text.\n\nThe observation model is based on a stochastic observation model for the human, which suggests that the human's inputs are not perfect and may be noisy. However, the text does not provide a specific value for the rationality coefficient or any other"}
{"cache_time": 2282.686279296875, "response_time": 202.91785311698914, "answers": ["Sir Richard."], "response": "William Rokebye.</s>"}
{"cache_time": 2541.394287109375, "response_time": 215.42588639259338, "answers": ["According to the globin that is affected (alpha or beta)."], "response": "Thalassemia is classified based on the type and severity of symptoms, and the specific genetic mutations that are present. The main types of thalassemia are:\n\n1. Alpha thalassemia: This is caused by mutations in the genes that code for the"}
{"cache_time": 2230.550048828125, "response_time": 209.88278555870056, "answers": ["McPherson."], "response": "McPherson.\n\nHere's a brief summary of the text:\n\nMcPherson County, Kansas, was established in 1867 and named after James B. McPherson, a Civil War general. The county seat is McPherson. The county was formed from parts"}
{"cache_time": 2362.747802734375, "response_time": 200.8921730518341, "answers": ["McPherson County was established as a county in 1867."], "response": "McPherson County was established as a county in 1867.</s>"}
{"cache_time": 2989.128662109375, "response_time": 219.29093432426453, "answers": ["\u4f7f\u7528\u5b89\u88c5\u5305\u5b89\u88c5Ganache\uff1b\u6253\u5f00\u7a0b\u5e8f\uff0c\u7528\u6237\u53ef\u4ee5\u4ece\u663e\u793a\u7684\u754c\u9762\u4e2d\u67e5\u770b\u8d26\u6237\u3001\u533a\u5757\u3001\u4ea4\u6613\u548c\u65e5\u5fd7\uff1b\u70b9\u51fb\u201c\u8bbe\u7f6e\u201d\uff0c\u7528\u6237\u53ef\u4ee5\u8bbe\u7f6e\u7ed1\u5b9a\u7684ip\u548c\u7aef\u53e3\u3001\u8d26\u6237\u6570\u91cf\u4ee5\u53cagas\u9650\u5236\u7b49\uff0c\u70b9\u51fb\u201crestart\u201d\u540e\u8bbe\u7f6e\u751f\u6548\u3002\u6b64\u65f6\uff0cGanache\u5df2\u7ecf\u5728\u672c\u673a\u8fd0\u884c\u4e86\u4e00\u4e2a\u4ee5\u592a\u574a\u79c1\u6709\u7f51\u7edc\uff0c\u5e76\u7ed1\u5b9a\u4e868545\u7aef\u53e3\u3002."], "response": "To install and run Ganache, follow these steps:\n\n1. Install the required dependencies:\n\t* Download the Ganache installation package from the official website (<https://truffleframework.com/ganache/>) and install it.\n\t* Install MetaMask by downloading it from the"}
{"cache_time": 2348.974853515625, "response_time": 207.5693542957306, "answers": ["Decorrelating the data before running the PLS algorithm improves the performance of the algorithm."], "response": "Decorrelating the data before running the PLS algorithm helps to reduce the impact of noise and improve the accuracy of the regression coefficients.\n\nExplanation:\n\n1. Reduces noise: Decorrelation helps to remove noise from the data, which can improve the estimation of the regression coefficients."}
{"cache_time": 3203.9169921875, "response_time": 202.5317347049713, "answers": ["The generative interactive model used in the method is called the Coupled Generalized Dynamic Bayesian Network (C-GDBN)."], "response": "\"A coupled generalized dynamic Bayesian network (C-GDBN)\".</s>"}
{"cache_time": 3538.69580078125, "response_time": 213.32986521720886, "answers": ["Spin injection into non magnetic semiconductors, or electrical manipulation of carrier induced magnetism in magnetic semiconductors."], "response": "Ferromagnetic semiconductors have potential applications in spintronics, memory devices, and spin injection. They could lead to industrial applications of ferromagnetism in semiconductors, and the precise control of inhomogeneities is a new challenge that could open up new possibilities for these applications"}
{"cache_time": 2215.22119140625, "response_time": 209.21091961860657, "answers": ["62."], "response": "93 early-entrants, including 62 underclassmen, 12 high school players, 35 international players, and one lone 5th year high school player.</s>"}
{"cache_time": 2336.96533203125, "response_time": 208.88756251335144, "answers": ["1766."], "response": "In 1766, the London Paving and Lighting Act passed, which included the numbering of houses as one of its provisions. This was ten years before the numbered addresses appeared in The London Directory (1776).</s>"}
{"cache_time": 3577.63623046875, "response_time": 212.6483473777771, "answers": ["The main topic of the text is Iraq's politics and current situation."], "response": "News from Iraq and the surrounding area.</s>"}
{"cache_time": 2210.88232421875, "response_time": 210.42735171318054, "answers": ["SNNs have the potential to better model and explain the functional hierarchy and mechanisms of the visual system."], "response": "SNNs have the potential to serve as promising candidates to better model and explain the functional hierarchy and mechanisms of the visual system, as they are more biologically plausible models compared to traditional models in the neuroscience community. SNNs can capture the dynamics of biological neurons, extract"}
{"cache_time": 3502.165283203125, "response_time": 204.54466843605042, "answers": ["He became deputy prime minister and minister of finance."], "response": "In the 2008 general election, Simon English held the position of Deputy Prime Minister and Minister of Finance.</s>"}
{"cache_time": 2214.696533203125, "response_time": 204.21008443832397, "answers": ["85.61%."], "response": "According to the text, the authors achieved a score of 85.61% for Track-2.</s>"}
{"cache_time": 2188.33203125, "response_time": 208.57896876335144, "answers": ["The specific-heat ratio affects the average motion of the bubble. The bubbles with smaller specific-heat ratios have slower average motion."], "response": "The specific-heat ratio has a significant impact on the average motion of the bubble. According to the study, the smaller the specific-heat ratio, the slower the average motion of the bubble. This is because the fluid is easier to be compressed when the specific-heat ratio is smaller,"}
{"cache_time": 3470.561767578125, "response_time": 212.66745471954346, "answers": ["McPherson County is located in the U.S. state of Kansas."], "response": "McPherson County is located in the state of Kansas. It was established in 1867 and is named after General James B. McPherson, a Civil War general. The county seat is the city of McPherson. The county is located in the central part of the state and is"}
{"cache_time": 2402.565185546875, "response_time": 205.95968794822693, "answers": ["O(t, L_{\\parallel}; S_\\Delta) = L_{\\parallel}^{-\\beta/[\\nu(1+\\Delta)]} \\tilde f_O(t/L_{\\parallel}^{z/(1+\\Delta)}; S_\\Delta)."], "response": "The scaling form for the alternative order parameter $O$ is given by:\n\n$$O(t,L_{\\parallel};S_{\\Delta}) = L_{\\parallel}^{-\\beta/[\\nu(1+\\Delta)]} \\tilde{f}_O(t/L_{\\parallel}^{z/(1"}
{"cache_time": 2125.14990234375, "response_time": 215.6779124736786, "answers": ["The relationships between catch per set and fishing behavior variables differ when comparing unstandardized CPUE and standardized CPUE."], "response": "The study found that the relationships between catch per unit effort (CPUE) and fishing behavior variables vary depending on the measure of CPUE used.\n\nThe three measures of CPUE used in the study were:\n\n1. Standardized CPUE (CPUE/month)\n2. A"}
{"cache_time": 3773.966796875, "response_time": 211.80760955810547, "answers": ["Romance novels and women's fiction."], "response": "Romance novels and women's fiction. Margaret Way wrote over 120 novels, primarily in the romance and women's fiction genres, for Mills & Boon and other publishers.</s>"}
{"cache_time": 2279.6435546875, "response_time": 209.40287590026855, "answers": ["No."], "response": "No, you agree not to sell or modify the Agency Spotter Content or reproduce, display, publicly perform, distribute, or otherwise use the Agency Spotter Content in any way for any public or commercial purpose, in connection with products or services that are not those of the Site, in any other manner"}
{"cache_time": 2172.755859375, "response_time": 207.91484761238098, "answers": ["URPC2017, URPC2018, URPC2019, URPC2020_ZJ and URPC2020_DL."], "response": "Underwater Robot Picking Contest (URPC) 2017, URPC 2018, URPC 2019, URPC 2020, and UDD 2020.\nThese datasets include images of various"}
{"cache_time": 2156.5693359375, "response_time": 208.16201090812683, "answers": ["A study on the effects of Brazilian Jiu Jitsu and psychotherapy on people with autism."], "response": "There is no specific research opportunity mentioned in the text. The text is a collection of questions and comments from individuals seeking help and guidance for their loved ones with autism spectrum disorder (ASD). The questions cover a range of topics, including therapy, behavior, and relationships, and there is no mention of any"}
