{"cache_time": 2.9624319076538086, "response_time": 1211.2528276443481, "answers": ["He is a guest in the home of the Mulvilles."], "response": "\"He had a grand income.\"</s>"}
{"cache_time": 1.628767967224121, "response_time": 1308.283714056015, "answers": ["Because she is in unrequited love with someone else"], "response": "because Ann is an \"operatic\" character who does not return Mary's feelings of affection because she is too focused on her own desires and ambitions.</s>"}
{"cache_time": 1.5262720584869385, "response_time": 1338.6854600906372, "answers": ["The Atlas Mountains"], "response": "in a cave on Atlas' mountain.</s>"}
{"cache_time": 1.5298559665679932, "response_time": 1343.4401223659515, "answers": ["To smuggle Socrates out of prison and into a life of exile."], "response": "Crito went to visit Socrates to persuade him to escape from prison.</s>"}
{"cache_time": 3.6481919288635254, "response_time": 1195.8644506931305, "answers": ["Otto was so young."], "response": "because Otto had promised to marry Henry's daughter when they were old enough.</s>"}
{"cache_time": 1.8901760578155518, "response_time": 1350.6262328624725, "answers": ["Six hours."], "response": "2 weeks.</s>"}
{"cache_time": 1.4985599517822266, "response_time": 1155.2161033153534, "answers": ["Lisa, the blacksmith's wife."], "response": "Death.</s>"}
{"cache_time": 1.611583948135376, "response_time": 1210.7418055534363, "answers": ["Dr. Janosz Poha"], "response": "Dana Barrett.</s>"}
{"cache_time": 1.2913919687271118, "response_time": 1188.9148423671722, "answers": ["She is an American."], "response": "American.\n\nBased on the story, Ruth Anvoy is described as \"an American\" when she is mentioned.</s>"}
{"cache_time": 1.3339840173721313, "response_time": 1186.1104757785797, "answers": ["The scribe."], "response": "\"the priests.\"</s>"}
{"cache_time": 1.3969919681549072, "response_time": 1353.5418891906738, "answers": ["Because he fought in the first world war."], "response": "Because he has a unique experience of living through a 573-year span, providing an advantage in understanding the long-term consequences of their actions.</s>"}
{"cache_time": 1.2482880353927612, "response_time": 1344.8111143112183, "answers": ["ones that are vague"], "response": "\"dim\" and \"ghostly.\"</s>"}
{"cache_time": 1.364575982093811, "response_time": 1209.4371984004974, "answers": ["50 years"], "response": "20 days.</s>"}
{"cache_time": 1.3141759634017944, "response_time": 1201.2249777317047, "answers": ["Their daughter, Virgine. "], "response": "Rubens, Rembrandt, Mieris, Metzu, Paul Potter, and Gerard Douw. Based on the story, the Vervelle couple believes that Pierre Grassou is the perfect match for these famous artists because he has painted pictures that are so good that they are mistaken for their original works.</s>"}
{"cache_time": 1.7004480361938477, "response_time": 1390.3313558101654, "answers": ["Grassou"], "response": "Pierre Grassou.</s>"}
{"cache_time": 1.6300159692764282, "response_time": 1192.8588252067566, "answers": ["The slime gets into Dana's apartment from the bathtub."], "response": "Through the buggy wheels.</s>"}
{"cache_time": 1.9164479970932007, "response_time": 1188.9258441925049, "answers": ["That a mule bone is very powerful and can be a weapon."], "response": "\"Justice for the Meth'dis'.\"</s>"}
{"cache_time": 1.7692159414291382, "response_time": 1401.3742415904999, "answers": ["Anthony Rogers has previous wartime and combatant experience."], "response": "Because he is the only person alive who has experience with both 20th-century technology and the unique perspective of having lived through both the 20th and 25th centuries.</s>"}
{"cache_time": 1.6275839805603027, "response_time": 1354.3424696922302, "answers": ["Her face is blurry"], "response": "\"a eerie smile.\"</s>"}
{"cache_time": 2.195359945297241, "response_time": 1351.7895231246948, "answers": ["Two"], "response": "3\n\nSocrates proposes the following three ethical arguments:\n\n1. The principle of not doing evil to others.\n2. The importance of keeping agreements and covenants.\n3. The value of justice and virtue over life and self-interest.</s>"}
{"cache_time": 1.6826879978179932, "response_time": 1343.749709367752, "answers": ["because of the division of proceeds from selling the family business."], "response": "due to a family quarrel over money.</s>"}
{"cache_time": 1.8527040481567383, "response_time": 1409.830579996109, "answers": ["2419."], "response": "2419 A.D.</s>"}
{"cache_time": 1.6781120300292969, "response_time": 1358.9372508525848, "answers": ["he murdered someone"], "response": "to escape the gangsters in Chicago.</s>"}
{"cache_time": 1.6344959735870361, "response_time": 1150.1771099567413, "answers": ["Your parents"], "response": "a \"miserable slave\" who runs away and turns their back on agreements and compacts.</s>"}
{"cache_time": 1.5516799688339233, "response_time": 1222.1490106582642, "answers": ["Lady Coxon is Ruth's aunt."], "response": "She is her prospective husband's mother.</s>"}
{"cache_time": 1.5728319883346558, "response_time": 1182.9830331802368, "answers": ["Reiko is a reporter."], "response": "a high school student.</s>"}
{"cache_time": 1.727679967880249, "response_time": 1213.557992696762, "answers": ["Because it violates his belief in the  laws of society."], "response": "\u201cbecause breaking the laws would be returning evil for evil and injury for injury, wronging himself, his friends, his country, and the laws.\u201d</s>"}
{"cache_time": 1.6256959438323975, "response_time": 1210.2811751365662, "answers": ["he is shot"], "response": "by Alabama Whitman with a sawed-off shotgun.</s>"}
{"cache_time": 1.374176025390625, "response_time": 1342.274373292923, "answers": ["She declined to read it."], "response": "She burned it unread.</s>"}
{"cache_time": 1.5803200006484985, "response_time": 1346.8303923606873, "answers": ["Twisted in fear"], "response": "\"dreamily\".</s>"}
{"cache_time": 1.6836479902267456, "response_time": 1358.6798055171967, "answers": ["Beerbohm wrote a fictional story about Soames."], "response": "Because Beerbohm cut him deliberately.</s>"}
{"cache_time": 1.6076159477233887, "response_time": 1196.3258719444275, "answers": ["Seven days"], "response": "1 week.</s>"}
{"cache_time": 1.5716160535812378, "response_time": 1352.2948701381683, "answers": ["all but Jof and the Juggler"], "response": "MIA. According to JOF's vision, MIA does not see Death at the end, while the others do.</s>"}
{"cache_time": 1.777184009552002, "response_time": 1187.124098777771, "answers": ["she was obsessed with novels."], "response": "by attending polite circles and reading novels.</s>"}
{"cache_time": 1.2664639949798584, "response_time": 1178.921924829483, "answers": ["HER BEAUTY"], "response": "her smile.</s>"}
{"cache_time": 1.407904028892517, "response_time": 1372.8301365375519, "answers": ["Her husband abused her"], "response": "Falder was worried about Ruth because she was a woman who had been pretending to be a man in order to obtain employment with a forged reference.</s>"}
{"cache_time": 1.2277439832687378, "response_time": 1347.883430480957, "answers": ["He is killed by police."], "response": "unknown. No information is provided in the story about Bill's death.</s>"}
{"cache_time": 1.2878400087356567, "response_time": 1151.670952796936, "answers": ["For Holmes' health."], "response": "For a change of scene and air.</s>"}
{"cache_time": 1.3936959505081177, "response_time": 1188.1675815582275, "answers": ["Vigo"], "response": "\"Slimer.\"</s>"}
{"cache_time": 1.2655999660491943, "response_time": 1190.8584723472595, "answers": ["Nature and books"], "response": "Mary is initially educated with the expectation of a large fortune.</s>"}
{"cache_time": 1.3149440288543701, "response_time": 1402.9507517814636, "answers": ["museum"], "response": "In the baby buggy.</s>"}
{"cache_time": 1.553279995918274, "response_time": 1191.4964830875397, "answers": ["Sadako Yamamura made the tape psionically."], "response": "Masami.</s>"}
{"cache_time": 1.201375961303711, "response_time": 1342.4408259391785, "answers": ["In Socrates Cell?"], "response": "Athens, Greece.</s>"}
{"cache_time": 1.7832319736480713, "response_time": 1381.9456527233124, "answers": ["She committed suicide."], "response": "She was found dead in her house with a television set on, and a video cassette inserted, but there was no sign of forced entry or struggle.</s>"}
{"cache_time": 1.3304640054702759, "response_time": 1348.6364974975586, "answers": ["because he's a lawyer"], "response": "because Seth Lazurus was accused of murdering his own daughter, Kathy.</s>"}
{"cache_time": 1.7111999988555908, "response_time": 1348.5926043987274, "answers": ["always wore a grey waterproof cape and a soft black hat"], "response": "He wore \"spectacles that flashed more than any other pair ever seen.\"</s>"}
{"cache_time": 1.7182079553604126, "response_time": 1339.7710089683533, "answers": ["Baron Frederick"], "response": "Baron Conrad killed Drachen.</s>"}
{"cache_time": 1.7312320470809937, "response_time": 1208.6592009067535, "answers": ["She educates herself using books and the natural world."], "response": "By Negative Good-nature.</s>"}
{"cache_time": 1.6535999774932861, "response_time": 1197.311020374298, "answers": ["The Baptist's supported Dave. "], "response": "Baptist.</s>"}
{"cache_time": 1.5272639989852905, "response_time": 1186.8020958900452, "answers": ["Louis Leverett"], "response": "Miranda Hope.</s>"}
{"cache_time": 1.651968002319336, "response_time": 1349.4356708526611, "answers": ["Be responsible,keep your word and be wise and peaceful."], "response": "Good vs. Evil, Justice, Cruelty, Kindness, and Wisdom.</s>"}
{"cache_time": 1.4985920190811157, "response_time": 1426.1714816093445, "answers": ["Tomoko reveals that they watched a video tape with several friends a week ago and received a strange call after watching it. Tomoko is killed while Masami watches."], "response": "Tomoko dies.</s>"}
{"cache_time": 1.2894079685211182, "response_time": 1351.729951620102, "answers": ["Their faces twisted in fear."], "response": "\"their faces became frozen in a twisted, terror-stricken expression\"</s>"}
{"cache_time": 1.5279680490493774, "response_time": 1342.0739259719849, "answers": ["The Sinsings"], "response": "The Sinsing Gang.</s>"}
{"cache_time": 1.3054720163345337, "response_time": 1190.768247127533, "answers": ["His girlfriend Abby and her sister Linda."], "response": "Abby.</s>"}
{"cache_time": 1.3291840553283691, "response_time": 1351.4831750392914, "answers": ["Take their clothes off"], "response": "They ignore it.</s>"}
{"cache_time": 1.3121919631958008, "response_time": 1202.696278810501, "answers": ["He does not work."], "response": "\"He drew the magnificent income.\"</s>"}
{"cache_time": 1.2613439559936523, "response_time": 1346.2819564342499, "answers": ["Falder"], "response": "Falder.</s>"}
{"cache_time": 1.3614399433135986, "response_time": 1341.7834601402283, "answers": ["Laura attends Harvard Medical school."], "response": "Galaxy Medical School.</s>"}
{"cache_time": 1.2985600233078003, "response_time": 1353.7649900913239, "answers": ["key to the city"], "response": "Bill.</s>"}
{"cache_time": 2.6204159259796143, "response_time": 1342.9421072006226, "answers": ["Hermaphroditus."], "response": "\"beautiful, living spirits\"</s>"}
{"cache_time": 1.3088639974594116, "response_time": 1581.290174484253, "answers": ["In a closet."], "response": "In the garden, down a tarnished sundial.</s>"}
{"cache_time": 1.399999976158142, "response_time": 1197.3688158988953, "answers": ["His son Gabe"], "response": "ROD.</s>"}
{"cache_time": 1.262112021446228, "response_time": 1348.7134809494019, "answers": ["Eatonville"], "response": "They were from the town of Zulie.</s>"}
{"cache_time": 1.675104022026062, "response_time": 1183.6297821998596, "answers": ["The housekeeper"], "response": "Dr. Sterndale discovered the Tregennis siblings the morning after the tragedy.</s>"}
{"cache_time": 1.6591039896011353, "response_time": 1164.1240220069885, "answers": ["One of his fellow soldiers."], "response": "Nobody. Jacob died in the war, and his spirit was sent to a divine realm.</s>"}
{"cache_time": 1.7208319902420044, "response_time": 1504.527446269989, "answers": ["A lawyer"], "response": "Space Doctor.</s>"}
{"cache_time": 1.4013760089874268, "response_time": 1362.2462508678436, "answers": ["Keep it to buy a house "], "response": "Marry him.</s>"}
{"cache_time": 1.9610559940338135, "response_time": 1348.198834657669, "answers": ["Her mother."], "response": "Mrs. Abraham C. Mope, at Bangor, Maine.</s>"}
{"cache_time": 1.4901759624481201, "response_time": 1455.2752604484558, "answers": ["7 days"], "response": "7 days.</s>"}
{"cache_time": 1.2785279750823975, "response_time": 1151.9911391735077, "answers": ["Virginie."], "response": "Madame de Fougeres.</s>"}
{"cache_time": 1.264032006263733, "response_time": 1194.7245931625366, "answers": ["She made a copy of the tape and gives it to her husband to study."], "response": "Reiko makes a copy of the cursed videotape and shows it to someone else within a week, breaking the curse.</s>"}
{"cache_time": 1.2266240119934082, "response_time": 1201.5907101631165, "answers": ["A monk."], "response": "a man in black.</s>"}
{"cache_time": 1.2450239658355713, "response_time": 1338.9187035560608, "answers": ["Comply with the laws"], "response": "live according to the laws.</s>"}
{"cache_time": 1.3173120021820068, "response_time": 1185.0985102653503, "answers": ["He throws himself down the stairs"], "response": "He jumps out of a window.</s>"}
{"cache_time": 1.3342080116271973, "response_time": 1348.6485152244568, "answers": ["Making a copy and showing it to someone else"], "response": "making a copy of the tape and showing it to someone else within a week.</s>"}
{"cache_time": 1.313472032546997, "response_time": 1199.3785405158997, "answers": ["Brenda."], "response": "Brenda.</s>"}
{"cache_time": 1.397536039352417, "response_time": 1346.483910560608, "answers": ["They stayed in the bedroom for a few days with the sounds of her lover trapped. "], "response": "They demolished the wall.</s>"}
{"cache_time": 1.346560001373291, "response_time": 1197.4951639175415, "answers": ["With her charity"], "response": "reading novels. Based on the story, before her brother's death, Mary spent most of her time outside of the home reading novels. This is indicated in the story when it states that she \"perused with eagerness the most delightful substitutes for bodily dissipation, novels.\"</s>"}
{"cache_time": 1.2715840339660645, "response_time": 1400.3433547019958, "answers": ["A security guard."], "response": "he is a bar owner.\n\n(Based on the line: \"CLARENCE WORLEY, a young hipster hepcat, is trying to pick up an older lady named LUCY. She isn't bothered by him, in fact, she's alittle charmed. But, you can tell, that she isn't going to leave her barstool.\")</s>"}
{"cache_time": 1.8029119968414307, "response_time": 1202.9763505458832, "answers": ["Radioactive gas"], "response": "radioactive gases.</s>"}
{"cache_time": 1.263808012008667, "response_time": 1351.717464208603, "answers": ["Izu Oshima Island"], "response": "Izu.</s>"}
{"cache_time": 1.2839360237121582, "response_time": 1344.1395180225372, "answers": ["A bag that contains cocaine"], "response": "The briefcase full of money.</s>"}
{"cache_time": 1.307360053062439, "response_time": 1344.7420856952667, "answers": ["100."], "response": "97 years into the future.</s>"}
{"cache_time": 1.4954880475997925, "response_time": 1183.2693951129913, "answers": ["Holmes accidentally kicks over a water pot"], "response": "\"through the window.\"</s>"}
{"cache_time": 1.287168025970459, "response_time": 1186.5264873504639, "answers": ["He would turn into an outlaw."], "response": "A miserable enemy of the laws.</s>"}
{"cache_time": 1.1734720468521118, "response_time": 1338.8056857585907, "answers": ["Frome"], "response": "James How.</s>"}
{"cache_time": 1.2547839879989624, "response_time": 1217.9663519859314, "answers": ["Dana"], "response": "Dana Barrett.</s>"}
{"cache_time": 1.2045120000839233, "response_time": 1182.1762027740479, "answers": ["the his works are not recognized"], "response": "Being ignored.</s>"}
{"cache_time": 1.3016959428787231, "response_time": 1208.1953439712524, "answers": ["Eliza"], "response": "Eliza.</s>"}
{"cache_time": 1.306399941444397, "response_time": 1356.6430492401123, "answers": ["The Hans"], "response": "Sinsings.</s>"}
{"cache_time": 1.2833280563354492, "response_time": 1159.167611837387, "answers": ["At a Detroit theater. "], "response": "in a bar downtown Detroit.</s>"}
{"cache_time": 1.2856639623641968, "response_time": 1186.362640619278, "answers": ["It's her son"], "response": "Oscar is Dana's nine-month-old baby boy.</s>"}
{"cache_time": 1.3716479539871216, "response_time": 1344.9258189201355, "answers": ["It would have a negative effect"], "response": "\"Justice first, and life and children afterwards.\"</s>"}
{"cache_time": 1.3375359773635864, "response_time": 1210.290964603424, "answers": ["Opened the closet"], "response": "\"if he told anyone about the secret she had shared with Gorenflot.\"</s>"}
{"cache_time": 1.2594879865646362, "response_time": 1346.924384355545, "answers": ["Seth Lazarus"], "response": "Doctor Nordenfeld.</s>"}
{"cache_time": 1.5321279764175415, "response_time": 1197.9524443149567, "answers": ["A grand master."], "response": "As a Rubens, Rembrandt, Mieris, Metzu, Paul Potter, and Gerard Douw.</s>"}
{"cache_time": 1.246559977531433, "response_time": 1339.2023248672485, "answers": ["He doesn't feel he is a true artist."], "response": "His paintings being laughed at by artists and having no recognition in the art world.</s>"}
{"cache_time": 1.2959680557250977, "response_time": 1191.3765873908997, "answers": ["A mobster named \"Blue Lou Boyle\". "], "response": "Elliot Blitzer.</s>"}
{"cache_time": 1.3360639810562134, "response_time": 1206.6303143501282, "answers": ["He failed to report"], "response": "To arrest him for obtaining employment with a forged reference.</s>"}
{"cache_time": 1.2818880081176758, "response_time": 1344.8829519748688, "answers": ["Ruth Honeywill"], "response": "Ruth Honeywill.</s>"}
{"cache_time": 1.2245440483093262, "response_time": 1180.4854867458344, "answers": ["Mexico."], "response": "Kilimanjaro</s>"}
{"cache_time": 1.2694720029830933, "response_time": 1228.882183790207, "answers": ["That she marry Charles"], "response": "For Mary to marry her husband.</s>"}
{"cache_time": 1.3021759986877441, "response_time": 1345.8225791454315, "answers": ["If Antonius has succeeded in his \"one meaningful deed.\""], "response": "\"Are you prepared?\"</s>"}
{"cache_time": 1.2916799783706665, "response_time": 1196.1124658584595, "answers": ["bennett landsmann"], "response": "Doctor Nordenfeld.</s>"}
{"cache_time": 1.4656319618225098, "response_time": 1339.7961025238037, "answers": ["accomplishments"], "response": "resignation.</s>"}
{"cache_time": 1.2109440565109253, "response_time": 1192.1423943042755, "answers": ["a priest"], "response": "Death is disguised as a man in black.</s>"}
{"cache_time": 1.2640960216522217, "response_time": 1187.115659236908, "answers": ["Because her mother requested it on her deathbed."], "response": "to escape her mother's grief.</s>"}
{"cache_time": 1.2611199617385864, "response_time": 1347.862250328064, "answers": ["the devil"], "response": "He blames his brother.</s>"}
{"cache_time": 1.277343988418579, "response_time": 1348.0236403942108, "answers": ["He treated him in Vietnam."], "response": "In a garden of light.</s>"}
{"cache_time": 1.49452805519104, "response_time": 1329.612639427185, "answers": ["American"], "response": "American.\n\nBased on the story, Ruth Anvoy is described as \"an American\" when Adelaide Mulville mentions her in conversation with the narrator. This is the only mention of Ruth's nationality in the story.</s>"}
{"cache_time": 1.241152048110962, "response_time": 1198.8948650360107, "answers": ["The Han gang."], "response": "Rogers destroyed the Sinsing Gang's airship.</s>"}
{"cache_time": 1.4494719505310059, "response_time": 1221.8097400665283, "answers": ["After her husband calls her"], "response": "When Asakawa discovers Ryuji's copy of the tape and realizes that making a copy and showing it to someone else is the key to breaking the curse, but it doesn't work as she expected.</s>"}
{"cache_time": 1.2391680479049683, "response_time": 1160.8386273384094, "answers": ["Ruth Anvoy"], "response": "Ruth Anvoy.</s>"}
{"cache_time": 1.2473920583724976, "response_time": 1188.2363188266754, "answers": ["They both return to Eatonville, Florida. "], "response": "To Joe Clark's store.</s>"}
{"cache_time": 1.1800320148468018, "response_time": 1210.3714163303375, "answers": ["Germany"], "response": "Middle Ages.</s>"}
{"cache_time": 1.274176001548767, "response_time": 1352.177080631256, "answers": ["has a heart attack"], "response": "He dies seven days later, just like the other people who watched the cursed video.</s>"}
{"cache_time": 1.2480640411376953, "response_time": 1165.9461047649384, "answers": ["James How & Son "], "response": "At the office of James and Walter How.</s>"}
{"cache_time": 1.290560007095337, "response_time": 1185.7914884090424, "answers": ["Lives with mulvilles "], "response": "\"reduced circumstances\"</s>"}
{"cache_time": 1.2153600454330444, "response_time": 1346.0655863285065, "answers": ["In the closet"], "response": "In the garden.</s>"}
{"cache_time": 1.2785600423812866, "response_time": 1349.7388920783997, "answers": ["He feels as the he is still not a real artist."], "response": "Grassou is still resentful because he feels that his art is not respected by his peers and that his name is a term of contempt in the studios.</s>"}
{"cache_time": 1.5937919616699219, "response_time": 1176.8650541305542, "answers": ["A videotape which is cursed and is rumored to bear a curse that kills the viewer in seven days after watching."], "response": "\"a strange video\"</s>"}
{"cache_time": 1.3437119722366333, "response_time": 1346.4803807735443, "answers": ["Alabama was a call girl."], "response": "\"bounty hunter\"</s>"}
{"cache_time": 1.2016639709472656, "response_time": 1192.8456082344055, "answers": ["The woman he dated and lived with after the war."], "response": "We don't know, as there is no character named Jezzie in the story.</s>"}
{"cache_time": 1.2293119430541992, "response_time": 1369.147263288498, "answers": ["Your memories and attachments."], "response": "His lies.</s>"}
{"cache_time": 1.3767039775848389, "response_time": 1189.7900350093842, "answers": ["The social contract."], "response": "The contract of agreement between Socrates and the laws of Athens.</s>"}
{"cache_time": 1.3967679738998413, "response_time": 1202.9714381694794, "answers": ["he calls Grassou a grand master"], "response": "\"As a Rubens, Rembrandt, Mieris, Metzu, Paul Potter, and Gerard Douw all in one.\"</s>"}
{"cache_time": 1.2599680423736572, "response_time": 1344.4236454963684, "answers": ["Elder Childers"], "response": "TONY TAYLOR.</s>"}
{"cache_time": 1.237280011177063, "response_time": 1156.077350139618, "answers": ["Jim was banished from his town for two years."], "response": "To be knocked into doll rags by Lige Mosely.</s>"}
{"cache_time": 1.3155200481414795, "response_time": 1150.3342077732086, "answers": ["Eliza favors her son over her daughter."], "response": "The one who is born after the marriage.</s>"}
{"cache_time": 1.4071040153503418, "response_time": 1340.9493947029114, "answers": ["His wise counsel and peaceful nature"], "response": "\"wise and gentle\".</s>"}
{"cache_time": 1.2394880056381226, "response_time": 1223.136877298355, "answers": ["Her son"], "response": "Mary.</s>"}
{"cache_time": 1.4530880451202393, "response_time": 1211.413167476654, "answers": ["Wyoming Valley"], "response": "Wyoming Valley, Pennsylvania</s>"}
{"cache_time": 1.253440022468567, "response_time": 1373.0265383720398, "answers": ["He thought he was a fictional character."], "response": "Not mentioned. There is no reference to T.K. Nupton's thoughts on Soames' existence in the story.</s>"}
{"cache_time": 1.3711040019989014, "response_time": 1369.542491197586, "answers": ["The matter of the division of the proceeds from selling the family business."], "response": "over a family quarrel about money.</s>"}
{"cache_time": 1.2836159467697144, "response_time": 1343.399302482605, "answers": ["Hawaii"], "response": "Altaira</s>"}
{"cache_time": 1.254304051399231, "response_time": 1344.9065425395966, "answers": ["Pierre Grassou."], "response": "Pierre Grassou.</s>"}
{"cache_time": 1.2469760179519653, "response_time": 1192.147889137268, "answers": ["That she was having an affair. "], "response": "Her husband discovered that she was in communication with a stranger, whom she had signaled to through a crack in the door.</s>"}
{"cache_time": 1.2953920364379883, "response_time": 1342.4811606407166, "answers": ["Frolic in brine, goblins be thine"], "response": "\"A copy must be made.\"</s>"}
{"cache_time": 1.3925119638442993, "response_time": 1200.5213978290558, "answers": ["The ruins of an abandoned manor. "], "response": "A mystery.</s>"}
{"cache_time": 1.3721280097961426, "response_time": 1202.139583826065, "answers": ["They broke off their engagement."], "response": "Gravener broke off his engagement to Anvoy.</s>"}
{"cache_time": 1.3337279558181763, "response_time": 1340.5522861480713, "answers": ["Violet Ray."], "response": "Miranda.</s>"}
{"cache_time": 1.2403520345687866, "response_time": 1187.6098771095276, "answers": ["Bill"], "response": "The preacher.</s>"}
{"cache_time": 1.238111972808838, "response_time": 1347.3378813266754, "answers": ["Masami and Tomoko"], "response": "Masami and Tomoko.</s>"}
{"cache_time": 1.2850559949874878, "response_time": 1343.511244058609, "answers": ["World War 1, or The Great War"], "response": "the Second War of Independence.</s>"}
{"cache_time": 1.3293440341949463, "response_time": 1345.988656282425, "answers": ["A number of his own forgeries."], "response": "His own paintings.</s>"}
{"cache_time": 1.2774399518966675, "response_time": 1351.509036540985, "answers": ["Paul's death."], "response": "DAWN.</s>"}
{"cache_time": 1.2137600183486938, "response_time": 1184.9124131202698, "answers": ["Citizens are bound to laws the same as children are bound to parents."], "response": "\"parents and the agreements they make with their children.\"</s>"}
{"cache_time": 1.2554559707641602, "response_time": 1355.0084841251373, "answers": ["A coffin."], "response": "The Witch threw the coffin into a ditch.</s>"}
{"cache_time": 1.3466559648513794, "response_time": 1245.9844200611115, "answers": ["2419"], "response": "2419 A.D.</s>"}
{"cache_time": 1.2297279834747314, "response_time": 1345.4175288677216, "answers": ["The nephew of Baron Frederick storms the castle and kidnaps Otto"], "response": "\"Otto of the Silver Hand.\"</s>"}
{"cache_time": 1.22816002368927, "response_time": 1201.4096171855927, "answers": ["Elliot accidentally reveals himself as an informant."], "response": "Clarence and Alabama have a conversation in a bar, discussing their mutual interest in Elvis Presley and their plans to go on a date to watch a Donny Chiba triple feature.</s>"}
{"cache_time": 1.3738240003585815, "response_time": 1189.4907915592194, "answers": ["Story did not mention"], "response": "Joe Clark's store.</s>"}
{"cache_time": 1.1707520484924316, "response_time": 1155.468853712082, "answers": ["Madame de Merret"], "response": "\"Monsieur de Merret.\"</s>"}
{"cache_time": 1.2860480546951294, "response_time": 1231.6611151695251, "answers": ["Keep the money."], "response": "Marry him.</s>"}
{"cache_time": 1.3996479511260986, "response_time": 1374.74014377594, "answers": ["By selling his soul to the devil."], "response": "\"through the annuity payments he was to receive.\"</s>"}
{"cache_time": 1.1816320419311523, "response_time": 1183.6497333049774, "answers": ["Apis"], "response": "Apis.</s>"}
{"cache_time": 1.3093440532684326, "response_time": 1185.393922328949, "answers": ["2"], "response": "None. The story does not mention anyone fainting after seeing Brenda's dead body.</s>"}
{"cache_time": 1.3909120559692383, "response_time": 1194.4750814437866, "answers": ["Alabama Whitman"], "response": "Alabama Whitman.</s>"}
{"cache_time": 1.1910400390625, "response_time": 1153.4740588665009, "answers": ["Bill"], "response": "BILL.</s>"}
{"cache_time": 1.4549440145492554, "response_time": 1174.8960206508636, "answers": ["The greats"], "response": "Magus.</s>"}
{"cache_time": 1.249184012413025, "response_time": 1474.8174073696136, "answers": ["Auld Lang Syne"], "response": "\"Auld Lang Syne\"</s>"}
{"cache_time": 1.26636803150177, "response_time": 1190.6688220500946, "answers": ["That artists laugh at and ridicule his work."], "response": "that artists laugh at his work.</s>"}
{"cache_time": 1.2200000286102295, "response_time": 1339.4052975177765, "answers": ["Charles"], "response": "Edward.</s>"}
{"cache_time": 1.2648639678955078, "response_time": 1190.6299967765808, "answers": ["Abandon manor"], "response": "A Mysterious and Abandoned House.</s>"}
{"cache_time": 1.3348480463027954, "response_time": 1190.6579382419586, "answers": ["Auld Lang Saye"], "response": "\"Auld Lang Syne\"</s>"}
{"cache_time": 1.2658239603042603, "response_time": 1196.6155519485474, "answers": ["Near the town Vendome"], "response": "In the countryside near Vendome, surrounded by a neglected garden and a ruined gate.</s>"}
{"cache_time": 1.228063941001892, "response_time": 1559.345175743103, "answers": ["For Daisy's affection. "], "response": "Over a woman.</s>"}
{"cache_time": 1.1682239770889282, "response_time": 1343.6424055099487, "answers": ["The US Army chemical weapons division."], "response": "Bruce Joel Rubin.</s>"}
{"cache_time": 1.2393280267715454, "response_time": 1188.1174376010895, "answers": ["Because she saw her husband's battle wounds"], "response": "Because she was frightened by the story of Otto of the Silver Hand.</s>"}
{"cache_time": 1.3509759902954102, "response_time": 1346.3575534820557, "answers": ["Strange dreams."], "response": "Strange dreams.</s>"}
{"cache_time": 1.2534079551696777, "response_time": 1146.8860733509064, "answers": ["In a mansion in Ville-d'Avray. "], "response": "\"in a carriage\".</s>"}
{"cache_time": 1.2260479927062988, "response_time": 1190.9653151035309, "answers": ["Baron Conrad killed his uncle, Baron Frederick."], "response": "because the Emperor Rudolph has given the castle and lands to Otto, the son of the late Baron Conrad, as penance for his father's death.</s>"}
{"cache_time": 1.2879680395126343, "response_time": 1349.6353743076324, "answers": ["he was killed by the police"], "response": "\"shot by Sam the Collector.\"</s>"}
{"cache_time": 1.2377279996871948, "response_time": 1348.966281414032, "answers": ["Elder Simms"], "response": "THE MAYOR.</s>"}
{"cache_time": 1.289952039718628, "response_time": 1185.6901006698608, "answers": ["It caused a stir."], "response": "Soames's presence in the future made others \"afraid.\"</s>"}
{"cache_time": 1.2240959405899048, "response_time": 1347.1575231552124, "answers": ["Abby"], "response": "Abby.</s>"}
{"cache_time": 1.2221120595932007, "response_time": 1467.0330972671509, "answers": ["Governor"], "response": "He wants to be a doorman.</s>"}
{"cache_time": 1.4397120475769043, "response_time": 1167.9152057170868, "answers": ["The English lanuage has evolved."], "response": "The future article is spelled phonetically, using Beerbohm's name as a base.</s>"}
{"cache_time": 1.211616039276123, "response_time": 1346.072467803955, "answers": ["It makes people crazy and homicidal"], "response": "It brings the dead back to life.</s>"}
{"cache_time": 1.1928000450134277, "response_time": 1184.5463383197784, "answers": ["The duo meet Henry on their travels to Lisbon."], "response": "Henry.</s>"}
{"cache_time": 1.1959680318832397, "response_time": 1343.789674282074, "answers": ["In the hotel."], "response": "In a parking lot.</s>"}
{"cache_time": 1.303712010383606, "response_time": 1355.0845363140106, "answers": ["They were never deployed and were discharged for psychological reasons."], "response": "They were all dead.</s>"}
{"cache_time": 1.2672640085220337, "response_time": 1350.179438829422, "answers": ["Break a piece of the door that she may look on her lover one last time"], "response": "she asks the mason to break a panel of the door at the bottom.</s>"}
{"cache_time": 1.216256022453308, "response_time": 1414.1764516830444, "answers": ["Witch lives in cave on Atlas Mountains"], "response": "In a cave on Atlas' mountain.</s>"}
{"cache_time": 1.2704319953918457, "response_time": 1358.9528939723969, "answers": ["The monastery where he grew up."], "response": "The White Cross on the Hill.</s>"}
{"cache_time": 1.26310396194458, "response_time": 1187.2857177257538, "answers": ["An outlaw"], "response": "A man who does evil.</s>"}
{"cache_time": 1.290719985961914, "response_time": 1186.8889627456665, "answers": ["The beauty of the women"], "response": "His mother.</s>"}
{"cache_time": 1.3577280044555664, "response_time": 1341.2781355381012, "answers": ["The fears and desires of mankind."], "response": "\"their deepest beauty\".</s>"}
{"cache_time": 1.2335679531097412, "response_time": 1251.907951116562, "answers": ["Bill worked in a steel mill."], "response": "A Chicago mill.</s>"}
{"cache_time": 1.3878719806671143, "response_time": 1350.2661135196686, "answers": ["the German professor"], "response": "Miranda.</s>"}
{"cache_time": 1.259552001953125, "response_time": 1343.5007042884827, "answers": ["Ninety pounds"], "response": "twenty-nine.</s>"}
{"cache_time": 1.4120320081710815, "response_time": 1183.6573629379272, "answers": ["Sherlock had wet the floor by overturning a water-filled pot."], "response": "she had been crying.</s>"}
{"cache_time": 1.2275840044021606, "response_time": 1346.2044863700867, "answers": ["He watches the video and dies of Cardiac arrest."], "response": "Ryuji dies.</s>"}
{"cache_time": 1.2792960405349731, "response_time": 1195.675018787384, "answers": ["outside town"], "response": "Eatonville.</s>"}
{"cache_time": 1.1497279405593872, "response_time": 1179.91117477417, "answers": ["Brenda Tregennis"], "response": "Mortimer Tregennis</s>"}
{"cache_time": 1.2221120595932007, "response_time": 1373.097472190857, "answers": ["The remains of afire in the fireplace."], "response": "\"the remains of powder upon the shield.\"</s>"}
{"cache_time": 1.2953280210494995, "response_time": 1370.6535675525665, "answers": ["Radioactive gas"], "response": "American Radioactive Gas Corporation.</s>"}
{"cache_time": 1.1841919422149658, "response_time": 1356.5138502120972, "answers": ["Everyone except for Jof"], "response": "The Child.</s>"}
{"cache_time": 1.33132803440094, "response_time": 1194.971121788025, "answers": ["She received a call from Ryuji during his last minutes alive."], "response": "When Asakawa realizes that the figure in Ryujis apartment is wearing Ryujis clothes and pointing towards her bag, indicating that the curse is still unbroken.</s>"}
